시도명,시군구명,행정동,예방접종_원값,예방접종_정규화,예방접종_가중치
서울특별시,종로구,청운효자동,81.43333333333332,0.0,0.0
서울특별시,종로구,사직동,81.43333333333332,0.0,0.0
서울특별시,종로구,삼청동,81.43333333333332,0.0,0.0
서울특별시,종로구,부암동,81.43333333333332,0.0,0.0
서울특별시,종로구,평창동,81.43333333333332,0.0,0.0
서울특별시,종로구,무악동,81.43333333333332,0.0,0.0
서울특별시,종로구,교남동,81.43333333333332,0.0,0.0
서울특별시,종로구,가회동,81.43333333333332,0.0,0.0
서울특별시,종로구,종로1.2.3.4가동,81.43333333333332,0.0,0.0
서울특별시,종로구,종로5.6가동,81.43333333333332,0.0,0.0
서울특별시,종로구,이화동,81.43333333333332,0.0,0.0
서울특별시,종로구,혜화동,81.43333333333332,0.0,0.0
서울특별시,종로구,창신1동,81.43333333333332,0.0,0.0
서울특별시,종로구,창신2동,81.43333333333332,0.0,0.0
서울특별시,종로구,창신3동,81.43333333333332,0.0,0.0
서울특별시,종로구,숭인1동,81.43333333333332,0.0,0.0
서울특별시,종로구,숭인2동,81.43333333333332,0.0,0.0
서울특별시,중구,소공동,89.63333333333333,0.6702997275204353,0.06468392370572201
서울특별시,중구,회현동,89.63333333333333,0.6702997275204353,0.06468392370572201
서울특별시,중구,명동,89.63333333333333,0.6702997275204353,0.06468392370572201
서울특별시,중구,필동,89.63333333333333,0.6702997275204353,0.06468392370572201
서울특별시,중구,장충동,89.63333333333333,0.6702997275204353,0.06468392370572201
서울특별시,중구,광희동,89.63333333333333,0.6702997275204353,0.06468392370572201
서울특별시,중구,을지로동,89.63333333333333,0.6702997275204353,0.06468392370572201
서울특별시,중구,신당동,89.63333333333333,0.6702997275204353,0.06468392370572201
서울특별시,중구,다산동,89.63333333333333,0.6702997275204353,0.06468392370572201
서울특별시,중구,약수동,89.63333333333333,0.6702997275204353,0.06468392370572201
서울특별시,중구,청구동,89.63333333333333,0.6702997275204353,0.06468392370572201
서울특별시,중구,신당5동,89.63333333333333,0.6702997275204353,0.06468392370572201
서울특별시,중구,동화동,89.63333333333333,0.6702997275204353,0.06468392370572201
서울특별시,중구,황학동,89.63333333333333,0.6702997275204353,0.06468392370572201
서울특별시,중구,중림동,89.63333333333333,0.6702997275204353,0.06468392370572201
서울특별시,용산구,후암동,85.3,0.3160762942779294,0.030501362397820187
서울특별시,용산구,용산2가동,85.3,0.3160762942779294,0.030501362397820187
서울특별시,용산구,남영동,85.3,0.3160762942779294,0.030501362397820187
서울특별시,용산구,청파동,85.3,0.3160762942779294,0.030501362397820187
서울특별시,용산구,원효로1동,85.3,0.3160762942779294,0.030501362397820187
서울특별시,용산구,원효로2동,85.3,0.3160762942779294,0.030501362397820187
서울특별시,용산구,효창동,85.3,0.3160762942779294,0.030501362397820187
서울특별시,용산구,용문동,85.3,0.3160762942779294,0.030501362397820187
서울특별시,용산구,한강로동,85.3,0.3160762942779294,0.030501362397820187
서울특별시,용산구,이촌1동,85.3,0.3160762942779294,0.030501362397820187
서울특별시,용산구,이촌2동,85.3,0.3160762942779294,0.030501362397820187
서울특별시,용산구,이태원1동,85.3,0.3160762942779294,0.030501362397820187
서울특별시,용산구,이태원2동,85.3,0.3160762942779294,0.030501362397820187
서울특별시,용산구,한남동,85.3,0.3160762942779294,0.030501362397820187
서울특별시,용산구,서빙고동,85.3,0.3160762942779294,0.030501362397820187
서울특별시,용산구,보광동,85.3,0.3160762942779294,0.030501362397820187
서울특별시,성동구,왕십리2동,91.96666666666664,0.861035422343323,0.08308991825613067
서울특별시,성동구,왕십리도선동,91.96666666666664,0.861035422343323,0.08308991825613067
서울특별시,성동구,마장동,91.96666666666664,0.861035422343323,0.08308991825613067
서울특별시,성동구,사근동,91.96666666666664,0.861035422343323,0.08308991825613067
서울특별시,성동구,행당1동,91.96666666666664,0.861035422343323,0.08308991825613067
서울특별시,성동구,행당2동,91.96666666666664,0.861035422343323,0.08308991825613067
서울특별시,성동구,응봉동,91.96666666666664,0.861035422343323,0.08308991825613067
서울특별시,성동구,금호1가동,91.96666666666664,0.861035422343323,0.08308991825613067
서울특별시,성동구,금호2.3가동,91.96666666666664,0.861035422343323,0.08308991825613067
서울특별시,성동구,금호4가동,91.96666666666664,0.861035422343323,0.08308991825613067
서울특별시,성동구,옥수동,91.96666666666664,0.861035422343323,0.08308991825613067
서울특별시,성동구,성수1가1동,91.96666666666664,0.861035422343323,0.08308991825613067
서울특별시,성동구,성수1가2동,91.96666666666664,0.861035422343323,0.08308991825613067
서울특별시,성동구,성수2가1동,91.96666666666664,0.861035422343323,0.08308991825613067
서울특별시,성동구,성수2가3동,91.96666666666664,0.861035422343323,0.08308991825613067
서울특별시,성동구,송정동,91.96666666666664,0.861035422343323,0.08308991825613067
서울특별시,성동구,용답동,91.96666666666664,0.861035422343323,0.08308991825613067
서울특별시,광진구,화양동,89.96666666666665,0.6975476839237047,0.0673133514986375
서울특별시,광진구,군자동,89.96666666666665,0.6975476839237047,0.0673133514986375
서울특별시,광진구,중곡1동,89.96666666666665,0.6975476839237047,0.0673133514986375
서울특별시,광진구,중곡2동,89.96666666666665,0.6975476839237047,0.0673133514986375
서울특별시,광진구,중곡3동,89.96666666666665,0.6975476839237047,0.0673133514986375
서울특별시,광진구,중곡4동,89.96666666666665,0.6975476839237047,0.0673133514986375
서울특별시,광진구,능동,89.96666666666665,0.6975476839237047,0.0673133514986375
서울특별시,광진구,광장동,89.96666666666665,0.6975476839237047,0.0673133514986375
서울특별시,광진구,자양1동,89.96666666666665,0.6975476839237047,0.0673133514986375
서울특별시,광진구,자양2동,89.96666666666665,0.6975476839237047,0.0673133514986375
서울특별시,광진구,자양3동,89.96666666666665,0.6975476839237047,0.0673133514986375
서울특별시,광진구,자양4동,89.96666666666665,0.6975476839237047,0.0673133514986375
서울특별시,광진구,구의1동,89.96666666666665,0.6975476839237047,0.0673133514986375
서울특별시,광진구,구의2동,89.96666666666665,0.6975476839237047,0.0673133514986375
서울특별시,광진구,구의3동,89.96666666666665,0.6975476839237047,0.0673133514986375
서울특별시,동대문구,신설동,93.4,0.9782016348773832,0.09439645776566748
서울특별시,동대문구,용두동,93.4,0.9782016348773832,0.09439645776566748
서울특별시,동대문구,제기동,93.4,0.9782016348773832,0.09439645776566748
서울특별시,동대문구,전농1동,93.4,0.9782016348773832,0.09439645776566748
서울특별시,동대문구,전농2동,93.4,0.9782016348773832,0.09439645776566748
서울특별시,동대문구,답십리1동,93.4,0.9782016348773832,0.09439645776566748
서울특별시,동대문구,답십리2동,93.4,0.9782016348773832,0.09439645776566748
서울특별시,동대문구,장안1동,93.4,0.9782016348773832,0.09439645776566748
서울특별시,동대문구,장안2동,93.4,0.9782016348773832,0.09439645776566748
서울특별시,동대문구,청량리동,93.4,0.9782016348773832,0.09439645776566748
서울특별시,동대문구,회기동,93.4,0.9782016348773832,0.09439645776566748
서울특별시,동대문구,휘경1동,93.4,0.9782016348773832,0.09439645776566748
서울특별시,동대문구,휘경2동,93.4,0.9782016348773832,0.09439645776566748
서울특별시,동대문구,이문1동,93.4,0.9782016348773832,0.09439645776566748
서울특별시,동대문구,이문2동,93.4,0.9782016348773832,0.09439645776566748
서울특별시,중랑구,면목2동,92.76666666666664,0.92643051771117,0.08940054495912791
서울특별시,중랑구,면목4동,92.76666666666664,0.92643051771117,0.08940054495912791
서울특별시,중랑구,면목5동,92.76666666666664,0.92643051771117,0.08940054495912791
서울특별시,중랑구,면목본동,92.76666666666664,0.92643051771117,0.08940054495912791
서울특별시,중랑구,면목7동,92.76666666666664,0.92643051771117,0.08940054495912791
서울특별시,중랑구,면목3.8동,92.76666666666664,0.92643051771117,0.08940054495912791
서울특별시,중랑구,상봉1동,92.76666666666664,0.92643051771117,0.08940054495912791
서울특별시,중랑구,상봉2동,92.76666666666664,0.92643051771117,0.08940054495912791
서울특별시,중랑구,중화1동,92.76666666666664,0.92643051771117,0.08940054495912791
서울특별시,중랑구,중화2동,92.76666666666664,0.92643051771117,0.08940054495912791
서울특별시,중랑구,묵1동,92.76666666666664,0.92643051771117,0.08940054495912791
서울특별시,중랑구,묵2동,92.76666666666664,0.92643051771117,0.08940054495912791
서울특별시,중랑구,망우본동,92.76666666666664,0.92643051771117,0.08940054495912791
서울특별시,중랑구,망우3동,92.76666666666664,0.92643051771117,0.08940054495912791
서울특별시,중랑구,신내1동,92.76666666666664,0.92643051771117,0.08940054495912791
서울특별시,중랑구,신내2동,92.76666666666664,0.92643051771117,0.08940054495912791
서울특별시,성북구,성북동,90.66666666666669,0.7547683923705725,0.07283514986376025
서울특별시,성북구,삼선동,90.66666666666669,0.7547683923705725,0.07283514986376025
서울특별시,성북구,동선동,90.66666666666669,0.7547683923705725,0.07283514986376025
서울특별시,성북구,돈암1동,90.66666666666669,0.7547683923705725,0.07283514986376025
서울특별시,성북구,돈암2동,90.66666666666669,0.7547683923705725,0.07283514986376025
서울특별시,성북구,안암동,90.66666666666669,0.7547683923705725,0.07283514986376025
서울특별시,성북구,보문동,90.66666666666669,0.7547683923705725,0.07283514986376025
서울특별시,성북구,정릉1동,90.66666666666669,0.7547683923705725,0.07283514986376025
서울특별시,성북구,정릉2동,90.66666666666669,0.7547683923705725,0.07283514986376025
서울특별시,성북구,정릉3동,90.66666666666669,0.7547683923705725,0.07283514986376025
서울특별시,성북구,정릉4동,90.66666666666669,0.7547683923705725,0.07283514986376025
서울특별시,성북구,길음1동,90.66666666666669,0.7547683923705725,0.07283514986376025
서울특별시,성북구,길음2동,90.66666666666669,0.7547683923705725,0.07283514986376025
서울특별시,성북구,종암동,90.66666666666669,0.7547683923705725,0.07283514986376025
서울특별시,성북구,월곡1동,90.66666666666669,0.7547683923705725,0.07283514986376025
서울특별시,성북구,월곡2동,90.66666666666669,0.7547683923705725,0.07283514986376025
서울특별시,성북구,장위1동,90.66666666666669,0.7547683923705725,0.07283514986376025
서울특별시,성북구,장위2동,90.66666666666669,0.7547683923705725,0.07283514986376025
서울특별시,성북구,장위3동,90.66666666666669,0.7547683923705725,0.07283514986376025
서울특별시,성북구,석관동,90.66666666666669,0.7547683923705725,0.07283514986376025
서울특별시,강북구,삼양동,88.13333333333333,0.5476839237057216,0.052851498637602135
서울특별시,강북구,미아동,88.13333333333333,0.5476839237057216,0.052851498637602135
서울특별시,강북구,송중동,88.13333333333333,0.5476839237057216,0.052851498637602135
서울특별시,강북구,송천동,88.13333333333333,0.5476839237057216,0.052851498637602135
서울특별시,강북구,삼각산동,88.13333333333333,0.5476839237057216,0.052851498637602135
서울특별시,강북구,번1동,88.13333333333333,0.5476839237057216,0.052851498637602135
서울특별시,강북구,번2동,88.13333333333333,0.5476839237057216,0.052851498637602135
서울특별시,강북구,번3동,88.13333333333333,0.5476839237057216,0.052851498637602135
서울특별시,강북구,수유1동,88.13333333333333,0.5476839237057216,0.052851498637602135
서울특별시,강북구,수유2동,88.13333333333333,0.5476839237057216,0.052851498637602135
서울특별시,강북구,수유3동,88.13333333333333,0.5476839237057216,0.052851498637602135
서울특별시,강북구,우이동,88.13333333333333,0.5476839237057216,0.052851498637602135
서울특별시,강북구,인수동,88.13333333333333,0.5476839237057216,0.052851498637602135
서울특별시,도봉구,창1동,89.59999999999998,0.6675749318801074,0.06442098092643037
서울특별시,도봉구,창2동,89.59999999999998,0.6675749318801074,0.06442098092643037
서울특별시,도봉구,창3동,89.59999999999998,0.6675749318801074,0.06442098092643037
서울특별시,도봉구,창4동,89.59999999999998,0.6675749318801074,0.06442098092643037
서울특별시,도봉구,창5동,89.59999999999998,0.6675749318801074,0.06442098092643037
서울특별시,도봉구,도봉1동,89.59999999999998,0.6675749318801074,0.06442098092643037
서울특별시,도봉구,도봉2동,89.59999999999998,0.6675749318801074,0.06442098092643037
서울특별시,도봉구,쌍문1동,89.59999999999998,0.6675749318801074,0.06442098092643037
서울특별시,도봉구,쌍문2동,89.59999999999998,0.6675749318801074,0.06442098092643037
서울특별시,도봉구,쌍문3동,89.59999999999998,0.6675749318801074,0.06442098092643037
서울특별시,도봉구,쌍문4동,89.59999999999998,0.6675749318801074,0.06442098092643037
서울특별시,도봉구,방학1동,89.59999999999998,0.6675749318801074,0.06442098092643037
서울특별시,도봉구,방학2동,89.59999999999998,0.6675749318801074,0.06442098092643037
서울특별시,도봉구,방학3동,89.59999999999998,0.6675749318801074,0.06442098092643037
서울특별시,노원구,월계1동,91.3,0.8065395095367843,0.07783106267029968
서울특별시,노원구,월계2동,91.3,0.8065395095367843,0.07783106267029968
서울특별시,노원구,월계3동,91.3,0.8065395095367843,0.07783106267029968
서울특별시,노원구,공릉1동,91.3,0.8065395095367843,0.07783106267029968
서울특별시,노원구,공릉2동,91.3,0.8065395095367843,0.07783106267029968
서울특별시,노원구,하계1동,91.3,0.8065395095367843,0.07783106267029968
서울특별시,노원구,하계2동,91.3,0.8065395095367843,0.07783106267029968
서울특별시,노원구,중계본동,91.3,0.8065395095367843,0.07783106267029968
서울특별시,노원구,중계1동,91.3,0.8065395095367843,0.07783106267029968
서울특별시,노원구,중계4동,91.3,0.8065395095367843,0.07783106267029968
서울특별시,노원구,중계2.3동,91.3,0.8065395095367843,0.07783106267029968
서울특별시,노원구,상계1동,91.3,0.8065395095367843,0.07783106267029968
서울특별시,노원구,상계2동,91.3,0.8065395095367843,0.07783106267029968
서울특별시,노원구,상계3.4동,91.3,0.8065395095367843,0.07783106267029968
서울특별시,노원구,상계5동,91.3,0.8065395095367843,0.07783106267029968
서울특별시,노원구,상계6.7동,91.3,0.8065395095367843,0.07783106267029968
서울특별시,노원구,상계8동,91.3,0.8065395095367843,0.07783106267029968
서울특별시,노원구,상계9동,91.3,0.8065395095367843,0.07783106267029968
서울특별시,노원구,상계10동,91.3,0.8065395095367843,0.07783106267029968
서울특별시,은평구,녹번동,90.53333333333336,0.7438692098092653,0.0717833787465941
서울특별시,은평구,불광1동,90.53333333333336,0.7438692098092653,0.0717833787465941
서울특별시,은평구,불광2동,90.53333333333336,0.7438692098092653,0.0717833787465941
서울특별시,은평구,갈현1동,90.53333333333336,0.7438692098092653,0.0717833787465941
서울특별시,은평구,갈현2동,90.53333333333336,0.7438692098092653,0.0717833787465941
서울특별시,은평구,구산동,90.53333333333336,0.7438692098092653,0.0717833787465941
서울특별시,은평구,대조동,90.53333333333336,0.7438692098092653,0.0717833787465941
서울특별시,은평구,응암1동,90.53333333333336,0.7438692098092653,0.0717833787465941
서울특별시,은평구,응암2동,90.53333333333336,0.7438692098092653,0.0717833787465941
서울특별시,은평구,응암3동,90.53333333333336,0.7438692098092653,0.0717833787465941
서울특별시,은평구,역촌동,90.53333333333336,0.7438692098092653,0.0717833787465941
서울특별시,은평구,신사1동,90.53333333333336,0.7438692098092653,0.0717833787465941
서울특별시,은평구,신사2동,90.53333333333336,0.7438692098092653,0.0717833787465941
서울특별시,은평구,증산동,90.53333333333336,0.7438692098092653,0.0717833787465941
서울특별시,은평구,수색동,90.53333333333336,0.7438692098092653,0.0717833787465941
서울특별시,은평구,진관동,90.53333333333336,0.7438692098092653,0.0717833787465941
서울특별시,서대문구,천연동,92.8,0.929155313351498,0.08966348773841956
서울특별시,서대문구,북아현동,92.8,0.929155313351498,0.08966348773841956
서울특별시,서대문구,충현동,92.8,0.929155313351498,0.08966348773841956
서울특별시,서대문구,신촌동,92.8,0.929155313351498,0.08966348773841956
서울특별시,서대문구,연희동,92.8,0.929155313351498,0.08966348773841956
서울특별시,서대문구,홍1동,92.8,0.929155313351498,0.08966348773841956
서울특별시,서대문구,홍3동,92.8,0.929155313351498,0.08966348773841956
서울특별시,서대문구,홍2동,92.8,0.929155313351498,0.08966348773841956
서울특별시,서대문구,홍은1동,92.8,0.929155313351498,0.08966348773841956
서울특별시,서대문구,홍은2동,92.8,0.929155313351498,0.08966348773841956
서울특별시,서대문구,남가좌1동,92.8,0.929155313351498,0.08966348773841956
서울특별시,서대문구,남가좌2동,92.8,0.929155313351498,0.08966348773841956
서울특별시,서대문구,북가좌1동,92.8,0.929155313351498,0.08966348773841956
서울특별시,서대문구,북가좌2동,92.8,0.929155313351498,0.08966348773841956
서울특별시,마포구,아현동,91.6,0.831062670299728,0.08019754768392376
서울특별시,마포구,공덕동,91.6,0.831062670299728,0.08019754768392376
서울특별시,마포구,도화동,91.6,0.831062670299728,0.08019754768392376
서울특별시,마포구,용강동,91.6,0.831062670299728,0.08019754768392376
서울특별시,마포구,대흥동,91.6,0.831062670299728,0.08019754768392376
서울특별시,마포구,염리동,91.6,0.831062670299728,0.08019754768392376
서울특별시,마포구,신수동,91.6,0.831062670299728,0.08019754768392376
서울특별시,마포구,서강동,91.6,0.831062670299728,0.08019754768392376
서울특별시,마포구,서교동,91.6,0.831062670299728,0.08019754768392376
서울특별시,마포구,합정동,91.6,0.831062670299728,0.08019754768392376
서울특별시,마포구,망원1동,91.6,0.831062670299728,0.08019754768392376
서울특별시,마포구,망원2동,91.6,0.831062670299728,0.08019754768392376
서울특별시,마포구,연남동,91.6,0.831062670299728,0.08019754768392376
서울특별시,마포구,성산1동,91.6,0.831062670299728,0.08019754768392376
서울특별시,마포구,성산2동,91.6,0.831062670299728,0.08019754768392376
서울특별시,마포구,상암동,91.6,0.831062670299728,0.08019754768392376
서울특별시,양천구,목1동,89.16666666666667,0.6321525885558588,0.061002724795640374
서울특별시,양천구,목2동,89.16666666666667,0.6321525885558588,0.061002724795640374
서울특별시,양천구,목3동,89.16666666666667,0.6321525885558588,0.061002724795640374
서울특별시,양천구,목4동,89.16666666666667,0.6321525885558588,0.061002724795640374
서울특별시,양천구,목5동,89.16666666666667,0.6321525885558588,0.061002724795640374
서울특별시,양천구,신월1동,89.16666666666667,0.6321525885558588,0.061002724795640374
서울특별시,양천구,신월2동,89.16666666666667,0.6321525885558588,0.061002724795640374
서울특별시,양천구,신월3동,89.16666666666667,0.6321525885558588,0.061002724795640374
서울특별시,양천구,신월4동,89.16666666666667,0.6321525885558588,0.061002724795640374
서울특별시,양천구,신월5동,89.16666666666667,0.6321525885558588,0.061002724795640374
서울특별시,양천구,신월6동,89.16666666666667,0.6321525885558588,0.061002724795640374
서울특별시,양천구,신월7동,89.16666666666667,0.6321525885558588,0.061002724795640374
서울특별시,양천구,신정1동,89.16666666666667,0.6321525885558588,0.061002724795640374
서울특별시,양천구,신정2동,89.16666666666667,0.6321525885558588,0.061002724795640374
서울특별시,양천구,신정3동,89.16666666666667,0.6321525885558588,0.061002724795640374
서울특별시,양천구,신정4동,89.16666666666667,0.6321525885558588,0.061002724795640374
서울특별시,양천구,신정6동,89.16666666666667,0.6321525885558588,0.061002724795640374
서울특별시,양천구,신정7동,89.16666666666667,0.6321525885558588,0.061002724795640374
서울특별시,강서구,염창동,90.9,0.7738419618528602,0.07467574931880101
서울특별시,강서구,등촌1동,90.9,0.7738419618528602,0.07467574931880101
서울특별시,강서구,등촌2동,90.9,0.7738419618528602,0.07467574931880101
서울특별시,강서구,등촌3동,90.9,0.7738419618528602,0.07467574931880101
서울특별시,강서구,화곡1동,90.9,0.7738419618528602,0.07467574931880101
서울특별시,강서구,화곡2동,90.9,0.7738419618528602,0.07467574931880101
서울특별시,강서구,화곡3동,90.9,0.7738419618528602,0.07467574931880101
서울특별시,강서구,화곡4동,90.9,0.7738419618528602,0.07467574931880101
서울특별시,강서구,화곡본동,90.9,0.7738419618528602,0.07467574931880101
서울특별시,강서구,화곡6동,90.9,0.7738419618528602,0.07467574931880101
서울특별시,강서구,화곡8동,90.9,0.7738419618528602,0.07467574931880101
서울특별시,강서구,가양1동,90.9,0.7738419618528602,0.07467574931880101
서울특별시,강서구,가양2동,90.9,0.7738419618528602,0.07467574931880101
서울특별시,강서구,가양3동,90.9,0.7738419618528602,0.07467574931880101
서울특별시,강서구,발산1동,90.9,0.7738419618528602,0.07467574931880101
서울특별시,강서구,우장산동,90.9,0.7738419618528602,0.07467574931880101
서울특별시,강서구,공항동,90.9,0.7738419618528602,0.07467574931880101
서울특별시,강서구,방화1동,90.9,0.7738419618528602,0.07467574931880101
서울특별시,강서구,방화2동,90.9,0.7738419618528602,0.07467574931880101
서울특별시,강서구,방화3동,90.9,0.7738419618528602,0.07467574931880101
서울특별시,구로구,신도림동,92.43333333333332,0.8991825613079008,0.08677111716621243
서울특별시,구로구,구로1동,92.43333333333332,0.8991825613079008,0.08677111716621243
서울특별시,구로구,구로2동,92.43333333333332,0.8991825613079008,0.08677111716621243
서울특별시,구로구,구로3동,92.43333333333332,0.8991825613079008,0.08677111716621243
서울특별시,구로구,구로4동,92.43333333333332,0.8991825613079008,0.08677111716621243
서울특별시,구로구,구로5동,92.43333333333332,0.8991825613079008,0.08677111716621243
서울특별시,구로구,가리봉동,92.43333333333332,0.8991825613079008,0.08677111716621243
서울특별시,구로구,고척1동,92.43333333333332,0.8991825613079008,0.08677111716621243
서울특별시,구로구,고척2동,92.43333333333332,0.8991825613079008,0.08677111716621243
서울특별시,구로구,개봉1동,92.43333333333332,0.8991825613079008,0.08677111716621243
서울특별시,구로구,개봉2동,92.43333333333332,0.8991825613079008,0.08677111716621243
서울특별시,구로구,개봉3동,92.43333333333332,0.8991825613079008,0.08677111716621243
서울특별시,구로구,오류1동,92.43333333333332,0.8991825613079008,0.08677111716621243
서울특별시,구로구,오류2동,92.43333333333332,0.8991825613079008,0.08677111716621243
서울특별시,구로구,수궁동,92.43333333333332,0.8991825613079008,0.08677111716621243
서울특별시,구로구,항동,92.43333333333332,0.8991825613079008,0.08677111716621243
서울특별시,금천구,가산동,91.96666666666664,0.861035422343323,0.08308991825613067
서울특별시,금천구,독산1동,91.96666666666664,0.861035422343323,0.08308991825613067
서울특별시,금천구,독산2동,91.96666666666664,0.861035422343323,0.08308991825613067
서울특별시,금천구,독산3동,91.96666666666664,0.861035422343323,0.08308991825613067
서울특별시,금천구,독산4동,91.96666666666664,0.861035422343323,0.08308991825613067
서울특별시,금천구,시흥1동,91.96666666666664,0.861035422343323,0.08308991825613067
서울특별시,금천구,시흥2동,91.96666666666664,0.861035422343323,0.08308991825613067
서울특별시,금천구,시흥3동,91.96666666666664,0.861035422343323,0.08308991825613067
서울특별시,금천구,시흥4동,91.96666666666664,0.861035422343323,0.08308991825613067
서울특별시,금천구,시흥5동,91.96666666666664,0.861035422343323,0.08308991825613067
서울특별시,영등포구,영등포본동,91.5,0.8228882833787464,0.07940871934604903
서울특별시,영등포구,영등포동,91.5,0.8228882833787464,0.07940871934604903
서울특별시,영등포구,여의동,91.5,0.8228882833787464,0.07940871934604903
서울특별시,영등포구,당산1동,91.5,0.8228882833787464,0.07940871934604903
서울특별시,영등포구,당산2동,91.5,0.8228882833787464,0.07940871934604903
서울특별시,영등포구,도림동,91.5,0.8228882833787464,0.07940871934604903
서울특별시,영등포구,문래동,91.5,0.8228882833787464,0.07940871934604903
서울특별시,영등포구,양평1동,91.5,0.8228882833787464,0.07940871934604903
서울특별시,영등포구,양평2동,91.5,0.8228882833787464,0.07940871934604903
서울특별시,영등포구,신길1동,91.5,0.8228882833787464,0.07940871934604903
서울특별시,영등포구,신길3동,91.5,0.8228882833787464,0.07940871934604903
서울특별시,영등포구,신길4동,91.5,0.8228882833787464,0.07940871934604903
서울특별시,영등포구,신길5동,91.5,0.8228882833787464,0.07940871934604903
서울특별시,영등포구,신길6동,91.5,0.8228882833787464,0.07940871934604903
서울특별시,영등포구,신길7동,91.5,0.8228882833787464,0.07940871934604903
서울특별시,영등포구,대림1동,91.5,0.8228882833787464,0.07940871934604903
서울특별시,영등포구,대림2동,91.5,0.8228882833787464,0.07940871934604903
서울특별시,영등포구,대림3동,91.5,0.8228882833787464,0.07940871934604903
서울특별시,동작구,노량진1동,89.83333333333333,0.6866485013623974,0.06626158038147135
서울특별시,동작구,노량진2동,89.83333333333333,0.6866485013623974,0.06626158038147135
서울특별시,동작구,상도1동,89.83333333333333,0.6866485013623974,0.06626158038147135
서울특별시,동작구,상도2동,89.83333333333333,0.6866485013623974,0.06626158038147135
서울특별시,동작구,상도3동,89.83333333333333,0.6866485013623974,0.06626158038147135
서울특별시,동작구,상도4동,89.83333333333333,0.6866485013623974,0.06626158038147135
서울특별시,동작구,흑석동,89.83333333333333,0.6866485013623974,0.06626158038147135
서울특별시,동작구,사당1동,89.83333333333333,0.6866485013623974,0.06626158038147135
서울특별시,동작구,사당2동,89.83333333333333,0.6866485013623974,0.06626158038147135
서울특별시,동작구,사당3동,89.83333333333333,0.6866485013623974,0.06626158038147135
서울특별시,동작구,사당4동,89.83333333333333,0.6866485013623974,0.06626158038147135
서울특별시,동작구,사당5동,89.83333333333333,0.6866485013623974,0.06626158038147135
서울특별시,동작구,대방동,89.83333333333333,0.6866485013623974,0.06626158038147135
서울특별시,동작구,신대방1동,89.83333333333333,0.6866485013623974,0.06626158038147135
서울특별시,동작구,신대방2동,89.83333333333333,0.6866485013623974,0.06626158038147135
서울특별시,관악구,보라매동,89.8,0.6839237057220706,0.06599863760217982
서울특별시,관악구,청림동,89.8,0.6839237057220706,0.06599863760217982
서울특별시,관악구,성현동,89.8,0.6839237057220706,0.06599863760217982
서울특별시,관악구,행운동,89.8,0.6839237057220706,0.06599863760217982
서울특별시,관악구,낙성대동,89.8,0.6839237057220706,0.06599863760217982
서울특별시,관악구,청룡동,89.8,0.6839237057220706,0.06599863760217982
서울특별시,관악구,은천동,89.8,0.6839237057220706,0.06599863760217982
서울특별시,관악구,중앙동,89.8,0.6839237057220706,0.06599863760217982
서울특별시,관악구,인헌동,89.8,0.6839237057220706,0.06599863760217982
서울특별시,관악구,남현동,89.8,0.6839237057220706,0.06599863760217982
서울특별시,관악구,서원동,89.8,0.6839237057220706,0.06599863760217982
서울특별시,관악구,신원동,89.8,0.6839237057220706,0.06599863760217982
서울특별시,관악구,서림동,89.8,0.6839237057220706,0.06599863760217982
서울특별시,관악구,신사동,89.8,0.6839237057220706,0.06599863760217982
서울특별시,관악구,신림동,89.8,0.6839237057220706,0.06599863760217982
서울특별시,관악구,난향동,89.8,0.6839237057220706,0.06599863760217982
서울특별시,관악구,조원동,89.8,0.6839237057220706,0.06599863760217982
서울특별시,관악구,대학동,89.8,0.6839237057220706,0.06599863760217982
서울특별시,관악구,삼성동,89.8,0.6839237057220706,0.06599863760217982
서울특별시,관악구,미성동,89.8,0.6839237057220706,0.06599863760217982
서울특별시,관악구,난곡동,89.8,0.6839237057220706,0.06599863760217982
서울특별시,서초구,서초1동,85.03333333333333,0.2942779291553137,0.028397820163487773
서울특별시,서초구,서초2동,85.03333333333333,0.2942779291553137,0.028397820163487773
서울특별시,서초구,서초3동,85.03333333333333,0.2942779291553137,0.028397820163487773
서울특별시,서초구,서초4동,85.03333333333333,0.2942779291553137,0.028397820163487773
서울특별시,서초구,잠원동,85.03333333333333,0.2942779291553137,0.028397820163487773
서울특별시,서초구,반포본동,85.03333333333333,0.2942779291553137,0.028397820163487773
서울특별시,서초구,반포1동,85.03333333333333,0.2942779291553137,0.028397820163487773
서울특별시,서초구,반포2동,85.03333333333333,0.2942779291553137,0.028397820163487773
서울특별시,서초구,반포3동,85.03333333333333,0.2942779291553137,0.028397820163487773
서울특별시,서초구,반포4동,85.03333333333333,0.2942779291553137,0.028397820163487773
서울특별시,서초구,방배본동,85.03333333333333,0.2942779291553137,0.028397820163487773
서울특별시,서초구,방배1동,85.03333333333333,0.2942779291553137,0.028397820163487773
서울특별시,서초구,방배2동,85.03333333333333,0.2942779291553137,0.028397820163487773
서울특별시,서초구,방배3동,85.03333333333333,0.2942779291553137,0.028397820163487773
서울특별시,서초구,방배4동,85.03333333333333,0.2942779291553137,0.028397820163487773
서울특별시,서초구,양재1동,85.03333333333333,0.2942779291553137,0.028397820163487773
서울특별시,서초구,양재2동,85.03333333333333,0.2942779291553137,0.028397820163487773
서울특별시,서초구,내곡동,85.03333333333333,0.2942779291553137,0.028397820163487773
서울특별시,강남구,신사동,85.93333333333334,0.3678474114441424,0.035497275204359746
서울특별시,강남구,논현1동,85.93333333333334,0.3678474114441424,0.035497275204359746
서울특별시,강남구,논현2동,85.93333333333334,0.3678474114441424,0.035497275204359746
서울특별시,강남구,압구정동,85.93333333333334,0.3678474114441424,0.035497275204359746
서울특별시,강남구,청담동,85.93333333333334,0.3678474114441424,0.035497275204359746
서울특별시,강남구,삼성1동,85.93333333333334,0.3678474114441424,0.035497275204359746
서울특별시,강남구,삼성2동,85.93333333333334,0.3678474114441424,0.035497275204359746
서울특별시,강남구,대치1동,85.93333333333334,0.3678474114441424,0.035497275204359746
서울특별시,강남구,대치2동,85.93333333333334,0.3678474114441424,0.035497275204359746
서울특별시,강남구,대치4동,85.93333333333334,0.3678474114441424,0.035497275204359746
서울특별시,강남구,역삼1동,85.93333333333334,0.3678474114441424,0.035497275204359746
서울특별시,강남구,역삼2동,85.93333333333334,0.3678474114441424,0.035497275204359746
서울특별시,강남구,도곡1동,85.93333333333334,0.3678474114441424,0.035497275204359746
서울특별시,강남구,도곡2동,85.93333333333334,0.3678474114441424,0.035497275204359746
서울특별시,강남구,개포1동,85.93333333333334,0.3678474114441424,0.035497275204359746
서울특별시,강남구,개포2동,85.93333333333334,0.3678474114441424,0.035497275204359746
서울특별시,강남구,개포3동,85.93333333333334,0.3678474114441424,0.035497275204359746
서울특별시,강남구,개포4동,85.93333333333334,0.3678474114441424,0.035497275204359746
서울특별시,강남구,세곡동,85.93333333333334,0.3678474114441424,0.035497275204359746
서울특별시,강남구,일원본동,85.93333333333334,0.3678474114441424,0.035497275204359746
서울특별시,강남구,일원1동,85.93333333333334,0.3678474114441424,0.035497275204359746
서울특별시,강남구,수서동,85.93333333333334,0.3678474114441424,0.035497275204359746
서울특별시,송파구,풍납1동,90.06666666666666,0.7057220708446863,0.06810217983651223
서울특별시,송파구,풍납2동,90.06666666666666,0.7057220708446863,0.06810217983651223
서울특별시,송파구,거여1동,90.06666666666666,0.7057220708446863,0.06810217983651223
서울특별시,송파구,거여2동,90.06666666666666,0.7057220708446863,0.06810217983651223
서울특별시,송파구,마천1동,90.06666666666666,0.7057220708446863,0.06810217983651223
서울특별시,송파구,마천2동,90.06666666666666,0.7057220708446863,0.06810217983651223
서울특별시,송파구,방이1동,90.06666666666666,0.7057220708446863,0.06810217983651223
서울특별시,송파구,방이2동,90.06666666666666,0.7057220708446863,0.06810217983651223
서울특별시,송파구,오륜동,90.06666666666666,0.7057220708446863,0.06810217983651223
서울특별시,송파구,오금동,90.06666666666666,0.7057220708446863,0.06810217983651223
서울특별시,송파구,송파1동,90.06666666666666,0.7057220708446863,0.06810217983651223
서울특별시,송파구,송파2동,90.06666666666666,0.7057220708446863,0.06810217983651223
서울특별시,송파구,석촌동,90.06666666666666,0.7057220708446863,0.06810217983651223
서울특별시,송파구,삼전동,90.06666666666666,0.7057220708446863,0.06810217983651223
서울특별시,송파구,가락본동,90.06666666666666,0.7057220708446863,0.06810217983651223
서울특별시,송파구,가락1동,90.06666666666666,0.7057220708446863,0.06810217983651223
서울특별시,송파구,가락2동,90.06666666666666,0.7057220708446863,0.06810217983651223
서울특별시,송파구,문정1동,90.06666666666666,0.7057220708446863,0.06810217983651223
서울특별시,송파구,문정2동,90.06666666666666,0.7057220708446863,0.06810217983651223
서울특별시,송파구,장지동,90.06666666666666,0.7057220708446863,0.06810217983651223
서울특별시,송파구,위례동,90.06666666666666,0.7057220708446863,0.06810217983651223
서울특별시,송파구,잠실본동,90.06666666666666,0.7057220708446863,0.06810217983651223
서울특별시,송파구,잠실2동,90.06666666666666,0.7057220708446863,0.06810217983651223
서울특별시,송파구,잠실3동,90.06666666666666,0.7057220708446863,0.06810217983651223
서울특별시,송파구,잠실4동,90.06666666666666,0.7057220708446863,0.06810217983651223
서울특별시,송파구,잠실6동,90.06666666666666,0.7057220708446863,0.06810217983651223
서울특별시,송파구,잠실7동,90.06666666666666,0.7057220708446863,0.06810217983651223
서울특별시,강동구,강일동,92.03333333333336,0.866485013623979,0.08361580381471398
서울특별시,강동구,상일1동,92.03333333333336,0.866485013623979,0.08361580381471398
서울특별시,강동구,상일2동,92.03333333333336,0.866485013623979,0.08361580381471398
서울특별시,강동구,명일1동,92.03333333333336,0.866485013623979,0.08361580381471398
서울특별시,강동구,명일2동,92.03333333333336,0.866485013623979,0.08361580381471398
서울특별시,강동구,고덕1동,92.03333333333336,0.866485013623979,0.08361580381471398
서울특별시,강동구,고덕2동,92.03333333333336,0.866485013623979,0.08361580381471398
서울특별시,강동구,암사1동,92.03333333333336,0.866485013623979,0.08361580381471398
서울특별시,강동구,암사2동,92.03333333333336,0.866485013623979,0.08361580381471398
서울특별시,강동구,암사3동,92.03333333333336,0.866485013623979,0.08361580381471398
서울특별시,강동구,천호1동,92.03333333333336,0.866485013623979,0.08361580381471398
서울특별시,강동구,천호2동,92.03333333333336,0.866485013623979,0.08361580381471398
서울특별시,강동구,천호3동,92.03333333333336,0.866485013623979,0.08361580381471398
서울특별시,강동구,성내1동,92.03333333333336,0.866485013623979,0.08361580381471398
서울특별시,강동구,성내2동,92.03333333333336,0.866485013623979,0.08361580381471398
서울특별시,강동구,성내3동,92.03333333333336,0.866485013623979,0.08361580381471398
서울특별시,강동구,길동,92.03333333333336,0.866485013623979,0.08361580381471398
서울특별시,강동구,둔촌1동,92.03333333333336,0.866485013623979,0.08361580381471398
서울특별시,강동구,둔촌2동,92.03333333333336,0.866485013623979,0.08361580381471398
인천광역시,중구,연안동,90.96666666666664,0.7792915531335138,0.07520163487738409
인천광역시,중구,신포동,90.96666666666664,0.7792915531335138,0.07520163487738409
인천광역시,중구,신흥동,90.96666666666664,0.7792915531335138,0.07520163487738409
인천광역시,중구,도원동,90.96666666666664,0.7792915531335138,0.07520163487738409
인천광역시,중구,율목동,90.96666666666664,0.7792915531335138,0.07520163487738409
인천광역시,중구,동인천동,90.96666666666664,0.7792915531335138,0.07520163487738409
인천광역시,중구,개항동,90.96666666666664,0.7792915531335138,0.07520163487738409
인천광역시,중구,영종동,90.96666666666664,0.7792915531335138,0.07520163487738409
인천광역시,중구,영종1동,90.96666666666664,0.7792915531335138,0.07520163487738409
인천광역시,중구,영종2동,90.96666666666664,0.7792915531335138,0.07520163487738409
인천광역시,중구,용유동,90.96666666666664,0.7792915531335138,0.07520163487738409
인천광역시,중구,운서1동,90.96666666666664,0.7792915531335138,0.07520163487738409
인천광역시,중구,운서2동,90.96666666666664,0.7792915531335138,0.07520163487738409
인천광역시,동구,만석동,92.6,0.9128065395095372,0.08808583106267034
인천광역시,동구,화수1.화평동,92.6,0.9128065395095372,0.08808583106267034
인천광역시,동구,화수2동,92.6,0.9128065395095372,0.08808583106267034
인천광역시,동구,송현1.2동,92.6,0.9128065395095372,0.08808583106267034
인천광역시,동구,송현3동,92.6,0.9128065395095372,0.08808583106267034
인천광역시,동구,송림1동,92.6,0.9128065395095372,0.08808583106267034
인천광역시,동구,송림2동,92.6,0.9128065395095372,0.08808583106267034
인천광역시,동구,송림3.5동,92.6,0.9128065395095372,0.08808583106267034
인천광역시,동구,송림4동,92.6,0.9128065395095372,0.08808583106267034
인천광역시,동구,송림6동,92.6,0.9128065395095372,0.08808583106267034
인천광역시,동구,금창동,92.6,0.9128065395095372,0.08808583106267034
인천광역시,미추홀구,숭의2동,92.3,0.8882833787465936,0.08571934604904628
인천광역시,미추홀구,숭의1.3동,92.3,0.8882833787465936,0.08571934604904628
인천광역시,미추홀구,숭의4동,92.3,0.8882833787465936,0.08571934604904628
인천광역시,미추홀구,용현1.4동,92.3,0.8882833787465936,0.08571934604904628
인천광역시,미추홀구,용현2동,92.3,0.8882833787465936,0.08571934604904628
인천광역시,미추홀구,용현3동,92.3,0.8882833787465936,0.08571934604904628
인천광역시,미추홀구,용현5동,92.3,0.8882833787465936,0.08571934604904628
인천광역시,미추홀구,학익1동,92.3,0.8882833787465936,0.08571934604904628
인천광역시,미추홀구,학익2동,92.3,0.8882833787465936,0.08571934604904628
인천광역시,미추홀구,도화1동,92.3,0.8882833787465936,0.08571934604904628
인천광역시,미추홀구,도화2.3동,92.3,0.8882833787465936,0.08571934604904628
인천광역시,미추홀구,주안1동,92.3,0.8882833787465936,0.08571934604904628
인천광역시,미추홀구,주안2동,92.3,0.8882833787465936,0.08571934604904628
인천광역시,미추홀구,주안3동,92.3,0.8882833787465936,0.08571934604904628
인천광역시,미추홀구,주안4동,92.3,0.8882833787465936,0.08571934604904628
인천광역시,미추홀구,주안5동,92.3,0.8882833787465936,0.08571934604904628
인천광역시,미추홀구,주안6동,92.3,0.8882833787465936,0.08571934604904628
인천광역시,미추홀구,주안7동,92.3,0.8882833787465936,0.08571934604904628
인천광역시,미추홀구,주안8동,92.3,0.8882833787465936,0.08571934604904628
인천광역시,미추홀구,관교동,92.3,0.8882833787465936,0.08571934604904628
인천광역시,미추홀구,문학동,92.3,0.8882833787465936,0.08571934604904628
인천광역시,연수구,옥련1동,93.26666666666668,0.967302452316076,0.09334468664850135
인천광역시,연수구,옥련2동,93.26666666666668,0.967302452316076,0.09334468664850135
인천광역시,연수구,선학동,93.26666666666668,0.967302452316076,0.09334468664850135
인천광역시,연수구,연수1동,93.26666666666668,0.967302452316076,0.09334468664850135
인천광역시,연수구,연수2동,93.26666666666668,0.967302452316076,0.09334468664850135
인천광역시,연수구,연수3동,93.26666666666668,0.967302452316076,0.09334468664850135
인천광역시,연수구,청학동,93.26666666666668,0.967302452316076,0.09334468664850135
인천광역시,연수구,동춘1동,93.26666666666668,0.967302452316076,0.09334468664850135
인천광역시,연수구,동춘2동,93.26666666666668,0.967302452316076,0.09334468664850135
인천광역시,연수구,동춘3동,93.26666666666668,0.967302452316076,0.09334468664850135
인천광역시,연수구,송도1동,93.26666666666668,0.967302452316076,0.09334468664850135
인천광역시,연수구,송도2동,93.26666666666668,0.967302452316076,0.09334468664850135
인천광역시,연수구,송도3동,93.26666666666668,0.967302452316076,0.09334468664850135
인천광역시,연수구,송도4동,93.26666666666668,0.967302452316076,0.09334468664850135
인천광역시,연수구,송도5동,93.26666666666668,0.967302452316076,0.09334468664850135
인천광역시,남동구,구월1동,91.2,0.798365122615804,0.07704223433242509
인천광역시,남동구,구월2동,91.2,0.798365122615804,0.07704223433242509
인천광역시,남동구,구월3동,91.2,0.798365122615804,0.07704223433242509
인천광역시,남동구,구월4동,91.2,0.798365122615804,0.07704223433242509
인천광역시,남동구,간석1동,91.2,0.798365122615804,0.07704223433242509
인천광역시,남동구,간석2동,91.2,0.798365122615804,0.07704223433242509
인천광역시,남동구,간석3동,91.2,0.798365122615804,0.07704223433242509
인천광역시,남동구,간석4동,91.2,0.798365122615804,0.07704223433242509
인천광역시,남동구,만수1동,91.2,0.798365122615804,0.07704223433242509
인천광역시,남동구,만수2동,91.2,0.798365122615804,0.07704223433242509
인천광역시,남동구,만수3동,91.2,0.798365122615804,0.07704223433242509
인천광역시,남동구,만수4동,91.2,0.798365122615804,0.07704223433242509
인천광역시,남동구,만수5동,91.2,0.798365122615804,0.07704223433242509
인천광역시,남동구,만수6동,91.2,0.798365122615804,0.07704223433242509
인천광역시,남동구,장수서창동,91.2,0.798365122615804,0.07704223433242509
인천광역시,남동구,서창2동,91.2,0.798365122615804,0.07704223433242509
인천광역시,남동구,남촌도림동,91.2,0.798365122615804,0.07704223433242509
인천광역시,남동구,논현1동,91.2,0.798365122615804,0.07704223433242509
인천광역시,남동구,논현2동,91.2,0.798365122615804,0.07704223433242509
인천광역시,남동구,논현고잔동,91.2,0.798365122615804,0.07704223433242509
인천광역시,부평구,부평1동,92.13333333333333,0.8746594005449583,0.08440463215258848
인천광역시,부평구,부평2동,92.13333333333333,0.8746594005449583,0.08440463215258848
인천광역시,부평구,부평3동,92.13333333333333,0.8746594005449583,0.08440463215258848
인천광역시,부평구,부평4동,92.13333333333333,0.8746594005449583,0.08440463215258848
인천광역시,부평구,부평5동,92.13333333333333,0.8746594005449583,0.08440463215258848
인천광역시,부평구,부평6동,92.13333333333333,0.8746594005449583,0.08440463215258848
인천광역시,부평구,산곡1동,92.13333333333333,0.8746594005449583,0.08440463215258848
인천광역시,부평구,산곡2동,92.13333333333333,0.8746594005449583,0.08440463215258848
인천광역시,부평구,산곡3동,92.13333333333333,0.8746594005449583,0.08440463215258848
인천광역시,부평구,산곡4동,92.13333333333333,0.8746594005449583,0.08440463215258848
인천광역시,부평구,청천1동,92.13333333333333,0.8746594005449583,0.08440463215258848
인천광역시,부평구,청천2동,92.13333333333333,0.8746594005449583,0.08440463215258848
인천광역시,부평구,갈산1동,92.13333333333333,0.8746594005449583,0.08440463215258848
인천광역시,부평구,갈산2동,92.13333333333333,0.8746594005449583,0.08440463215258848
인천광역시,부평구,삼산1동,92.13333333333333,0.8746594005449583,0.08440463215258848
인천광역시,부평구,삼산2동,92.13333333333333,0.8746594005449583,0.08440463215258848
인천광역시,부평구,부개1동,92.13333333333333,0.8746594005449583,0.08440463215258848
인천광역시,부평구,부개2동,92.13333333333333,0.8746594005449583,0.08440463215258848
인천광역시,부평구,부개3동,92.13333333333333,0.8746594005449583,0.08440463215258848
인천광역시,부평구,일신동,92.13333333333333,0.8746594005449583,0.08440463215258848
인천광역시,부평구,십정1동,92.13333333333333,0.8746594005449583,0.08440463215258848
인천광역시,부평구,십정2동,92.13333333333333,0.8746594005449583,0.08440463215258848
인천광역시,계양구,효성1동,90.46666666666664,0.7384196185286093,0.07125749318801079
인천광역시,계양구,효성2동,90.46666666666664,0.7384196185286093,0.07125749318801079
인천광역시,계양구,계산1동,90.46666666666664,0.7384196185286093,0.07125749318801079
인천광역시,계양구,계산2동,90.46666666666664,0.7384196185286093,0.07125749318801079
인천광역시,계양구,계산3동,90.46666666666664,0.7384196185286093,0.07125749318801079
인천광역시,계양구,계산4동,90.46666666666664,0.7384196185286093,0.07125749318801079
인천광역시,계양구,작전1동,90.46666666666664,0.7384196185286093,0.07125749318801079
인천광역시,계양구,작전2동,90.46666666666664,0.7384196185286093,0.07125749318801079
인천광역시,계양구,작전서운동,90.46666666666664,0.7384196185286093,0.07125749318801079
인천광역시,계양구,계양1동,90.46666666666664,0.7384196185286093,0.07125749318801079
인천광역시,계양구,계양2동,90.46666666666664,0.7384196185286093,0.07125749318801079
인천광역시,계양구,계양3동,90.46666666666664,0.7384196185286093,0.07125749318801079
인천광역시,서구,검암경서동,93.66666666666669,1.0,0.0965
인천광역시,서구,연희동,93.66666666666669,1.0,0.0965
인천광역시,서구,청라1동,93.66666666666669,1.0,0.0965
인천광역시,서구,청라2동,93.66666666666669,1.0,0.0965
인천광역시,서구,청라3동,93.66666666666669,1.0,0.0965
인천광역시,서구,가정1동,93.66666666666669,1.0,0.0965
인천광역시,서구,가정2동,93.66666666666669,1.0,0.0965
인천광역시,서구,가정3동,93.66666666666669,1.0,0.0965
인천광역시,서구,석남1동,93.66666666666669,1.0,0.0965
인천광역시,서구,석남2동,93.66666666666669,1.0,0.0965
인천광역시,서구,석남3동,93.66666666666669,1.0,0.0965
인천광역시,서구,신현원창동,93.66666666666669,1.0,0.0965
인천광역시,서구,가좌1동,93.66666666666669,1.0,0.0965
인천광역시,서구,가좌2동,93.66666666666669,1.0,0.0965
인천광역시,서구,가좌3동,93.66666666666669,1.0,0.0965
인천광역시,서구,가좌4동,93.66666666666669,1.0,0.0965
인천광역시,서구,검단동,93.66666666666669,1.0,0.0965
인천광역시,서구,불로대곡동,93.66666666666669,1.0,0.0965
인천광역시,서구,원당동,93.66666666666669,1.0,0.0965
인천광역시,서구,당하동,93.66666666666669,1.0,0.0965
인천광역시,서구,오류왕길동,93.66666666666669,1.0,0.0965
인천광역시,서구,마전동,93.66666666666669,1.0,0.0965
인천광역시,서구,아라1동,93.66666666666669,1.0,0.0965
인천광역시,서구,아라2동,93.66666666666669,1.0,0.0965
인천광역시,강화군,강화읍,85.73333333333333,0.3514986376021803,0.033919618528610404
인천광역시,강화군,선원면,85.73333333333333,0.3514986376021803,0.033919618528610404
인천광역시,강화군,불은면,85.73333333333333,0.3514986376021803,0.033919618528610404
인천광역시,강화군,길상면,85.73333333333333,0.3514986376021803,0.033919618528610404
인천광역시,강화군,화도면,85.73333333333333,0.3514986376021803,0.033919618528610404
인천광역시,강화군,양도면,85.73333333333333,0.3514986376021803,0.033919618528610404
인천광역시,강화군,내가면,85.73333333333333,0.3514986376021803,0.033919618528610404
인천광역시,강화군,하점면,85.73333333333333,0.3514986376021803,0.033919618528610404
인천광역시,강화군,양사면,85.73333333333333,0.3514986376021803,0.033919618528610404
인천광역시,강화군,송해면,85.73333333333333,0.3514986376021803,0.033919618528610404
인천광역시,강화군,교동면,85.73333333333333,0.3514986376021803,0.033919618528610404
인천광역시,강화군,삼산면,85.73333333333333,0.3514986376021803,0.033919618528610404
인천광역시,강화군,서도면,85.73333333333333,0.3514986376021803,0.033919618528610404
인천광역시,강화군,서도면볼음출장소,85.73333333333333,0.3514986376021803,0.033919618528610404
인천광역시,옹진군,북도면,91.33333333333331,0.8092643051771112,0.07809400544959123
인천광역시,옹진군,북도면장봉출장소,91.33333333333331,0.8092643051771112,0.07809400544959123
인천광역시,옹진군,백령면,91.33333333333331,0.8092643051771112,0.07809400544959123
인천광역시,옹진군,대청면,91.33333333333331,0.8092643051771112,0.07809400544959123
인천광역시,옹진군,대청면소청출장소,91.33333333333331,0.8092643051771112,0.07809400544959123
인천광역시,옹진군,덕적면,91.33333333333331,0.8092643051771112,0.07809400544959123
인천광역시,옹진군,영흥면,91.33333333333331,0.8092643051771112,0.07809400544959123
인천광역시,옹진군,자월면,91.33333333333331,0.8092643051771112,0.07809400544959123
인천광역시,옹진군,자월면이작출장소,91.33333333333331,0.8092643051771112,0.07809400544959123
인천광역시,옹진군,연평면,91.33333333333331,0.8092643051771112,0.07809400544959123
경기도,성남시,신흥1동,92.23333333333332,0.8828337874659399,0.0851934604904632
경기도,성남시,신흥2동,92.23333333333332,0.8828337874659399,0.0851934604904632
경기도,성남시,신흥3동,92.23333333333332,0.8828337874659399,0.0851934604904632
경기도,성남시,태평1동,92.23333333333332,0.8828337874659399,0.0851934604904632
경기도,성남시,태평2동,92.23333333333332,0.8828337874659399,0.0851934604904632
경기도,성남시,태평3동,92.23333333333332,0.8828337874659399,0.0851934604904632
경기도,성남시,태평4동,92.23333333333332,0.8828337874659399,0.0851934604904632
경기도,성남시,수진1동,92.23333333333332,0.8828337874659399,0.0851934604904632
경기도,성남시,수진2동,92.23333333333332,0.8828337874659399,0.0851934604904632
경기도,성남시,단대동,92.23333333333332,0.8828337874659399,0.0851934604904632
경기도,성남시,산성동,92.23333333333332,0.8828337874659399,0.0851934604904632
경기도,성남시,양지동,92.23333333333332,0.8828337874659399,0.0851934604904632
경기도,성남시,복정동,92.23333333333332,0.8828337874659399,0.0851934604904632
경기도,성남시,위례동,92.23333333333332,0.8828337874659399,0.0851934604904632
경기도,성남시,신촌동,92.23333333333332,0.8828337874659399,0.0851934604904632
경기도,성남시,고등동,92.23333333333332,0.8828337874659399,0.0851934604904632
경기도,성남시,시흥동,92.23333333333332,0.8828337874659399,0.0851934604904632
경기도,성남시,성남동,92.23333333333332,0.8828337874659399,0.0851934604904632
경기도,성남시,중앙동,92.23333333333332,0.8828337874659399,0.0851934604904632
경기도,성남시,금광1동,92.23333333333332,0.8828337874659399,0.0851934604904632
경기도,성남시,금광2동,92.23333333333332,0.8828337874659399,0.0851934604904632
경기도,성남시,은행1동,92.23333333333332,0.8828337874659399,0.0851934604904632
경기도,성남시,은행2동,92.23333333333332,0.8828337874659399,0.0851934604904632
경기도,성남시,상대원1동,92.23333333333332,0.8828337874659399,0.0851934604904632
경기도,성남시,상대원2동,92.23333333333332,0.8828337874659399,0.0851934604904632
경기도,성남시,상대원3동,92.23333333333332,0.8828337874659399,0.0851934604904632
경기도,성남시,하대원동,92.23333333333332,0.8828337874659399,0.0851934604904632
경기도,성남시,도촌동,92.23333333333332,0.8828337874659399,0.0851934604904632
경기도,성남시,분당동,92.23333333333332,0.8828337874659399,0.0851934604904632
경기도,성남시,수내1동,92.23333333333332,0.8828337874659399,0.0851934604904632
경기도,성남시,수내2동,92.23333333333332,0.8828337874659399,0.0851934604904632
경기도,성남시,수내3동,92.23333333333332,0.8828337874659399,0.0851934604904632
경기도,성남시,정자동,92.23333333333332,0.8828337874659399,0.0851934604904632
경기도,성남시,정자1동,92.23333333333332,0.8828337874659399,0.0851934604904632
경기도,성남시,정자2동,92.23333333333332,0.8828337874659399,0.0851934604904632
경기도,성남시,정자3동,92.23333333333332,0.8828337874659399,0.0851934604904632
경기도,성남시,서현1동,92.23333333333332,0.8828337874659399,0.0851934604904632
경기도,성남시,서현2동,92.23333333333332,0.8828337874659399,0.0851934604904632
경기도,성남시,이매1동,92.23333333333332,0.8828337874659399,0.0851934604904632
경기도,성남시,이매2동,92.23333333333332,0.8828337874659399,0.0851934604904632
경기도,성남시,야탑1동,92.23333333333332,0.8828337874659399,0.0851934604904632
경기도,성남시,야탑2동,92.23333333333332,0.8828337874659399,0.0851934604904632
경기도,성남시,야탑3동,92.23333333333332,0.8828337874659399,0.0851934604904632
경기도,성남시,판교동,92.23333333333332,0.8828337874659399,0.0851934604904632
경기도,성남시,삼평동,92.23333333333332,0.8828337874659399,0.0851934604904632
경기도,성남시,백현동,92.23333333333332,0.8828337874659399,0.0851934604904632
경기도,성남시,금곡동,92.23333333333332,0.8828337874659399,0.0851934604904632
경기도,성남시,구미1동,92.23333333333332,0.8828337874659399,0.0851934604904632
경기도,성남시,구미동,92.23333333333332,0.8828337874659399,0.0851934604904632
경기도,성남시,운중동,92.23333333333332,0.8828337874659399,0.0851934604904632
경기도,안양시,안양1동,93.14444444444445,0.9573115349682104,0.09238056312443231
경기도,안양시,안양2동,93.14444444444445,0.9573115349682104,0.09238056312443231
경기도,안양시,안양3동,93.14444444444445,0.9573115349682104,0.09238056312443231
경기도,안양시,안양4동,93.14444444444445,0.9573115349682104,0.09238056312443231
경기도,안양시,안양5동,93.14444444444445,0.9573115349682104,0.09238056312443231
경기도,안양시,안양6동,93.14444444444445,0.9573115349682104,0.09238056312443231
경기도,안양시,안양7동,93.14444444444445,0.9573115349682104,0.09238056312443231
경기도,안양시,안양8동,93.14444444444445,0.9573115349682104,0.09238056312443231
경기도,안양시,안양9동,93.14444444444445,0.9573115349682104,0.09238056312443231
경기도,안양시,석수1동,93.14444444444445,0.9573115349682104,0.09238056312443231
경기도,안양시,석수2동,93.14444444444445,0.9573115349682104,0.09238056312443231
경기도,안양시,충훈동,93.14444444444445,0.9573115349682104,0.09238056312443231
경기도,안양시,박달동,93.14444444444445,0.9573115349682104,0.09238056312443231
경기도,안양시,호현동,93.14444444444445,0.9573115349682104,0.09238056312443231
경기도,안양시,비산1동,93.14444444444445,0.9573115349682104,0.09238056312443231
경기도,안양시,비산2동,93.14444444444445,0.9573115349682104,0.09238056312443231
경기도,안양시,비산3동,93.14444444444445,0.9573115349682104,0.09238056312443231
경기도,안양시,부흥동,93.14444444444445,0.9573115349682104,0.09238056312443231
경기도,안양시,달안동,93.14444444444445,0.9573115349682104,0.09238056312443231
경기도,안양시,관양동,93.14444444444445,0.9573115349682104,0.09238056312443231
경기도,안양시,인덕원동,93.14444444444445,0.9573115349682104,0.09238056312443231
경기도,안양시,부림동,93.14444444444445,0.9573115349682104,0.09238056312443231
경기도,안양시,평촌동,93.14444444444445,0.9573115349682104,0.09238056312443231
경기도,안양시,평안동,93.14444444444445,0.9573115349682104,0.09238056312443231
경기도,안양시,귀인동,93.14444444444445,0.9573115349682104,0.09238056312443231
경기도,안양시,호계1동,93.14444444444445,0.9573115349682104,0.09238056312443231
경기도,안양시,호계2동,93.14444444444445,0.9573115349682104,0.09238056312443231
경기도,안양시,호계3동,93.14444444444445,0.9573115349682104,0.09238056312443231
경기도,안양시,범계동,93.14444444444445,0.9573115349682104,0.09238056312443231
경기도,안양시,신촌동,93.14444444444445,0.9573115349682104,0.09238056312443231
경기도,안양시,갈산동,93.14444444444445,0.9573115349682104,0.09238056312443231
경기도,부천시,심곡1동,91.60833333333332,0.8317438692098091,0.08026328337874658
경기도,부천시,심곡2동,91.60833333333332,0.8317438692098091,0.08026328337874658
경기도,부천시,심곡3동,91.60833333333332,0.8317438692098091,0.08026328337874658
경기도,부천시,원미1동,91.60833333333332,0.8317438692098091,0.08026328337874658
경기도,부천시,원미2동,91.60833333333332,0.8317438692098091,0.08026328337874658
경기도,부천시,소사동,91.60833333333332,0.8317438692098091,0.08026328337874658
경기도,부천시,역곡1동,91.60833333333332,0.8317438692098091,0.08026328337874658
경기도,부천시,역곡2동,91.60833333333332,0.8317438692098091,0.08026328337874658
경기도,부천시,춘의동,91.60833333333332,0.8317438692098091,0.08026328337874658
경기도,부천시,도당동,91.60833333333332,0.8317438692098091,0.08026328337874658
경기도,부천시,약대동,91.60833333333332,0.8317438692098091,0.08026328337874658
경기도,부천시,중동,91.60833333333332,0.8317438692098091,0.08026328337874658
경기도,부천시,중1동,91.60833333333332,0.8317438692098091,0.08026328337874658
경기도,부천시,중2동,91.60833333333332,0.8317438692098091,0.08026328337874658
경기도,부천시,중3동,91.60833333333332,0.8317438692098091,0.08026328337874658
경기도,부천시,중4동,91.60833333333332,0.8317438692098091,0.08026328337874658
경기도,부천시,상동,91.60833333333332,0.8317438692098091,0.08026328337874658
경기도,부천시,상1동,91.60833333333332,0.8317438692098091,0.08026328337874658
경기도,부천시,상2동,91.60833333333332,0.8317438692098091,0.08026328337874658
경기도,부천시,상3동,91.60833333333332,0.8317438692098091,0.08026328337874658
경기도,부천시,심곡본1동,91.60833333333332,0.8317438692098091,0.08026328337874658
경기도,부천시,심곡본동,91.60833333333332,0.8317438692098091,0.08026328337874658
경기도,부천시,소사본동,91.60833333333332,0.8317438692098091,0.08026328337874658
경기도,부천시,소사본1동,91.60833333333332,0.8317438692098091,0.08026328337874658
경기도,부천시,범박동,91.60833333333332,0.8317438692098091,0.08026328337874658
경기도,부천시,옥길동,91.60833333333332,0.8317438692098091,0.08026328337874658
경기도,부천시,괴안동,91.60833333333332,0.8317438692098091,0.08026328337874658
경기도,부천시,역곡3동,91.60833333333332,0.8317438692098091,0.08026328337874658
경기도,부천시,송내1동,91.60833333333332,0.8317438692098091,0.08026328337874658
경기도,부천시,송내2동,91.60833333333332,0.8317438692098091,0.08026328337874658
경기도,부천시,성곡동,91.60833333333332,0.8317438692098091,0.08026328337874658
경기도,부천시,원종1동,91.60833333333332,0.8317438692098091,0.08026328337874658
경기도,부천시,원종2동,91.60833333333332,0.8317438692098091,0.08026328337874658
경기도,부천시,고강본동,91.60833333333332,0.8317438692098091,0.08026328337874658
경기도,부천시,고강1동,91.60833333333332,0.8317438692098091,0.08026328337874658
경기도,부천시,오정동,91.60833333333332,0.8317438692098091,0.08026328337874658
경기도,부천시,신흥동,91.60833333333332,0.8317438692098091,0.08026328337874658
경기도,광명시,광명1동,92.43333333333332,0.8991825613079008,0.08677111716621243
경기도,광명시,광명2동,92.43333333333332,0.8991825613079008,0.08677111716621243
경기도,광명시,광명3동,92.43333333333332,0.8991825613079008,0.08677111716621243
경기도,광명시,광명4동,92.43333333333332,0.8991825613079008,0.08677111716621243
경기도,광명시,광명5동,92.43333333333332,0.8991825613079008,0.08677111716621243
경기도,광명시,광명6동,92.43333333333332,0.8991825613079008,0.08677111716621243
경기도,광명시,광명7동,92.43333333333332,0.8991825613079008,0.08677111716621243
경기도,광명시,철산1동,92.43333333333332,0.8991825613079008,0.08677111716621243
경기도,광명시,철산2동,92.43333333333332,0.8991825613079008,0.08677111716621243
경기도,광명시,철산3동,92.43333333333332,0.8991825613079008,0.08677111716621243
경기도,광명시,철산4동,92.43333333333332,0.8991825613079008,0.08677111716621243
경기도,광명시,하안1동,92.43333333333332,0.8991825613079008,0.08677111716621243
경기도,광명시,하안2동,92.43333333333332,0.8991825613079008,0.08677111716621243
경기도,광명시,하안3동,92.43333333333332,0.8991825613079008,0.08677111716621243
경기도,광명시,하안4동,92.43333333333332,0.8991825613079008,0.08677111716621243
경기도,광명시,소하1동,92.43333333333332,0.8991825613079008,0.08677111716621243
경기도,광명시,소하2동,92.43333333333332,0.8991825613079008,0.08677111716621243
경기도,광명시,일직동,92.43333333333332,0.8991825613079008,0.08677111716621243
경기도,광명시,학온동,92.43333333333332,0.8991825613079008,0.08677111716621243
경기도,고양시,주교동,90.6,0.7493188010899177,0.07230926430517706
경기도,고양시,원신동,90.6,0.7493188010899177,0.07230926430517706
경기도,고양시,흥도동,90.6,0.7493188010899177,0.07230926430517706
경기도,고양시,성사1동,90.6,0.7493188010899177,0.07230926430517706
경기도,고양시,성사2동,90.6,0.7493188010899177,0.07230926430517706
경기도,고양시,효자동,90.6,0.7493188010899177,0.07230926430517706
경기도,고양시,삼송1동,90.6,0.7493188010899177,0.07230926430517706
경기도,고양시,삼송2동,90.6,0.7493188010899177,0.07230926430517706
경기도,고양시,창릉동,90.6,0.7493188010899177,0.07230926430517706
경기도,고양시,고양동,90.6,0.7493188010899177,0.07230926430517706
경기도,고양시,관산동,90.6,0.7493188010899177,0.07230926430517706
경기도,고양시,능곡동,90.6,0.7493188010899177,0.07230926430517706
경기도,고양시,화정1동,90.6,0.7493188010899177,0.07230926430517706
경기도,고양시,화정2동,90.6,0.7493188010899177,0.07230926430517706
경기도,고양시,행주동,90.6,0.7493188010899177,0.07230926430517706
경기도,고양시,행신1동,90.6,0.7493188010899177,0.07230926430517706
경기도,고양시,행신2동,90.6,0.7493188010899177,0.07230926430517706
경기도,고양시,행신3동,90.6,0.7493188010899177,0.07230926430517706
경기도,고양시,행신4동,90.6,0.7493188010899177,0.07230926430517706
경기도,고양시,화전동,90.6,0.7493188010899177,0.07230926430517706
경기도,고양시,대덕동,90.6,0.7493188010899177,0.07230926430517706
경기도,고양시,식사동,90.6,0.7493188010899177,0.07230926430517706
경기도,고양시,중산1동,90.6,0.7493188010899177,0.07230926430517706
경기도,고양시,중산2동,90.6,0.7493188010899177,0.07230926430517706
경기도,고양시,정발산동,90.6,0.7493188010899177,0.07230926430517706
경기도,고양시,풍산동,90.6,0.7493188010899177,0.07230926430517706
경기도,고양시,백석1동,90.6,0.7493188010899177,0.07230926430517706
경기도,고양시,백석2동,90.6,0.7493188010899177,0.07230926430517706
경기도,고양시,마두1동,90.6,0.7493188010899177,0.07230926430517706
경기도,고양시,마두2동,90.6,0.7493188010899177,0.07230926430517706
경기도,고양시,장항1동,90.6,0.7493188010899177,0.07230926430517706
경기도,고양시,장항2동,90.6,0.7493188010899177,0.07230926430517706
경기도,고양시,고봉동,90.6,0.7493188010899177,0.07230926430517706
경기도,고양시,일산1동,90.6,0.7493188010899177,0.07230926430517706
경기도,고양시,일산2동,90.6,0.7493188010899177,0.07230926430517706
경기도,고양시,일산3동,90.6,0.7493188010899177,0.07230926430517706
경기도,고양시,탄현1동,90.6,0.7493188010899177,0.07230926430517706
경기도,고양시,탄현2동,90.6,0.7493188010899177,0.07230926430517706
경기도,고양시,주엽1동,90.6,0.7493188010899177,0.07230926430517706
경기도,고양시,주엽2동,90.6,0.7493188010899177,0.07230926430517706
경기도,고양시,대화동,90.6,0.7493188010899177,0.07230926430517706
경기도,고양시,송포동,90.6,0.7493188010899177,0.07230926430517706
경기도,고양시,덕이동,90.6,0.7493188010899177,0.07230926430517706
경기도,고양시,가좌동,90.6,0.7493188010899177,0.07230926430517706
경기도,구리시,갈매동,93.4,0.9782016348773832,0.09439645776566748
경기도,구리시,동구동,93.4,0.9782016348773832,0.09439645776566748
경기도,구리시,인창동,93.4,0.9782016348773832,0.09439645776566748
경기도,구리시,교문1동,93.4,0.9782016348773832,0.09439645776566748
경기도,구리시,교문2동,93.4,0.9782016348773832,0.09439645776566748
경기도,구리시,수택1동,93.4,0.9782016348773832,0.09439645776566748
경기도,구리시,수택2동,93.4,0.9782016348773832,0.09439645776566748
경기도,구리시,수택3동,93.4,0.9782016348773832,0.09439645776566748
경기도,남양주시,와부읍,92.7,0.9209809264305177,0.08887465940054495
경기도,남양주시,진접읍,92.7,0.9209809264305177,0.08887465940054495
경기도,남양주시,화도읍,92.7,0.9209809264305177,0.08887465940054495
경기도,남양주시,화도읍동부출장소,92.7,0.9209809264305177,0.08887465940054495
경기도,남양주시,화도읍남부출장소,92.7,0.9209809264305177,0.08887465940054495
경기도,남양주시,진건읍,92.7,0.9209809264305177,0.08887465940054495
경기도,남양주시,오남읍,92.7,0.9209809264305177,0.08887465940054495
경기도,남양주시,퇴계원읍,92.7,0.9209809264305177,0.08887465940054495
경기도,남양주시,별내면,92.7,0.9209809264305177,0.08887465940054495
경기도,남양주시,수동면,92.7,0.9209809264305177,0.08887465940054495
경기도,남양주시,조안면,92.7,0.9209809264305177,0.08887465940054495
경기도,남양주시,호평동,92.7,0.9209809264305177,0.08887465940054495
경기도,남양주시,평내동,92.7,0.9209809264305177,0.08887465940054495
경기도,남양주시,금곡동,92.7,0.9209809264305177,0.08887465940054495
경기도,남양주시,양정동,92.7,0.9209809264305177,0.08887465940054495
경기도,남양주시,다산1동,92.7,0.9209809264305177,0.08887465940054495
경기도,남양주시,다산2동,92.7,0.9209809264305177,0.08887465940054495
경기도,남양주시,별내동,92.7,0.9209809264305177,0.08887465940054495
경기도,하남시,천현동,93.46666666666664,0.9836512261580368,0.09492234332425055
경기도,하남시,신장1동,93.46666666666664,0.9836512261580368,0.09492234332425055
경기도,하남시,신장2동,93.46666666666664,0.9836512261580368,0.09492234332425055
경기도,하남시,덕풍1동,93.46666666666664,0.9836512261580368,0.09492234332425055
경기도,하남시,덕풍2동,93.46666666666664,0.9836512261580368,0.09492234332425055
경기도,하남시,덕풍3동,93.46666666666664,0.9836512261580368,0.09492234332425055
경기도,하남시,감북동,93.46666666666664,0.9836512261580368,0.09492234332425055
경기도,하남시,감일동,93.46666666666664,0.9836512261580368,0.09492234332425055
경기도,하남시,위례동,93.46666666666664,0.9836512261580368,0.09492234332425055
경기도,하남시,춘궁동,93.46666666666664,0.9836512261580368,0.09492234332425055
경기도,하남시,초이동,93.46666666666664,0.9836512261580368,0.09492234332425055
경기도,하남시,미사1동,93.46666666666664,0.9836512261580368,0.09492234332425055
경기도,하남시,미사2동,93.46666666666664,0.9836512261580368,0.09492234332425055
경기도,하남시,미사3동,93.46666666666664,0.9836512261580368,0.09492234332425055
경기도,용인시,포곡읍,91.74166666666667,0.8426430517711176,0.08131505449591285
경기도,용인시,모현읍,91.74166666666667,0.8426430517711176,0.08131505449591285
경기도,용인시,이동읍,91.74166666666667,0.8426430517711176,0.08131505449591285
경기도,용인시,남사읍,91.74166666666667,0.8426430517711176,0.08131505449591285
경기도,용인시,양지읍,91.74166666666667,0.8426430517711176,0.08131505449591285
경기도,용인시,원삼면,91.74166666666667,0.8426430517711176,0.08131505449591285
경기도,용인시,백암면,91.74166666666667,0.8426430517711176,0.08131505449591285
경기도,용인시,중앙동,91.74166666666667,0.8426430517711176,0.08131505449591285
경기도,용인시,역북동,91.74166666666667,0.8426430517711176,0.08131505449591285
경기도,용인시,삼가동,91.74166666666667,0.8426430517711176,0.08131505449591285
경기도,용인시,유림1동,91.74166666666667,0.8426430517711176,0.08131505449591285
경기도,용인시,유림2동,91.74166666666667,0.8426430517711176,0.08131505449591285
경기도,용인시,동부동,91.74166666666667,0.8426430517711176,0.08131505449591285
경기도,용인시,신갈동,91.74166666666667,0.8426430517711176,0.08131505449591285
경기도,용인시,영덕1동,91.74166666666667,0.8426430517711176,0.08131505449591285
경기도,용인시,영덕2동,91.74166666666667,0.8426430517711176,0.08131505449591285
경기도,용인시,구갈동,91.74166666666667,0.8426430517711176,0.08131505449591285
경기도,용인시,상갈동,91.74166666666667,0.8426430517711176,0.08131505449591285
경기도,용인시,보라동,91.74166666666667,0.8426430517711176,0.08131505449591285
경기도,용인시,기흥동,91.74166666666667,0.8426430517711176,0.08131505449591285
경기도,용인시,서농동,91.74166666666667,0.8426430517711176,0.08131505449591285
경기도,용인시,구성동,91.74166666666667,0.8426430517711176,0.08131505449591285
경기도,용인시,마북동,91.74166666666667,0.8426430517711176,0.08131505449591285
경기도,용인시,동백1동,91.74166666666667,0.8426430517711176,0.08131505449591285
경기도,용인시,동백2동,91.74166666666667,0.8426430517711176,0.08131505449591285
경기도,용인시,동백3동,91.74166666666667,0.8426430517711176,0.08131505449591285
경기도,용인시,상하동,91.74166666666667,0.8426430517711176,0.08131505449591285
경기도,용인시,보정동,91.74166666666667,0.8426430517711176,0.08131505449591285
경기도,용인시,풍덕천1동,91.74166666666667,0.8426430517711176,0.08131505449591285
경기도,용인시,풍덕천2동,91.74166666666667,0.8426430517711176,0.08131505449591285
경기도,용인시,신봉동,91.74166666666667,0.8426430517711176,0.08131505449591285
경기도,용인시,죽전1동,91.74166666666667,0.8426430517711176,0.08131505449591285
경기도,용인시,죽전2동,91.74166666666667,0.8426430517711176,0.08131505449591285
경기도,용인시,죽전3동,91.74166666666667,0.8426430517711176,0.08131505449591285
경기도,용인시,동천동,91.74166666666667,0.8426430517711176,0.08131505449591285
경기도,용인시,상현1동,91.74166666666667,0.8426430517711176,0.08131505449591285
경기도,용인시,상현2동,91.74166666666667,0.8426430517711176,0.08131505449591285
경기도,용인시,상현3동,91.74166666666667,0.8426430517711176,0.08131505449591285
경기도,용인시,성복동,91.74166666666667,0.8426430517711176,0.08131505449591285
경기도,김포시,통진읍,91.63333333333333,0.8337874659400537,0.08046049046321518
경기도,김포시,고촌읍,91.63333333333333,0.8337874659400537,0.08046049046321518
경기도,김포시,양촌읍,91.63333333333333,0.8337874659400537,0.08046049046321518
경기도,김포시,대곶면,91.63333333333333,0.8337874659400537,0.08046049046321518
경기도,김포시,월곶면,91.63333333333333,0.8337874659400537,0.08046049046321518
경기도,김포시,하성면,91.63333333333333,0.8337874659400537,0.08046049046321518
경기도,김포시,김포본동,91.63333333333333,0.8337874659400537,0.08046049046321518
경기도,김포시,장기본동,91.63333333333333,0.8337874659400537,0.08046049046321518
경기도,김포시,사우동,91.63333333333333,0.8337874659400537,0.08046049046321518
경기도,김포시,풍무동,91.63333333333333,0.8337874659400537,0.08046049046321518
경기도,김포시,장기동,91.63333333333333,0.8337874659400537,0.08046049046321518
경기도,김포시,구래동,91.63333333333333,0.8337874659400537,0.08046049046321518
경기도,김포시,마산동,91.63333333333333,0.8337874659400537,0.08046049046321518
경기도,김포시,운양동,91.63333333333333,0.8337874659400537,0.08046049046321518
