,시도명,시군구명,행정동,아동인구,의사수,아동대상의사_원값,아동대상의사_정규화,아동대상의사_가중치
0,서울특별시,종로구,청운효자동,1258,2.0,1.589825119236884,0.007446016381236,0.00094936708860759
1,서울특별시,종로구,사직동,858,2.0,2.331002331002331,0.0109173526895045,0.0013919624679118237
2,서울특별시,종로구,삼청동,181,0.0,0.0,0.0,0.0
3,서울특별시,종로구,부암동,881,0.0,0.0,0.0,0.0
4,서울특별시,종로구,평창동,2039,0.0,0.0,0.0,0.0
5,서울특별시,종로구,무악동,1143,1.0,0.8748906386701663,0.0040975890671893,0.0005224426060666357
6,서울특별시,종로구,교남동,1193,15.0,12.573344509639565,0.0588878160578055,0.007508196547370201
7,서울특별시,종로구,가회동,345,0.0,0.0,0.0,0.0
8,서울특별시,종로구,종로1.2.3.4가동,315,1.0,3.1746031746031744,0.01486839461523,0.001895720313441825
9,서울특별시,종로구,종로5.6가동,275,1.0,3.636363636363636,0.0170310701956271,0.0021714614499424552
10,서울특별시,종로구,이화동,370,79.0,213.51351351351352,1.0,0.1275
11,서울특별시,종로구,혜화동,1190,15.0,12.605042016806722,0.0590362727369428,0.007527124773960207
12,서울특별시,종로구,창신1동,202,0.0,0.0,0.0,0.0
13,서울특별시,종로구,창신2동,331,3.0,9.06344410876133,0.0424490420283758,0.005412252858617915
14,서울특별시,종로구,창신3동,508,0.0,0.0,0.0,0.0
15,서울특별시,종로구,숭인1동,398,2.0,5.025125628140704,0.023535398511545,0.0030007633102219875
16,서울특별시,종로구,숭인2동,426,0.0,0.0,0.0,0.0
17,서울특별시,중구,소공동,255,1.0,3.92156862745098,0.0183668404070488,0.002341772151898722
18,서울특별시,중구,회현동,282,1.0,3.5460992907801416,0.0166083131340335,0.0021175599245892712
19,서울특별시,중구,명동,110,0.0,0.0,0.0,0.0
20,서울특별시,중구,필동,253,0.0,0.0,0.0,0.0
21,서울특별시,중구,장충동,244,1.0,4.0983606557377055,0.0191948537040879,0.0024473438472712074
22,서울특별시,중구,광희동,230,2.0,8.695652173913043,0.0407264722069345,0.005192625206384149
23,서울특별시,중구,을지로동,196,0.0,0.0,0.0,0.0
24,서울특별시,중구,신당동,380,0.0,0.0,0.0,0.0
25,서울특별시,중구,다산동,851,0.0,0.0,0.0,0.0
26,서울특별시,중구,약수동,1329,2.0,1.5048908954100828,0.0070482231810345,0.0008986484555818988
27,서울특별시,중구,청구동,949,1.0,1.053740779768177,0.0049352416267623,0.0006292433074121933
28,서울특별시,중구,신당5동,751,0.0,0.0,0.0,0.0
29,서울특별시,중구,동화동,1039,2.0,1.9249278152069296,0.0090154847041337,0.0011494742997770467
30,서울특별시,중구,황학동,910,0.0,0.0,0.0,0.0
31,서울특별시,중구,중림동,1391,2.0,1.4378145219266716,0.0067340680140869,0.0008585936717960798
32,서울특별시,용산구,후암동,1376,5.0,3.633720930232558,0.0170186929643803,0.0021698833529584884
33,서울특별시,용산구,용산2가동,467,6.0,12.84796573875803,0.0601740167511452,0.007672187135771013
34,서울특별시,용산구,남영동,280,0.0,0.0,0.0,0.0
35,서울특별시,용산구,청파동,1032,5.0,4.844961240310077,0.0226915906191737,0.0028931778039446468
36,서울특별시,용산구,원효로1동,1719,2.0,1.1634671320535197,0.0054491498589848,0.000694766607020562
37,서울특별시,용산구,원효로2동,1375,1.0,0.7272727272727272,0.0034062140391254,0.0004342922899884885
38,서울특별시,용산구,효창동,1132,0.0,0.0,0.0,0.0
39,서울특별시,용산구,용문동,986,22.0,22.31237322515213,0.1045009885228644,0.013323876036665211
40,서울특별시,용산구,한강로동,1870,1.0,0.5347593582887701,0.0025045691464157,0.0003193325661680018
41,서울특별시,용산구,이촌1동,4116,3.0,0.7288629737609329,0.0034136620290069,0.0004352419086983798
42,서울특별시,용산구,이촌2동,720,0.0,0.0,0.0,0.0
43,서울특별시,용산구,이태원1동,357,0.0,0.0,0.0,0.0
44,서울특별시,용산구,이태원2동,606,1.0,1.6501650165016502,0.0077286209633621,0.0009853991728286677
45,서울특별시,용산구,한남동,1505,14.0,9.30232558139535,0.0435678539888136,0.005554901383573734
46,서울특별시,용산구,서빙고동,1659,0.0,0.0,0.0,0.0
47,서울특별시,용산구,보광동,381,1.0,2.6246719160104988,0.0122927672015681,0.0015673278181999328
48,서울특별시,성동구,왕십리2동,1694,0.0,0.0,0.0,0.0
49,서울특별시,성동구,왕십리도선동,3075,9.0,2.926829268292683,0.0137079345476999,0.0017477616548317375
50,서울특별시,성동구,마장동,1799,7.0,3.891050583657588,0.0182239077968773,0.002323548244101856
51,서울특별시,성동구,사근동,570,11.0,19.29824561403509,0.0903841883188985,0.011523984010659558
52,서울특별시,성동구,행당1동,1761,5.0,2.839295854628052,0.0132979679267389,0.0016954909106592097
53,서울특별시,성동구,행당2동,2822,4.0,1.417434443656981,0.0066386170145959,0.0008464236693609774
54,서울특별시,성동구,응봉동,1951,0.0,0.0,0.0,0.0
55,서울특별시,성동구,금호1가동,1739,2.0,1.1500862564692351,0.0053864799353622,0.0006867761917586805
56,서울특별시,성동구,금호2.3가동,2209,10.0,4.526935264825712,0.0212021018732343,0.002703267988837373
57,서울특별시,성동구,금호4가동,1776,0.0,0.0,0.0,0.0
58,서울특별시,성동구,옥수동,3493,39.0,11.165187517892928,0.052292650400258,0.006667312926032895
59,서울특별시,성동구,성수1가1동,1317,0.0,0.0,0.0,0.0
60,서울특별시,성동구,성수1가2동,1375,0.0,0.0,0.0,0.0
61,서울특별시,성동구,성수2가1동,947,17.0,17.951425554382258,0.0840762969002713,0.01071972785478459
62,서울특별시,성동구,성수2가3동,676,1.0,1.4792899408284024,0.0069283199760317,0.0008833607969440418
63,서울특별시,성동구,송정동,602,0.0,0.0,0.0,0.0
64,서울특별시,성동구,용답동,697,2.0,2.8694404591104736,0.0134391515173528,0.001713491818462482
65,서울특별시,광진구,화양동,566,9.0,15.901060070671376,0.0744733193183343,0.009495348213087623
66,서울특별시,광진구,군자동,1157,2.0,1.728608470181504,0.0080960143540146,0.0010322418301368615
67,서울특별시,광진구,중곡1동,917,1.0,1.0905125408942202,0.0051074637991248,0.0006512016343884119
68,서울특별시,광진구,중곡2동,1503,6.0,3.992015968063872,0.018696783647894,0.002383839915106485
69,서울특별시,광진구,중곡3동,1053,0.0,0.0,0.0,0.0
70,서울특별시,광진구,중곡4동,1941,2.0,1.0303967027305514,0.0048259086077253,0.0006153033474849758
71,서울특별시,광진구,능동,711,0.0,0.0,0.0,0.0
72,서울특별시,광진구,광장동,6424,2.0,0.311332503113325,0.0014581395715434,0.0001859127953717835
73,서울특별시,광진구,자양1동,1507,3.0,1.9907100199071004,0.0093235785742484,0.001188756268216671
74,서울특별시,광진구,자양2동,2960,1.0,0.3378378378378378,0.0015822784810126,0.00020174050632910652
75,서울특별시,광진구,자양3동,3471,10.0,2.881014116969173,0.013493357256691,0.0017204030502281024
76,서울특별시,광진구,자양4동,1257,0.0,0.0,0.0,0.0
77,서울특별시,광진구,구의1동,1564,4.0,2.557544757033248,0.0119783741785101,0.001527242707760038
78,서울특별시,광진구,구의2동,2561,2.0,0.7809449433814917,0.0036575902411538,0.00046634275574710955
79,서울특별시,광진구,구의3동,3274,36.0,10.995723885155773,0.051498959968451,0.006566117395977502
80,서울특별시,동대문구,신설동,1398,1.0,0.7153075822603719,0.0033501747523587,0.0004271472809257343
81,서울특별시,동대문구,용두동,1729,1.0,0.578368999421631,0.0027088168327342,0.0003453741461736105
82,서울특별시,동대문구,제기동,1449,0.0,0.0,0.0,0.0
83,서울특별시,동대문구,전농1동,3361,5.0,1.4876524843796488,0.0069674863192464,0.0008883545057039161
84,서울특별시,동대문구,전농2동,1937,10.0,5.162622612287041,0.0241793717284329,0.003082869895375195
85,서울특별시,동대문구,답십리1동,3508,10.0,2.8506271379703536,0.0133510384942915,0.0017022574080221662
86,서울특별시,동대문구,답십리2동,2695,9.0,3.339517625231911,0.0156407787510861,0.001994199290763478
87,서울특별시,동대문구,장안1동,3662,11.0,3.0038230475150187,0.0140685383238045,0.001793738636285074
88,서울특별시,동대문구,장안2동,4561,10.0,2.1925016443762333,0.0102686785875848,0.001309256519917062
89,서울특별시,동대문구,청량리동,1104,1.0,0.9057971014492754,0.004242340854889,0.0005408984589983475
90,서울특별시,동대문구,회기동,698,14.0,20.05730659025788,0.0939392840303217,0.011977258713866018
91,서울특별시,동대문구,휘경1동,1609,0.0,0.0,0.0,0.0
92,서울특별시,동대문구,휘경2동,2050,3.0,1.4634146341463414,0.0068539672738499,0.0008738808274158622
93,서울특별시,동대문구,이문1동,3399,8.0,2.353633421594586,0.0110233464049366,0.0014054766666294165
94,서울특별시,동대문구,이문2동,1884,2.0,1.0615711252653928,0.0049719153968125,0.0006339192130935937
95,서울특별시,중랑구,면목2동,1788,2.0,1.1185682326621924,0.0052388638744938,0.0006679551439979595
96,서울특별시,중랑구,면목4동,1490,0.0,0.0,0.0,0.0
97,서울특별시,중랑구,면목5동,1748,1.0,0.5720823798627003,0.0026793731715088,0.000341620079367372
98,서울특별시,중랑구,면목본동,2021,2.0,0.9896091044037606,0.0046348780839163,0.0005909469556993283
99,서울특별시,중랑구,면목7동,1625,2.0,1.2307692307692308,0.0057643622200584,0.000734956183057446
100,서울특별시,중랑구,면목3.8동,1564,2.0,1.278772378516624,0.005989187089255,0.0007636213538800126
101,서울특별시,중랑구,상봉1동,2585,2.0,0.7736943907156673,0.0036236319565164,0.000462013074455841
102,서울특별시,중랑구,상봉2동,1125,19.0,16.888888888888886,0.0790998593530239,0.010085232067510547
103,서울특별시,중랑구,중화1동,1528,0.0,0.0,0.0,0.0
104,서울특별시,중랑구,중화2동,1795,2.0,1.1142061281337048,0.0052184337646768,0.000665350304996292
105,서울특별시,중랑구,묵1동,3628,11.0,3.031973539140022,0.0142003823985039,0.0018105487558092472
106,서울특별시,중랑구,묵2동,1339,0.0,0.0,0.0,0.0
107,서울특별시,중랑구,망우본동,4389,15.0,3.417634996582365,0.0160066449207022,0.0020408472273895305
108,서울특별시,중랑구,망우3동,1039,0.0,0.0,0.0,0.0
109,서울특별시,중랑구,신내1동,4770,13.0,2.7253668763102725,0.0127643765093012,0.0016274580049359028
110,서울특별시,중랑구,신내2동,1889,3.0,1.5881418740074114,0.0074381328276296,0.000948361935522774
111,서울특별시,성북구,성북동,1217,2.0,1.6433853738701725,0.0076968682067337,0.0009813506963585468
112,서울특별시,성북구,삼선동,1717,3.0,1.7472335468841005,0.0081832457259128,0.001043363830053882
113,서울특별시,성북구,동선동,796,0.0,0.0,0.0,0.0
114,서울특별시,성북구,돈암1동,1325,1.0,0.7547169811320754,0.0035347504179603,0.0004506806782899383
115,서울특별시,성북구,돈암2동,3409,0.0,0.0,0.0,0.0
116,서울특별시,성북구,안암동,757,24.0,31.704095112285337,0.1484875340701971,0.018932160593950132
117,서울특별시,성북구,보문동,1522,11.0,7.227332457293035,0.0338495317620053,0.004315815299655676
118,서울특별시,성북구,정릉1동,2295,9.0,3.92156862745098,0.0183668404070488,0.002341772151898722
119,서울특별시,성북구,정릉2동,2130,6.0,2.8169014084507045,0.0131930825459083,0.0016821180246033081
120,서울특별시,성북구,정릉3동,834,0.0,0.0,0.0,0.0
121,서울특별시,성북구,정릉4동,2303,7.0,3.0395136778115504,0.0142356969720287,0.0018150513639336593
122,서울특별시,성북구,길음1동,6845,33.0,4.821037253469686,0.0225795415668833,0.0028788915497776207
123,서울특별시,성북구,길음2동,3429,14.0,4.082822980460776,0.0191220823135504,0.002438065494977676
124,서울특별시,성북구,종암동,4154,4.0,0.9629272989889264,0.0045099126661506,0.0005750138649342016
125,서울특별시,성북구,월곡1동,3118,1.0,0.3207184092366901,0.0015020988787034,0.00019151760703468352
126,서울특별시,성북구,월곡2동,1540,2.0,1.2987012987012987,0.0060825250698668,0.000775521946408017
127,서울특별시,성북구,장위1동,2535,2.0,0.7889546351084812,0.0036951039872169,0.0004711257583701548
128,서울특별시,성북구,장위2동,1356,0.0,0.0,0.0,0.0
129,서울특별시,성북구,장위3동,2868,2.0,0.6973500697350069,0.0032660699468601,0.0004164239182246627
130,서울특별시,성북구,석관동,2762,1.0,0.3620564808110065,0.0016957075683553,0.00021620271496530075
131,서울특별시,강북구,삼양동,2265,13.0,5.739514348785872,0.0268812697348199,0.003427361891189537
132,서울특별시,강북구,미아동,1137,0.0,0.0,0.0,0.0
133,서울특별시,강북구,송중동,2310,16.0,6.926406926406926,0.0324401337059564,0.004136117047509441
134,서울특별시,강북구,송천동,1529,0.0,0.0,0.0,0.0
135,서울특별시,강북구,삼각산동,4761,4.0,0.8401596303297626,0.0039349248509115,0.0005017029184912163
136,서울특별시,강북구,번1동,891,5.0,5.611672278338944,0.0262825157339925,0.003351020756084044
137,서울특별시,강북구,번2동,962,21.0,21.82952182952183,0.1022395326192794,0.013035540408958124
138,서울특별시,강북구,번3동,1303,1.0,0.7674597083653109,0.0035944315455084,0.00045829002205232105
139,서울특별시,강북구,수유1동,1415,4.0,2.8268551236749118,0.0132397012121483,0.0016880619045489082
140,서울특별시,강북구,수유2동,1509,2.0,1.3253810470510272,0.0062074808532769,0.0007914538087928048
141,서울특별시,강북구,수유3동,1069,0.0,0.0,0.0,0.0
142,서울특별시,강북구,우이동,1594,1.0,0.6273525721455457,0.0029382335657449,0.00037462477963247473
143,서울특별시,강북구,인수동,2262,0.0,0.0,0.0,0.0
144,서울특별시,도봉구,창1동,2303,1.0,0.4342162396873643,0.0020336709960041,0.00025929305199052274
145,서울특별시,도봉구,창2동,2491,2.0,0.8028904054596548,0.0037603727850642,0.0004794475300956855
146,서울특별시,도봉구,창3동,1068,0.0,0.0,0.0,0.0
147,서울특별시,도봉구,창4동,2898,2.0,0.6901311249137336,0.003232259698963,0.0004121131116177825
148,서울특별시,도봉구,창5동,2226,6.0,2.6954177897574128,0.0126241086355726,0.0016095738510355066
149,서울특별시,도봉구,도봉1동,1214,2.0,1.6474464579901154,0.0077158884741309,0.0009837757804516897
150,서울특별시,도봉구,도봉2동,2247,3.0,1.335113484646195,0.0062530631559378,0.0007972655523820695
151,서울특별시,도봉구,쌍문1동,1783,0.0,0.0,0.0,0.0
152,서울특별시,도봉구,쌍문2동,1421,1.0,0.7037297677691766,0.003295949545248,0.00042023356701911997
153,서울특별시,도봉구,쌍문3동,1196,4.0,3.3444816053511706,0.0156640277718978,0.0019971635409169694
154,서울특별시,도봉구,쌍문4동,2152,2.0,0.929368029739777,0.0043527363418192,0.000554973883581948
155,서울특별시,도봉구,방학1동,2493,19.0,7.62133975130365,0.0356948823795234,0.0045510975033892336
156,서울특별시,도봉구,방학2동,1317,2.0,1.5186028853454825,0.0071124438933902,0.0009068365964072505
157,서울특별시,도봉구,방학3동,3176,12.0,3.778337531486146,0.0176960112234161,0.0022562414309855528
158,서울특별시,노원구,월계1동,1703,1.0,0.5871990604815032,0.0027501728149133,0.00035064703390144577
159,서울특별시,노원구,월계2동,2500,1.0,0.4,0.0018734177215189,0.00023886075949365975
160,서울특별시,노원구,월계3동,2818,21.0,7.452093683463449,0.0349022109225503,0.004450031892625164
161,서울특별시,노원구,공릉1동,2847,9.0,3.161222339304531,0.014805724880287,0.0018877299222365925
162,서울특별시,노원구,공릉2동,5493,17.0,3.094847988348808,0.0144948576669501,0.0018480943525361376
163,서울특별시,노원구,하계1동,2483,15.0,6.041079339508658,0.0282936627293443,0.0036074419979913986
164,서울특별시,노원구,하계2동,2817,1.0,0.3549875754348597,0.0016626000368468,0.00021198150469796701
165,서울특별시,노원구,중계본동,4299,1.0,0.2326122354035822,0.001089449710118,0.000138904838040045
166,서울특별시,노원구,중계1동,5831,2.0,0.3429943405933802,0.0016064291901208,0.000204819721740402
167,서울특별시,노원구,중계4동,2170,1.0,0.4608294930875576,0.0021583153473721,0.00027518520678994276
168,서울특별시,노원구,중계2.3동,3064,11.0,3.5900783289817237,0.016814290907889,0.0021438220907558474
169,서울특별시,노원구,상계1동,3604,4.0,1.109877913429523,0.0051981623793534,0.0006627657033675586
170,서울특별시,노원구,상계2동,1612,5.0,3.101736972704715,0.0145271225303891,0.0018522081226246103
171,서울특별시,노원구,상계3.4동,2714,2.0,0.7369196757553427,0.0034513959497402,0.0004400529835918755
172,서울특별시,노원구,상계5동,1786,3.0,1.6797312430011198,0.0078670956950685,0.0010030547011212337
173,서울특별시,노원구,상계6.7동,3366,14.0,4.159239453357101,0.0194799822499003,0.0024836977368622886
174,서울특별시,노원구,상계8동,3026,1.0,0.3304692663582286,0.0015477674500322,0.00019734034987910548
175,서울특별시,노원구,상계9동,2074,8.0,3.857280617164899,0.018065744662671,0.0023033824444905525
176,서울특별시,노원구,상계10동,2137,0.0,0.0,0.0,0.0
177,서울특별시,은평구,녹번동,3259,6.0,1.841055538508745,0.0086226651803574,0.0010993898104955685
178,서울특별시,은평구,불광1동,3017,4.0,1.325820351342393,0.0062095383543884,0.000791716140184521
179,서울특별시,은평구,불광2동,1572,0.0,0.0,0.0,0.0
180,서울특별시,은평구,갈현1동,1023,1.0,0.9775171065493646,0.0045782446762438,0.0005837261962210845
181,서울특별시,은평구,갈현2동,2297,3.0,1.30605137135394,0.0061169494607716,0.000779911056248379
182,서울특별시,은평구,구산동,2788,0.0,0.0,0.0,0.0
183,서울특별시,은평구,대조동,1728,7.0,4.050925925925926,0.0189726910454758,0.0024190181082981645
184,서울특별시,은평구,응암1동,3670,4.0,1.0899182561307903,0.0051046804401062,0.0006508467561135405
185,서울특별시,은평구,응암2동,4563,4.0,0.8766162612316459,0.0041056710969077,0.0005234730648557317
186,서울특별시,은평구,응암3동,1444,0.0,0.0,0.0,0.0
187,서울특별시,은평구,역촌동,3982,2.0,0.5022601707684581,0.0023523577618269,0.00029992561463292977
188,서울특별시,은평구,신사1동,2249,2.0,0.889284126278346,0.0041650016040884,0.000531037704521271
189,서울특별시,은평구,신사2동,1863,6.0,3.2206119162640903,0.0150838785951609,0.0019231945208830147
190,서울특별시,은평구,증산동,1637,2.0,1.2217470983506415,0.0057221066631612,0.000729568599553053
191,서울특별시,은평구,수색동,2796,2.0,0.7153075822603719,0.0033501747523587,0.0004271472809257343
192,서울특별시,은평구,진관동,8011,50.0,6.241418050181001,0.0292319579565439,0.0037270746394593474
193,서울특별시,서대문구,천연동,1852,0.0,0.0,0.0,0.0
194,서울특별시,서대문구,북아현동,1926,1.0,0.5192107995846313,0.0024317467828647,0.00031004771481524924
195,서울특별시,서대문구,충현동,1845,0.0,0.0,0.0,0.0
196,서울특별시,서대문구,신촌동,957,80.0,83.59456635318705,0.3915188550718887,0.049918654021665815
197,서울특별시,서대문구,연희동,2450,16.0,6.530612244897959,0.0305864117799018,0.0038997675019374796
198,서울특별시,서대문구,홍1동,2449,2.0,0.8166598611678236,0.0038248626409125,0.00048766998671634376
199,서울특별시,서대문구,홍3동,1667,1.0,0.5998800239952009,0.0028095646693446,0.0003582194953414365
200,서울특별시,서대문구,홍2동,1147,0.0,0.0,0.0,0.0
201,서울특별시,서대문구,홍은1동,2361,2.0,0.8470986869970352,0.0039674242302392,0.000505846589355498
202,서울특별시,서대문구,홍은2동,2772,0.0,0.0,0.0,0.0
203,서울특별시,서대문구,남가좌1동,3501,3.0,0.8568980291345331,0.0040133198832883,0.0005116982851192583
204,서울특별시,서대문구,남가좌2동,3961,3.0,0.7573844988639232,0.0035472438554386,0.0004522735915684215
205,서울특별시,서대문구,북가좌1동,2492,32.0,12.841091492776886,0.0601418209155373,0.007668082166731005
206,서울특별시,서대문구,북가좌2동,2410,4.0,1.6597510373443982,0.0077735175166762,0.0009911234833762156
207,서울특별시,마포구,아현동,4609,11.0,2.386634844868736,0.0111779100329295,0.0014251835291985114
208,서울특별시,마포구,공덕동,3214,22.0,6.845052893590542,0.0320591084889683,0.004087536332343458
209,서울특별시,마포구,도화동,2244,3.0,1.3368983957219251,0.0062614228660393,0.0007983314154200108
210,서울특별시,마포구,용강동,3602,1.0,0.277623542476402,0.0013002621609654,0.0001657834255230885
211,서울특별시,마포구,대흥동,1099,2.0,1.8198362147406733,0.008523283537393,0.0010867186510176074
212,서울특별시,마포구,염리동,2723,2.0,0.7344840249724568,0.0034399884713899,0.00043859853010221224
213,서울특별시,마포구,신수동,2616,0.0,0.0,0.0,0.0
214,서울특별시,마포구,서강동,2640,2.0,0.7575757575757576,0.0035481396240889,0.00045238780207133475
215,서울특별시,마포구,서교동,1224,1.0,0.8169934640522876,0.0038264250848018,0.0004878691983122295
216,서울특별시,마포구,합정동,1011,1.0,0.9891196834817012,0.0046325858593446,0.0005906546970664365
217,서울특별시,마포구,망원1동,1265,2.0,1.5810276679841897,0.0074048131285335,0.0009441136738880213
218,서울특별시,마포구,망원2동,1581,0.0,0.0,0.0,0.0
219,서울특별시,마포구,연남동,867,0.0,0.0,0.0,0.0
220,서울특별시,마포구,성산1동,1459,2.0,1.3708019191226868,0.0064202115199416,0.000818576968792554
221,서울특별시,마포구,성산2동,3577,1.0,0.2795638803466592,0.0013093498193451,0.00016694210196650027
222,서울특별시,마포구,상암동,4233,11.0,2.598629813371132,0.0121707978600926,0.0015517767271618066
223,서울특별시,양천구,목1동,6661,2.0,0.3002552169343943,0.0014062586109585,0.00017929797289720876
224,서울특별시,양천구,목2동,2626,19.0,7.235338918507235,0.0338870303778187,0.004320596373171884
225,서울특별시,양천구,목3동,1817,3.0,1.651073197578426,0.0077328744696711,0.0009859414948830652
226,서울특별시,양천구,목4동,3026,33.0,10.905485789821546,0.0510763258510629,0.00651223154601052
227,서울특별시,양천구,목5동,8984,18.0,2.003561887800534,0.0093837708669138,0.0011964307855315097
228,서울특별시,양천구,신월1동,1290,1.0,0.7751937984496124,0.0036306544990678,0.00046290844863114454
229,서울특별시,양천구,신월2동,2447,1.0,0.4086636697997548,0.0019139944028596,0.00024403428636459901
230,서울특별시,양천구,신월3동,1189,0.0,0.0,0.0,0.0
231,서울특별시,양천구,신월4동,2021,0.0,0.0,0.0,0.0
232,서울특별시,양천구,신월5동,1427,3.0,2.102312543798178,0.0098462739393079,0.0012553999272617573
233,서울특별시,양천구,신월6동,2294,3.0,1.3077593722755014,0.0061249489587586,0.0007809309922417215
234,서울특별시,양천구,신월7동,1343,20.0,14.89203276247208,0.0697474952166413,0.008892805640121765
235,서울특별시,양천구,신정1동,3887,0.0,0.0,0.0,0.0
236,서울특별시,양천구,신정2동,3389,4.0,1.1802891708468577,0.0055279366229536,0.000704811919426584
237,서울특별시,양천구,신정3동,6173,25.0,4.0498947027377294,0.0189678612659868,0.002418402311413317
238,서울특별시,양천구,신정4동,2223,2.0,0.899685110211426,0.0042137150731421,0.0005372486718256178
239,서울특별시,양천구,신정6동,4727,1.0,0.2115506663845991,0.0009908069185101,0.00012632788211003774
240,서울특별시,양천구,신정7동,4142,1.0,0.2414292612264606,0.0011307446411872,0.000144169941751368
241,서울특별시,강서구,염창동,6488,22.0,3.3908754623921085,0.0158813154567731,0.00202486772073857
242,서울특별시,강서구,등촌1동,1978,8.0,4.044489383215369,0.0189425452125276,0.0024151745145972693
243,서울특별시,강서구,등촌2동,1837,0.0,0.0,0.0,0.0
244,서울특별시,강서구,등촌3동,2466,13.0,5.27169505271695,0.0246902173355097,0.003148002710277487
245,서울특별시,강서구,화곡1동,3214,4.0,1.2445550715619167,0.005828928816176,0.00074318842406244
246,서울특별시,강서구,화곡2동,1576,0.0,0.0,0.0,0.0
247,서울특별시,강서구,화곡3동,1984,2.0,1.0080645161290325,0.0047213148223764,0.000601967639852991
248,서울특별시,강서구,화곡4동,1502,3.0,1.9973368841544608,0.0093546157865462,0.0011927135127846405
249,서울특별시,강서구,화곡본동,2659,6.0,2.2564874012786764,0.0105683587148494,0.0013474657361432986
250,서울특별시,강서구,화곡6동,2358,0.0,0.0,0.0,0.0
251,서울특별시,강서구,화곡8동,1661,1.0,0.6020469596628537,0.0028197136085475,0.00035951348508980627
252,서울특별시,강서구,가양1동,2366,2.0,0.8453085376162299,0.0039590399863038,0.0005047775982537345
253,서울특별시,강서구,가양2동,667,6.0,8.995502248875562,0.0421308333175184,0.005371681247983596
254,서울특별시,강서구,가양3동,794,0.0,0.0,0.0,0.0
255,서울특별시,강서구,발산1동,5568,36.0,6.465517241379311,0.0302815364469663,0.003860895896988203
256,서울특별시,강서구,우장산동,6880,16.0,2.3255813953488373,0.0108919634972034,0.0013887253458934334
257,서울특별시,강서구,공항동,4291,1.0,0.2330459100442787,0.0010914808445111,0.00013916380767516526
258,서울특별시,강서구,방화1동,5822,15.0,2.576434215046376,0.0120668437919893,0.0015385225834786357
259,서울특별시,강서구,방화2동,1753,4.0,2.2818026240730176,0.0106869236823672,0.001362582769501818
260,서울특별시,강서구,방화3동,1822,2.0,1.0976948408342482,0.0051411024190971,0.0006554905584348803
261,서울특별시,구로구,신도림동,5596,4.0,0.7147962830593281,0.0033477800598981,0.00042684195763700774
262,서울특별시,구로구,구로1동,2807,1.0,0.3562522265764161,0.0016685230864971,0.00021273669352838025
263,서울특별시,구로구,구로2동,1334,21.0,15.742128935532232,0.0737289583056572,0.009400442183971293
264,서울특별시,구로구,구로3동,1697,0.0,0.0,0.0,0.0
265,서울특별시,구로구,구로4동,1015,9.0,8.866995073891626,0.0415289642701253,0.0052949429444409755
266,서울특별시,구로구,구로5동,2292,28.0,12.216404886561952,0.0572160735193407,0.00729504937371594
267,서울특별시,구로구,가리봉동,318,0.0,0.0,0.0,0.0
268,서울특별시,구로구,고척1동,3049,2.0,0.6559527714004592,0.0030721838660527,0.00039170344292171924
269,서울특별시,구로구,고척2동,2559,2.0,0.781555295037124,0.0036604488501738,0.0004667072283971595
270,서울특별시,구로구,개봉1동,3475,1.0,0.2877697841726618,0.0013477825334668,0.00017184227301701702
271,서울특별시,구로구,개봉2동,2825,21.0,7.433628318584071,0.0348157275680519,0.004439005264926617
272,서울특별시,구로구,개봉3동,1559,1.0,0.6414368184733803,0.0030041977574069,0.00038303521406937973
273,서울특별시,구로구,오류1동,1628,1.0,0.6142506142506142,0.0028768699654775,0.00036680092059838124
274,서울특별시,구로구,오류2동,4553,36.0,7.906874588183616,0.0370321974383283,0.004721605173386858
275,서울특별시,구로구,수궁동,2155,0.0,0.0,0.0,0.0
276,서울특별시,구로구,항동,3412,3.0,0.8792497069167644,0.0041180049564456,0.000525045631946814
277,서울특별시,금천구,가산동,929,0.0,0.0,0.0,0.0
278,서울특별시,금천구,독산1동,4443,5.0,1.1253657438667568,0.0052707003193759,0.0006720142907204273
279,서울특별시,금천구,독산2동,1205,1.0,0.8298755186721991,0.0038867587583381,0.0004955617416881078
280,서울특별시,금천구,독산3동,1327,2.0,1.5071590052750563,0.007058845974073,0.0009000028616943075
281,서울특별시,금천구,독산4동,890,0.0,0.0,0.0,0.0
282,서울특별시,금천구,시흥1동,2600,4.0,1.5384615384615383,0.007205452775073,0.0009186952288218075
283,서울특별시,금천구,시흥2동,2413,0.0,0.0,0.0,0.0
284,서울특별시,금천구,시흥3동,745,0.0,0.0,0.0,0.0
285,서울특별시,금천구,시흥4동,1470,1.0,0.6802721088435374,0.0031860845604064,0.00040622578145181604
286,서울특별시,금천구,시흥5동,1317,3.0,2.277904328018223,0.0106686658400853,0.0013602548946108758
287,서울특별시,영등포구,영등포본동,1817,2.0,1.100715465052284,0.0051552496464474,0.0006572943299220435
288,서울특별시,영등포구,영등포동,1560,3.0,1.9230769230769231,0.0090068159688412,0.001148369036027253
289,서울특별시,영등포구,여의동,4624,15.0,3.2439446366782003,0.0151931584249485,0.0019371276991809337
290,서울특별시,영등포구,당산1동,1573,2.0,1.2714558169103625,0.0059549196488206,0.0007592522552246266
291,서울특별시,영등포구,당산2동,3924,6.0,1.529051987767584,0.007161382727519,0.0009130762977586725
292,서울특별시,영등포구,도림동,1266,3.0,2.3696682464454977,0.0110984462175295,0.0014150518927350112
293,서울특별시,영등포구,문래동,4820,28.0,5.809128630705394,0.027207311308367,0.0034689321918167926
294,서울특별시,영등포구,양평1동,1835,0.0,0.0,0.0,0.0
295,서울특별시,영등포구,양평2동,2382,1.0,0.4198152812762384,0.0019662234692684,0.00025069349233172104
296,서울특별시,영등포구,신길1동,1204,4.0,3.3222591362126246,0.0155599478531477,0.001983893351276332
297,서울특별시,영등포구,신길3동,1683,1.0,0.5941770647653001,0.0027828546071286,0.0003548139624088965
298,서울특별시,영등포구,신길4동,1209,6.0,4.962779156327543,0.0232433960486226,0.0029635329961993813
299,서울특별시,영등포구,신길5동,1125,0.0,0.0,0.0,0.0
300,서울특별시,영등포구,신길6동,1504,3.0,1.9946808510638296,0.0093421761378938,0.0011911274575814594
301,서울특별시,영등포구,신길7동,3276,33.0,10.073260073260077,0.0471785598367876,0.006015266379190419
302,서울특별시,영등포구,대림1동,1035,9.0,8.695652173913043,0.0407264722069345,0.005192625206384149
303,서울특별시,영등포구,대림2동,579,7.0,12.08981001727116,0.0566231608403839,0.007219453007148947
304,서울특별시,영등포구,대림3동,1587,1.0,0.630119722747322,0.0029511936381836,0.00037627718886840903
305,서울특별시,동작구,노량진1동,2682,0.0,0.0,0.0,0.0
306,서울특별시,동작구,노량진2동,260,3.0,11.538461538461538,0.0540408958130477,0.006890214216163581
307,서울특별시,동작구,상도1동,3774,11.0,2.9146793852676205,0.013651030032266,0.0017405063291139151
308,서울특별시,동작구,상도2동,3444,9.0,2.613240418118467,0.012239227274732,0.00156050147752833
309,서울특별시,동작구,상도3동,1610,2.0,1.2422360248447206,0.0058180674581335,0.0007418036009120212
310,서울특별시,동작구,상도4동,2520,1.0,0.3968253968253968,0.0018585493269037,0.00023696503918022176
311,서울특별시,동작구,흑석동,3869,20.0,5.169294391315585,0.0242106193010983,0.003086853960890033
312,서울특별시,동작구,사당1동,1021,3.0,2.9382957884427032,0.0137616385028329,0.0017546089091111947
313,서울특별시,동작구,사당2동,2768,4.0,1.445086705202312,0.0067681276066437,0.0008629362698470718
314,서울특별시,동작구,사당3동,2654,1.0,0.3767897513187641,0.0017647114935182,0.0002250007154235705
315,서울특별시,동작구,사당4동,913,2.0,2.190580503833516,0.0102596808407392,0.0013081093071942481
316,서울특별시,동작구,사당5동,1427,0.0,0.0,0.0,0.0
317,서울특별시,동작구,대방동,3912,3.0,0.7668711656441718,0.0035916750795992,0.000457938572648898
318,서울특별시,동작구,신대방1동,2698,1.0,0.3706449221645663,0.0017359319139353,0.00022133131902675078
319,서울특별시,동작구,신대방2동,2497,15.0,6.007208650380457,0.0281350278562122,0.0035872160516670555
320,서울특별시,관악구,보라매동,1589,0.0,0.0,0.0,0.0
321,서울특별시,관악구,청림동,1608,2.0,1.243781094527363,0.0058253038604446,0.0007427262422066864
322,서울특별시,관악구,성현동,3663,3.0,0.819000819000819,0.0038358266206367,0.0004890678941311793
323,서울특별시,관악구,행운동,1527,2.0,1.309757694826457,0.0061343081909593,0.0007821242943473108
324,서울특별시,관악구,낙성대동,907,1.0,1.1025358324145536,0.0051637754176377,0.0006583813657488068
325,서울특별시,관악구,청룡동,1746,3.0,1.718213058419244,0.0080473269824698,0.0010260341902648996
326,서울특별시,관악구,은천동,2972,3.0,1.009421265141319,0.0047276692164846,0.0006027778251017865
327,서울특별시,관악구,중앙동,569,9.0,15.817223198594023,0.0740806656136682,0.009445284865742696
328,서울특별시,관악구,인헌동,1448,2.0,1.3812154696132597,0.0064689838450241,0.0008247954402405729
329,서울특별시,관악구,남현동,1092,9.0,8.241758241758243,0.0386006398664626,0.004921581582973982
330,서울특별시,관악구,서원동,871,4.0,4.5924225028702645,0.0215088142539493,0.0027423738173785357
331,서울특별시,관악구,신원동,728,6.0,8.241758241758243,0.0386006398664626,0.004921581582973982
332,서울특별시,관악구,서림동,1114,2.0,1.7953321364452424,0.0084085176010726,0.0010720859941367566
333,서울특별시,관악구,신사동,973,0.0,0.0,0.0,0.0
334,서울특별시,관악구,신림동,406,0.0,0.0,0.0,0.0
335,서울특별시,관악구,난향동,1720,5.0,2.9069767441860463,0.0136149543715042,0.0017359066823667854
336,서울특별시,관악구,조원동,1248,1.0,0.8012820512820512,0.0037528399870172,0.00047848709834469305
337,서울특별시,관악구,대학동,1052,2.0,1.9011406844106464,0.0089040766231891,0.0011352697694566101
338,서울특별시,관악구,삼성동,1402,1.0,0.7132667617689016,0.0033406164791708,0.000425928601094277
339,서울특별시,관악구,미성동,2451,1.0,0.4079967360261118,0.001910870788983,0.0002436360255953325
340,서울특별시,관악구,난곡동,1714,5.0,2.9171528588098017,0.0136626146551851,0.0017419833685361004
341,서울특별시,서초구,서초1동,2313,4.0,1.7293558149589277,0.0080995145763899,0.0010326881084897121
342,서울특별시,서초구,서초2동,3764,4.0,1.0626992561105206,0.0049771990476062,0.0006345928785697905
343,서울특별시,서초구,서초3동,3399,3.0,0.88261253309797,0.0041337549018512,0.000527053749986028
344,서울특별시,서초구,서초4동,5588,2.0,0.3579098067287043,0.0016762864365774,0.0002137265206636185
345,서울특별시,서초구,잠원동,6032,8.0,1.326259946949602,0.0062115972198905,0.0007919786455360387
346,서울특별시,서초구,반포본동,38,0.0,0.0,0.0,0.0
347,서울특별시,서초구,반포1동,6135,6.0,0.9779951100244498,0.0045804834266967,0.0005840116369038293
348,서울특별시,서초구,반포2동,5861,4.0,0.682477392936359,0.0031964131061576,0.000407542671035094
349,서울특별시,서초구,반포3동,4199,4.0,0.9526077637532746,0.0044615806656798,0.0005688515348741746
350,서울특별시,서초구,반포4동,3001,52.0,17.32755748083972,0.08115438313811,0.010347183850109026
351,서울특별시,서초구,방배본동,3140,8.0,2.5477707006369426,0.0119325969523502,0.0015214061114246506
352,서울특별시,서초구,방배1동,1870,1.0,0.5347593582887701,0.0025045691464157,0.0003193325661680018
353,서울특별시,서초구,방배2동,1898,0.0,0.0,0.0,0.0
354,서울특별시,서초구,방배3동,2224,1.0,0.4496402877697842,0.002105910208542,0.000268503551589105
355,서울특별시,서초구,방배4동,3890,2.0,0.5141388174807198,0.0024079919299729,0.00030701897107154473
356,서울특별시,서초구,양재1동,5502,6.0,1.0905125408942202,0.0051074637991248,0.0006512016343884119
357,서울특별시,서초구,양재2동,1875,20.0,10.666666666666666,0.0499578059071729,0.006369620253164545
358,서울특별시,서초구,내곡동,2620,26.0,9.923664122137405,0.0464779205720359,0.005925934872934577
359,서울특별시,강남구,신사동,1922,0.0,0.0,0.0,0.0
360,서울특별시,강남구,논현1동,1084,0.0,0.0,0.0,0.0
361,서울특별시,강남구,논현2동,1652,4.0,2.4213075060532687,0.0113403009777178,0.0014458883746590195
362,서울특별시,강남구,압구정동,3910,10.0,2.557544757033248,0.0119783741785101,0.001527242707760038
363,서울특별시,강남구,청담동,3449,14.0,4.059147579008408,0.0190111975219381,0.002423927684047108
364,서울특별시,강남구,삼성1동,1531,1.0,0.6531678641410843,0.0030591406295215,0.0003900404302639913
365,서울특별시,강남구,삼성2동,4429,4.0,0.9031384059607136,0.004229888736778,0.000539310813939195
366,서울특별시,강남구,대치1동,5831,9.0,1.5434745326702108,0.007228931355544,0.00092168874783186
367,서울특별시,강남구,대치2동,7950,2.0,0.2515723270440251,0.0011782501393201,0.00015022689276331276
368,서울특별시,강남구,대치4동,2007,2.0,0.996512207274539,0.0046672090720453,0.0005950691566857757
369,서울특별시,강남구,역삼1동,1632,17.0,10.416666666666666,0.0487869198312236,0.006220332278481009
370,서울특별시,강남구,역삼2동,6561,10.0,1.5241579027587258,0.0071384610635535,0.0009101537856030712
371,서울특별시,강남구,도곡1동,3420,23.0,6.7251461988304095,0.0314975201717373,0.004015933821896506
372,서울특별시,강남구,도곡2동,5965,19.0,3.1852472757753563,0.014918246734644,0.00190207645866711
373,서울특별시,강남구,개포1동,5311,0.0,0.0,0.0,0.0
374,서울특별시,강남구,개포2동,7889,47.0,5.957662568132844,0.0279029765849259,0.003557629514578052
375,서울특별시,강남구,개포3동,2207,1.0,0.4531037607612143,0.0021221315377423,0.0002705717710621433
376,서울특별시,강남구,개포4동,3099,7.0,2.258793159083575,0.0105791578336825,0.001348842623794519
377,서울특별시,강남구,세곡동,7268,31.0,4.2652724270776,0.0199765923799837,0.002547015528447922
378,서울특별시,강남구,일원본동,4229,78.0,18.444076613856705,0.0863836499636326,0.011013915370363156
379,서울특별시,강남구,일원1동,1175,8.0,6.808510638297872,0.0318879612173444,0.004065715055211411
380,서울특별시,강남구,수서동,822,0.0,0.0,0.0,0.0
381,서울특별시,송파구,풍납1동,854,20.0,23.4192037470726,0.1096848783090742,0.01398482198440696
382,서울특별시,송파구,풍납2동,2717,69.0,25.395656974604343,0.1189416845646026,0.015165064781986832
383,서울특별시,송파구,거여1동,951,0.0,0.0,0.0,0.0
384,서울특별시,송파구,거여2동,2809,6.0,2.135991456034176,0.0100040106168689,0.0012755113536507849
385,서울특별시,송파구,마천1동,1364,0.0,0.0,0.0,0.0
386,서울특별시,송파구,마천2동,1167,2.0,1.713796058269066,0.0080266397665766,0.0010233965702385165
387,서울특별시,송파구,방이1동,1929,2.0,1.0368066355624677,0.004855929812128,0.00061913105104632
388,서울특별시,송파구,방이2동,1550,4.0,2.5806451612903225,0.0120865659452837,0.001541037158023672
389,서울특별시,송파구,오륜동,3114,1.0,0.3211303789338471,0.0015040283570319,0.00019176361552156727
390,서울특별시,송파구,오금동,4344,4.0,0.9208103130755064,0.0043126558966827,0.0005498636268270442
391,서울특별시,송파구,송파1동,1651,1.0,0.6056935190793459,0.0028367924311311,0.0003616910349692152
392,서울특별시,송파구,송파2동,2799,5.0,1.7863522686673812,0.0083664599924927,0.0010667236490428194
393,서울특별시,송파구,석촌동,2094,1.0,0.4775549188156638,0.0022366496197695,0.0002851728265206112
394,서울특별시,송파구,삼전동,2122,4.0,1.885014137606032,0.0088285472267624,0.001125639771412206
395,서울특별시,송파구,가락본동,2308,6.0,2.5996533795493937,0.0121755917776364,0.0015523879516486409
396,서울특별시,송파구,가락1동,5379,7.0,1.3013571295779884,0.0060949637714412,0.000777107880858753
397,서울특별시,송파구,가락2동,4108,7.0,1.7039922103213243,0.0079807230103656,0.001017542183821614
398,서울특별시,송파구,문정1동,2070,0.0,0.0,0.0,0.0
399,서울특별시,송파구,문정2동,2482,6.0,2.417405318291701,0.0113220249084548,0.0014435581758279869
400,서울특별시,송파구,장지동,3962,12.0,3.0287733467945483,0.0141853941558732,0.001808637754873833
401,서울특별시,송파구,위례동,11076,9.0,0.8125677139761647,0.0038056968882427,0.00048522635325094424
402,서울특별시,송파구,잠실본동,1873,1.0,0.5339028296849972,0.0025005575567525,0.0003188210884859438
403,서울특별시,송파구,잠실2동,7811,37.0,4.736909486621432,0.0221855254436699,0.0028286544940679123
404,서울특별시,송파구,잠실3동,5793,1.0,0.1726221301570861,0.0008084833944066,0.00010308163278684149
405,서울특별시,송파구,잠실4동,5991,7.0,1.1684192956100818,0.0054723435364016,0.0006977238008912041
406,서울특별시,송파구,잠실6동,2603,1.0,0.384172109104879,0.001799287093276,0.00022940910439269002
407,서울특별시,송파구,잠실7동,1180,0.0,0.0,0.0,0.0
408,서울특별시,강동구,강일동,5815,7.0,1.2037833190025795,0.0056379725067209,0.0007188414946069148
409,서울특별시,강동구,상일1동,8545,30.0,3.510825043885313,0.0164431046359185,0.0020964958410796086
410,서울특별시,강동구,상일2동,2435,1.0,0.4106776180698152,0.0019234268188079,0.00024523691939800724
411,서울특별시,강동구,명일1동,3711,9.0,2.425222312045271,0.0113586361450221,0.0014482261084903178
412,서울특별시,강동구,명일2동,2909,1.0,0.3437607425232039,0.0016100186675137,0.00020527738010799677
413,서울특별시,강동구,고덕1동,5394,6.0,1.1123470522803114,0.0052097267005533,0.0006642401543205458
414,서울특별시,강동구,고덕2동,5197,13.0,2.501443140273235,0.0117156197708999,0.0014937415207897371
415,서울특별시,강동구,암사1동,3144,1.0,0.3180661577608142,0.0014896769414114,0.0001899338100299535
416,서울특별시,강동구,암사2동,1681,7.0,4.164187983343248,0.0195031589093291,0.0024866527609394605
417,서울특별시,강동구,암사3동,2973,1.0,0.3363605785401951,0.0015753596716439,0.00020085835813459725
418,서울특별시,강동구,천호1동,1941,1.0,0.5151983513652757,0.0024129543038626,0.00030765167374248155
419,서울특별시,강동구,천호2동,2779,2.0,0.7196833393306944,0.0033706688044602,0.00042976027256867553
420,서울특별시,강동구,천호3동,1821,3.0,1.6474464579901154,0.0077158884741309,0.0009837757804516897
421,서울특별시,강동구,성내1동,2244,5.0,2.228163992869875,0.0104357047767323,0.0013305523590333684
422,서울특별시,강동구,성내2동,1597,0.0,0.0,0.0,0.0
423,서울특별시,강동구,성내3동,1863,21.0,11.272141706924316,0.0527935750830632,0.006731180823090558
424,서울특별시,강동구,길동,4223,10.0,2.3679848448969927,0.011090561931796,0.0014140466463039901
425,서울특별시,강동구,둔촌1동,6252,1.0,0.1599488163787588,0.0007491273678498,9.55137394008495e-05
426,서울특별시,강동구,둔촌2동,3022,16.0,5.294506949040371,0.0247970578625941,0.003161624877480748
427,인천광역시,중구,연안동,283,0.0,0.0,0.0,0.0
428,인천광역시,중구,신포동,356,1.0,2.808988764044944,0.0131560233252737,0.0016773929739723966
429,인천광역시,중구,신흥동,1466,30.0,20.463847203274216,0.0958433350026767,0.012220025212841278
430,인천광역시,중구,도원동,167,0.0,0.0,0.0,0.0
431,인천광역시,중구,율목동,152,1.0,6.578947368421052,0.0308127914723517,0.003928630912724842
432,인천광역시,중구,동인천동,258,0.0,0.0,0.0,0.0
433,인천광역시,중구,개항동,328,0.0,0.0,0.0,0.0
434,인천광역시,중구,영종동,3834,0.0,0.0,0.0,0.0
435,인천광역시,중구,영종1동,8159,4.0,0.4902561588429955,0.0022961364401507,0.00029275739611921424
436,인천광역시,중구,영종2동,6545,2.0,0.3055767761650114,0.0014311823693804,0.00018247575209600101
437,인천광역시,중구,용유동,85,0.0,0.0,0.0,0.0
438,인천광역시,중구,운서1동,2321,20.0,8.61697544161999,0.0403579862455619,0.0051456432463091424
439,인천광역시,중구,운서2동,1882,1.0,0.5313496280552603,0.0024885995238031,0.00031729643928489525
440,인천광역시,동구,만석동,569,0.0,0.0,0.0,0.0
441,인천광역시,동구,화수1.화평동,352,0.0,0.0,0.0,0.0
442,인천광역시,동구,화수2동,443,0.0,0.0,0.0,0.0
443,인천광역시,동구,송현1.2동,930,1.0,1.075268817204301,0.0050360691438682,0.0006420988158431955
444,인천광역시,동구,송현3동,124,0.0,0.0,0.0,0.0
445,인천광역시,동구,송림1동,830,0.0,0.0,0.0,0.0
446,인천광역시,동구,송림2동,60,0.0,0.0,0.0,0.0
447,인천광역시,동구,송림3.5동,543,1.0,1.8416206261510129,0.0086253117933655,0.0010997272536541012
448,인천광역시,동구,송림4동,799,0.0,0.0,0.0,0.0
449,인천광역시,동구,송림6동,845,14.0,16.568047337278106,0.0775971837315556,0.009893640925773339
450,인천광역시,동구,금창동,99,0.0,0.0,0.0,0.0
451,인천광역시,미추홀구,숭의2동,1440,2.0,1.3888888888888888,0.0065049226441631,0.0008293776371307953
452,인천광역시,미추홀구,숭의1.3동,2061,1.0,0.485201358563804,0.0022724620590962,0.0002897389125347655
453,인천광역시,미추홀구,숭의4동,2026,0.0,0.0,0.0,0.0
454,인천광역시,미추홀구,용현1.4동,924,0.0,0.0,0.0,0.0
455,인천광역시,미추홀구,용현2동,3507,1.0,0.285143997718848,0.0013354845462781,0.00017027427965045776
456,인천광역시,미추홀구,용현3동,356,0.0,0.0,0.0,0.0
457,인천광역시,미추홀구,용현5동,6042,15.0,2.482621648460775,0.0116274684801327,0.0014825022312169192
458,인천광역시,미추홀구,학익1동,6498,2.0,0.3077870113881194,0.0014415341039696,0.000183795598256124
459,인천광역시,미추홀구,학익2동,1552,1.0,0.6443298969072165,0.0030177476184262,0.0003847628213493405
460,인천광역시,미추홀구,도화1동,2158,0.0,0.0,0.0,0.0
461,인천광역시,미추홀구,도화2.3동,4353,8.0,1.837813002526993,0.0086074786194302,0.0010974535239773504
462,인천광역시,미추홀구,주안1동,1505,2.0,1.32890365448505,0.006223979141259,0.0007935573405105225
463,인천광역시,미추홀구,주안2동,2396,1.0,0.4173622704507512,0.0019547346843895,0.00024922867225966123
464,인천광역시,미추홀구,주안3동,1386,0.0,0.0,0.0,0.0
465,인천광역시,미추홀구,주안4동,2389,8.0,3.3486814566764336,0.0156836979616491,0.0019996714901102603
466,인천광역시,미추홀구,주안5동,1616,0.0,0.0,0.0,0.0
467,인천광역시,미추홀구,주안6동,2540,2.0,0.7874015748031495,0.0036878301604704,0.000470198345459976
468,인천광역시,미추홀구,주안7동,1005,3.0,2.985074626865672,0.013980729265067,0.0017825429812960425
469,인천광역시,미추홀구,주안8동,1725,5.0,2.898550724637681,0.0135754907356448,0.0017308750687947119
470,인천광역시,미추홀구,관교동,1375,0.0,0.0,0.0,0.0
471,인천광역시,미추홀구,문학동,1246,0.0,0.0,0.0,0.0
472,인천광역시,연수구,옥련1동,1897,0.0,0.0,0.0,0.0
473,인천광역시,연수구,옥련2동,2580,3.0,1.162790697674419,0.0054459817486017,0.0006943626729467167
474,인천광역시,연수구,선학동,1636,0.0,0.0,0.0,0.0
475,인천광역시,연수구,연수1동,1146,1.0,0.8726003490401396,0.0040868623942386,0.0005210749552654215
476,인천광역시,연수구,연수2동,1887,2.0,1.0598834128245893,0.004964010920824,0.00063291139240506
477,인천광역시,연수구,연수3동,1166,4.0,3.4305317324185247,0.0160670473543652,0.002048548537681563
478,인천광역시,연수구,청학동,1644,2.0,1.2165450121654502,0.0056977424620407,0.0007264621639101893
479,인천광역시,연수구,동춘1동,4113,0.0,0.0,0.0,0.0
480,인천광역시,연수구,동춘2동,1956,18.0,9.202453987730062,0.0431001009551914,0.005495262871786904
481,인천광역시,연수구,동춘3동,2904,2.0,0.6887052341597797,0.0032255814764445,0.0004112616382466738
482,인천광역시,연수구,송도1동,5986,18.0,3.0070163715335783,0.0140834943983218,0.0017956455357860295
483,인천광역시,연수구,송도2동,9634,9.0,0.93419140543907,0.0043753268356007,0.0005578541715390893
484,인천광역시,연수구,송도3동,10519,17.0,1.6161232056279111,0.0075691846339535,0.0009650710408290712
485,인천광역시,연수구,송도4동,13470,4.0,0.2969561989606533,0.0013908075141195,0.00017732795805023625
486,인천광역시,연수구,송도5동,10698,5.0,0.4673770798280052,0.0021889812599539,0.00027909511064412227
487,인천광역시,남동구,구월1동,4283,28.0,6.537473733364464,0.0306185478651247,0.0039038648528033995
488,인천광역시,남동구,구월2동,6189,1.0,0.1615769914364194,0.0007567529978667,9.648600722800426e-05
489,인천광역시,남동구,구월3동,2056,7.0,3.404669260700389,0.0159459193222676,0.002033104713589119
490,인천광역시,남동구,구월4동,777,9.0,11.583011583011585,0.0542495479204339,0.006916817359855322
491,인천광역시,남동구,간석1동,1530,0.0,0.0,0.0,0.0
492,인천광역시,남동구,간석2동,2467,14.0,5.674908796108634,0.0265786867665847,0.0033887825627395493
493,인천광역시,남동구,간석3동,2236,1.0,0.4472271914132379,0.0020946083648468,0.00026706256651796696
494,인천광역시,남동구,간석4동,2718,1.0,0.3679175864606328,0.0017231583163346,0.0002197026853326615
495,인천광역시,남동구,만수1동,977,0.0,0.0,0.0,0.0
496,인천광역시,남동구,만수2동,2590,6.0,2.3166023166023164,0.0108499095840867,0.0013833634719710543
497,인천광역시,남동구,만수3동,1840,1.0,0.5434782608695652,0.0025454045129334,0.0003245390753990085
498,인천광역시,남동구,만수4동,1756,0.0,0.0,0.0,0.0
499,인천광역시,남동구,만수5동,949,0.0,0.0,0.0,0.0
500,인천광역시,남동구,만수6동,2000,2.0,1.0,0.0046835443037974,0.0005971518987341686
501,인천광역시,남동구,장수서창동,2307,1.0,0.4334633723450368,0.0020301449084514,0.0002588434758275535
502,인천광역시,남동구,서창2동,7501,4.0,0.5332622317024396,0.0024975572877202,0.00031843855418432553
503,인천광역시,남동구,남촌도림동,1698,2.0,1.1778563015312131,0.0055165421717284,0.000703359126895371
504,인천광역시,남동구,논현1동,4159,2.0,0.4808848280836739,0.0022522453973539,0.00028716128816262226
505,인천광역시,남동구,논현2동,3405,6.0,1.762114537444934,0.0082529415044889,0.0010522500418223347
506,인천광역시,남동구,논현고잔동,6945,25.0,3.599712023038157,0.0168594107408116,0.0021495748694534793
507,인천광역시,부평구,부평1동,3064,23.0,7.506527415143603,0.0351571537164953,0.0044825370988531505
508,인천광역시,부평구,부평2동,1618,0.0,0.0,0.0,0.0
509,인천광역시,부평구,부평3동,1563,13.0,8.317338451695457,0.0389546231281939,0.004966714448844722
510,인천광역시,부평구,부평4동,3053,3.0,0.982640026203734,0.0046022380974098,0.0005867853574197494
511,인천광역시,부평구,부평5동,4149,5.0,1.205109664979513,0.005644184506866,0.000719633524625415
512,인천광역시,부평구,부평6동,2108,14.0,6.641366223908919,0.0311051329474215,0.003965904450796242
513,인천광역시,부평구,산곡1동,1976,4.0,2.0242914979757085,0.0094808589145697,0.0012088095116076366
514,인천광역시,부평구,산곡2동,4233,12.0,2.834868887313962,0.0132772340291919,0.0016928473387219673
515,인천광역시,부평구,산곡3동,1836,0.0,0.0,0.0,0.0
516,인천광역시,부평구,산곡4동,1856,11.0,5.926724137931034,0.0277580750763858,0.0035391545722391897
517,인천광역시,부평구,청천1동,4012,1.0,0.2492522432701894,0.0011673839241768,0.000148841450332542
518,인천광역시,부평구,청천2동,3980,3.0,0.7537688442211055,0.0035303097767317,0.00045011449653329174
519,인천광역시,부평구,갈산1동,1125,7.0,6.222222222222221,0.0291420534458509,0.0037156118143459897
520,인천광역시,부평구,갈산2동,1520,0.0,0.0,0.0,0.0
521,인천광역시,부평구,삼산1동,3666,1.0,0.2727768685215493,0.0012775625487718,0.0001628892249684045
522,인천광역시,부평구,삼산2동,4179,9.0,2.1536252692031588,0.0100865993620907,0.0012860414186665642
523,인천광역시,부평구,부개1동,1116,6.0,5.376344086021506,0.0251803457193412,0.003210494079216003
524,인천광역시,부평구,부개2동,2256,1.0,0.4432624113475177,0.0020760391417541,0.00026469499057364774
525,인천광역시,부평구,부개3동,2681,2.0,0.7459903021260724,0.0034938786302107,0.00044546952535186427
526,인천광역시,부평구,일신동,1280,1.0,0.78125,0.0036590189873417,0.0004665249208860668
527,인천광역시,부평구,십정1동,3089,0.0,0.0,0.0,0.0
528,인천광역시,부평구,십정2동,1571,5.0,3.182686187141948,0.0149062517625635,0.0019005470997268464
529,인천광역시,계양구,효성1동,2723,2.0,0.7344840249724568,0.0034399884713899,0.00043859853010221224
530,인천광역시,계양구,효성2동,2982,5.0,1.676727028839705,0.0078530253249454,0.0010012607289305385
531,인천광역시,계양구,계산1동,1024,1.0,0.9765625,0.0045737737341772,0.000583156151107593
532,인천광역시,계양구,계산2동,833,0.0,0.0,0.0,0.0
533,인천광역시,계양구,계산3동,1239,6.0,4.842615012106537,0.0226806019554356,0.002891776749318039
534,인천광역시,계양구,계산4동,2658,2.0,0.7524454477050414,0.0035241115905172,0.00044932422779094303
535,인천광역시,계양구,작전1동,2688,5.0,1.8601190476190477,0.0087119499698613,0.001110773621157316
536,인천광역시,계양구,작전2동,2477,16.0,6.459426725878078,0.0302530112477834,0.003857258934092384
537,인천광역시,계양구,작전서운동,3895,16.0,4.10783055198973,0.0192392063827367,0.0024529988137989294
538,인천광역시,계양구,계양1동,1793,2.0,1.1154489682097044,0.0052242546612353,0.0006660924693075008
539,인천광역시,계양구,계양2동,2383,5.0,2.0981955518254303,0.0098269918250051,0.0012529414576881502
540,인천광역시,계양구,계양3동,3380,12.0,3.5502958579881656,0.0166279679424762,0.0021200659126657155
541,인천광역시,서구,검암경서동,5873,3.0,0.510812191384301,0.0023924115292682,0.00030503246998169555
542,인천광역시,서구,연희동,3039,7.0,2.303389272787101,0.0107880257079902,0.0013754732777687504
543,인천광역시,서구,청라1동,6128,20.0,3.2637075718015662,0.0152857190071718,0.0019489291734144044
544,인천광역시,서구,청라2동,10205,3.0,0.2939735423811857,0.0013768381098865,0.00017554685901052875
545,인천광역시,서구,청라3동,7987,1.0,0.125203455615375,0.0005863959313631,7.476548124879526e-05
546,인천광역시,서구,가정1동,7932,11.0,1.3867876954109934,0.0064950816114185,0.0008281229054558588
547,인천광역시,서구,가정2동,3007,0.0,0.0,0.0,0.0
548,인천광역시,서구,가정3동,700,0.0,0.0,0.0,0.0
549,인천광역시,서구,석남1동,1572,0.0,0.0,0.0,0.0
550,인천광역시,서구,석남2동,969,2.0,2.063983488132094,0.0096667581089731,0.0012325116588940703
551,인천광역시,서구,석남3동,1068,2.0,1.8726591760299625,0.0087706822168491,0.0011182619826482602
552,인천광역시,서구,신현원창동,3863,4.0,1.0354646647683148,0.0048496446324591,0.0006183296906385352
553,인천광역시,서구,가좌1동,1049,0.0,0.0,0.0,0.0
554,인천광역시,서구,가좌2동,1976,34.0,17.206477732793523,0.080587300773843,0.010274880848664984
555,인천광역시,서구,가좌3동,1030,4.0,3.883495145631068,0.0181885215681455,0.002319036499938551
556,인천광역시,서구,가좌4동,1410,1.0,0.7092198581560284,0.0033216626268067,0.00042351198491785426
557,인천광역시,서구,검단동,4003,2.0,0.4996252810392206,0.0023400171390444,0.000298352185228161
558,인천광역시,서구,불로대곡동,9386,3.0,0.3196249733645855,0.0014969777233531,0.00019086465972752026
559,인천광역시,서구,원당동,3432,5.0,1.456876456876457,0.0068233454309403,0.0008699765424448882
560,인천광역시,서구,당하동,6800,12.0,1.7647058823529411,0.008265078183172,0.00105379746835443
561,인천광역시,서구,오류왕길동,3523,6.0,1.7030939540164631,0.0079765159871657,0.0010170057883636268
562,인천광역시,서구,마전동,3158,0.0,0.0,0.0,0.0
563,인천광역시,서구,아라1동,11338,3.0,0.2645969306756041,0.001239251447468,0.00015800455955217
564,인천광역시,서구,아라2동,8624,21.0,2.435064935064935,0.0114047345060003,0.0014541036495150383
565,인천광역시,강화군,강화읍,2536,3.0,1.1829652996845426,0.0055404703909276,0.000706409974843269
566,인천광역시,강화군,선원면,1158,0.0,0.0,0.0,0.0
567,인천광역시,강화군,불은면,279,0.0,0.0,0.0,0.0
568,인천광역시,강화군,길상면,504,0.0,0.0,0.0,0.0
569,인천광역시,강화군,화도면,252,0.0,0.0,0.0,0.0
570,인천광역시,강화군,양도면,275,0.0,0.0,0.0,0.0
571,인천광역시,강화군,내가면,133,0.0,0.0,0.0,0.0
572,인천광역시,강화군,하점면,211,0.0,0.0,0.0,0.0
573,인천광역시,강화군,양사면,118,0.0,0.0,0.0,0.0
574,인천광역시,강화군,송해면,210,0.0,0.0,0.0,0.0
575,인천광역시,강화군,교동면,99,0.0,0.0,0.0,0.0
576,인천광역시,강화군,삼산면,97,0.0,0.0,0.0,0.0
577,인천광역시,강화군,서도면,13,0.0,0.0,0.0,0.0
578,인천광역시,강화군,서도면볼음출장소,7,0.0,0.0,0.0,0.0
579,인천광역시,옹진군,북도면,42,0.0,0.0,0.0,0.0
580,인천광역시,옹진군,북도면장봉출장소,12,0.0,0.0,0.0,0.0
581,인천광역시,옹진군,백령면,365,0.0,0.0,0.0,0.0
582,인천광역시,옹진군,대청면,61,0.0,0.0,0.0,0.0
583,인천광역시,옹진군,대청면소청출장소,4,0.0,0.0,0.0,0.0
584,인천광역시,옹진군,덕적면,63,0.0,0.0,0.0,0.0
585,인천광역시,옹진군,영흥면,487,0.0,0.0,0.0,0.0
586,인천광역시,옹진군,자월면,26,0.0,0.0,0.0,0.0
587,인천광역시,옹진군,자월면이작출장소,25,0.0,0.0,0.0,0.0
588,인천광역시,옹진군,연평면,76,0.0,0.0,0.0,0.0
589,경기도,성남시,신흥1동,636,1.0,1.572327044025157,0.0073640633707507,0.0009389180797707142
590,경기도,성남시,신흥2동,4646,6.0,1.2914334911752046,0.0060484859713269,0.0007711819613441797
591,경기도,성남시,신흥3동,599,2.0,3.33889816360601,0.0156378774751167,0.001993829378077379
592,경기도,성남시,태평1동,636,3.0,4.716981132075471,0.0220921901122522,0.002816754239312156
593,경기도,성남시,태평2동,927,8.0,8.629989212513484,0.0404189368181011,0.005153414444307891
594,경기도,성남시,태평3동,804,2.0,2.487562189054726,0.0116506077208892,0.0014854524844133729
595,경기도,성남시,태평4동,847,0.0,0.0,0.0,0.0
596,경기도,성남시,수진1동,498,0.0,0.0,0.0,0.0
597,경기도,성남시,수진2동,988,1.0,1.0121457489878545,0.0047404294572848,0.000604404755803812
598,경기도,성남시,단대동,1432,17.0,11.871508379888269,0.0556007354501096,0.007089093769888974
599,경기도,성남시,산성동,396,1.0,2.525252525252525,0.0118271320802966,0.0015079593402378166
600,경기도,성남시,양지동,733,0.0,0.0,0.0,0.0
601,경기도,성남시,복정동,1540,0.0,0.0,0.0,0.0
602,경기도,성남시,위례동,8115,14.0,1.725200246457178,0.0080800517872045,0.001030206602868574
603,경기도,성남시,신촌동,729,0.0,0.0,0.0,0.0
604,경기도,성남시,고등동,1705,1.0,0.5865102639296188,0.0027469468057463,0.00035023571773265327
605,경기도,성남시,시흥동,238,0.0,0.0,0.0,0.0
606,경기도,성남시,성남동,2117,3.0,1.4170996693434106,0.0066370490842666,0.0008462237582439915
607,경기도,성남시,중앙동,2206,0.0,0.0,0.0,0.0
608,경기도,성남시,금광1동,3126,2.0,0.6397952655150352,0.0029965094713995,0.0003820549576034362
609,경기도,성남시,금광2동,2017,7.0,3.4705007436787305,0.0162542439893813,0.002072416108646116
610,경기도,성남시,은행1동,876,0.0,0.0,0.0,0.0
611,경기도,성남시,은행2동,1498,8.0,5.34045393858478,0.0250122526237515,0.0031890622095283165
612,경기도,성남시,상대원1동,1968,1.0,0.508130081300813,0.0023798497478645,0.0003034308428527238
613,경기도,성남시,상대원2동,247,1.0,4.048582995951417,0.0189617178291395,0.0024176190232152862
614,경기도,성남시,상대원3동,780,0.0,0.0,0.0,0.0
615,경기도,성남시,하대원동,2050,1.0,0.4878048780487805,0.0022846557579499,0.00029129360913861225
616,경기도,성남시,도촌동,3846,5.0,1.3000520020800832,0.0060888511489826,0.0007763285214952815
617,경기도,성남시,분당동,3496,0.0,0.0,0.0,0.0
618,경기도,성남시,수내1동,2945,1.0,0.3395585738539898,0.0015903376243794,0.0002027680471083735
619,경기도,성남시,수내2동,2577,0.0,0.0,0.0,0.0
620,경기도,성남시,수내3동,2561,3.0,1.1714174150722374,0.0054863853617307,0.0006995141336206643
621,경기도,성남시,정자동,1789,2.0,1.1179429849077698,0.0052359354989351,0.0006675817761142253
622,경기도,성남시,정자1동,4407,11.0,2.496029044701612,0.0116902626144252,0.001490508483339213
623,경기도,성남시,정자2동,1532,1.0,0.6527415143603134,0.0030571438014343,0.00038978583468287324
624,경기도,성남시,정자3동,2594,0.0,0.0,0.0,0.0
625,경기도,성남시,서현1동,4872,16.0,3.284072249589491,0.0153810978778241,0.0019610899794225726
626,경기도,성남시,서현2동,2628,3.0,1.141552511415525,0.0053465117623258,0.0006816802496965394
627,경기도,성남시,이매1동,4018,1.0,0.2488800398208063,0.0011656406928316,0.000148619188336029
628,경기도,성남시,이매2동,2127,6.0,2.8208744710860367,0.0132116905607827,0.0016844905464997943
629,경기도,성남시,야탑1동,1887,34.0,18.01801801801802,0.0843881856540084,0.01075949367088607
630,경기도,성남시,야탑2동,2279,0.0,0.0,0.0,0.0
631,경기도,성남시,야탑3동,2891,6.0,2.075406433759945,0.009720257980901,0.0012393328925648776
632,경기도,성남시,판교동,5699,12.0,2.1056325671170377,0.0098618234156114,0.0012573824854904534
633,경기도,성남시,삼평동,4198,20.0,4.76417341591234,0.0223132172643995,0.002844935201210936
634,경기도,성남시,백현동,3979,12.0,3.0158331239004776,0.0141247880486478,0.0018009104762025945
635,경기도,성남시,금곡동,3118,2.0,0.6414368184733803,0.0030041977574069,0.00038303521406937973
636,경기도,성남시,구미1동,2037,2.0,0.9818360333824252,0.0045984725614113,0.0005863052515799408
637,경기도,성남시,구미동,3200,35.0,10.9375,0.0512262658227848,0.006531348892405062
638,경기도,성남시,운중동,7545,2.0,0.2650762094102054,0.0012414961706553,0.00015829076175855075
639,경기도,안양시,안양1동,2197,1.0,0.4551661356395084,0.0021317907618559,0.00027180332213662726
640,경기도,안양시,안양2동,2108,0.0,0.0,0.0,0.0
641,경기도,안양시,안양3동,1105,0.0,0.0,0.0,0.0
642,경기도,안양시,안양4동,401,8.0,19.950124688279303,0.0934372928438397,0.011913254837589562
643,경기도,안양시,안양5동,1739,4.0,2.3001725129384702,0.0107729598707244,0.001373552383517361
644,경기도,안양시,안양6동,2957,0.0,0.0,0.0,0.0
645,경기도,안양시,안양7동,2376,10.0,4.2087542087542085,0.0197118868004943,0.0025132655670630235
646,경기도,안양시,안양8동,514,0.0,0.0,0.0,0.0
647,경기도,안양시,안양9동,1312,0.0,0.0,0.0,0.0
648,경기도,안양시,석수1동,1950,19.0,9.743589743589745,0.0456345342421291,0.005818403115871461
649,경기도,안양시,석수2동,2858,8.0,2.7991602519244223,0.0131099910533169,0.0016715238592979046
650,경기도,안양시,충훈동,1213,1.0,0.8244023083264633,0.0038611247351998,0.0004922934037379745
651,경기도,안양시,박달동,991,0.0,0.0,0.0,0.0
652,경기도,안양시,호현동,3056,0.0,0.0,0.0,0.0
653,경기도,안양시,비산1동,4309,12.0,2.784868879090276,0.0130430567754861,0.0016629897388744778
654,경기도,안양시,비산2동,2038,14.0,6.869479882237488,0.0321735133725046,0.004102122954994336
655,경기도,안양시,비산3동,2204,0.0,0.0,0.0,0.0
656,경기도,안양시,부흥동,2388,0.0,0.0,0.0,0.0
657,경기도,안양시,달안동,688,5.0,7.267441860465116,0.0340373859287606,0.004339766705916977
658,경기도,안양시,관양동,2588,38.0,14.683153013910356,0.0687691976600864,0.008768072701661018
659,경기도,안양시,인덕원동,1738,0.0,0.0,0.0,0.0
660,경기도,안양시,부림동,3223,5.0,1.5513496742165684,0.007265814929875,0.0009263914035590625
661,경기도,안양시,평촌동,2189,0.0,0.0,0.0,0.0
662,경기도,안양시,평안동,4716,12.0,2.544529262086514,0.0119174155312912,0.001519470480239628
663,경기도,안양시,귀인동,3896,0.0,0.0,0.0,0.0
664,경기도,안양시,호계1동,5842,3.0,0.5135227661759671,0.0024051066263937,0.00030665109486519677
665,경기도,안양시,호계2동,3960,1.0,0.2525252525252525,0.0011827132080296,0.000150795934023774
666,경기도,안양시,호계3동,3170,6.0,1.892744479495268,0.0088647526254841,0.0011302559597492227
667,경기도,안양시,범계동,2533,8.0,3.1583103039873666,0.0147920862338648,0.001885990994817762
668,경기도,안양시,신촌동,2003,0.0,0.0,0.0,0.0
669,경기도,안양시,갈산동,1714,0.0,0.0,0.0,0.0
670,경기도,부천시,심곡1동,969,2.0,2.063983488132094,0.0096667581089731,0.0012325116588940703
671,경기도,부천시,심곡2동,1291,0.0,0.0,0.0,0.0
672,경기도,부천시,심곡3동,873,1.0,1.145475372279496,0.0053648846549799,0.0006840227935099372
673,경기도,부천시,원미1동,1651,0.0,0.0,0.0,0.0
674,경기도,부천시,원미2동,949,0.0,0.0,0.0,0.0
675,경기도,부천시,소사동,302,8.0,26.490066225165563,0.1240673987760918,0.015818593343951703
676,경기도,부천시,역곡1동,1669,2.0,1.1983223487118035,0.0056123958104223,0.0007155804658288432
677,경기도,부천시,역곡2동,1460,0.0,0.0,0.0,0.0
678,경기도,부천시,춘의동,1187,0.0,0.0,0.0,0.0
679,경기도,부천시,도당동,1948,0.0,0.0,0.0,0.0
680,경기도,부천시,약대동,2345,1.0,0.4264392324093816,0.0019972470378667,0.00025464899732800426
681,경기도,부천시,중동,2724,1.0,0.3671071953010278,0.0017193628134351,0.00021921875871297526
682,경기도,부천시,중1동,4986,27.0,5.415162454873646,0.0253621532696613,0.0032336745418818156
683,경기도,부천시,중2동,3807,3.0,0.7880220646178093,0.0036907362520074,0.0004705688721309435
684,경기도,부천시,중3동,2372,2.0,0.8431703204047217,0.0039490255512626,0.0005035007577859815
685,경기도,부천시,중4동,1620,8.0,4.938271604938271,0.0231286138459134,0.0029488982653539586
686,경기도,부천시,상동,1664,1.0,0.6009615384615385,0.0028146299902629,0.0003588653237585197
687,경기도,부천시,상1동,2855,1.0,0.3502626970227671,0.0016404708594737,0.00020916003458289678
688,경기도,부천시,상2동,4760,12.0,2.521008403361345,0.0118072545473885,0.0015054249547920338
689,경기도,부천시,상3동,4748,6.0,1.2636899747262005,0.0059185479828948,0.000754614867819087
690,경기도,부천시,심곡본1동,1089,0.0,0.0,0.0,0.0
691,경기도,부천시,심곡본동,871,1.0,1.148105625717566,0.0053772035634873,0.0006855934543446308
692,경기도,부천시,소사본동,2625,8.0,3.047619047619048,0.0142736588306208,0.001819891500904152
693,경기도,부천시,소사본1동,3096,3.0,0.9689922480620154,0.0045383181238347,0.0005786355607889243
694,경기도,부천시,범박동,5437,5.0,0.9196247930844216,0.0043071034612814,0.0005491556913133785
695,경기도,부천시,옥길동,7184,11.0,1.5311804008908685,0.0071713512446787,0.0009143472836965343
696,경기도,부천시,괴안동,1630,0.0,0.0,0.0,0.0
697,경기도,부천시,역곡3동,1990,6.0,3.015075376884422,0.014121239106927,0.0018004579861331923
698,경기도,부천시,송내1동,2075,0.0,0.0,0.0,0.0
699,경기도,부천시,송내2동,2599,2.0,0.7695267410542517,0.0036041125846844,0.000459524354547261
700,경기도,부천시,성곡동,3578,35.0,9.782001117942986,0.0458144356156823,0.005841340540999493
701,경기도,부천시,원종1동,2168,10.0,4.612546125461255,0.0216030641319071,0.0027543906768181556
702,경기도,부천시,원종2동,1428,1.0,0.7002801120448179,0.0032797929298301,0.0004181735985533378
703,경기도,부천시,고강본동,1985,5.0,2.5188916876574305,0.0117973408156107,0.0015041609539903644
704,경기도,부천시,고강1동,945,0.0,0.0,0.0,0.0
705,경기도,부천시,오정동,2033,3.0,1.4756517461878995,0.0069112803302471,0.0008811882421065053
706,경기도,부천시,신흥동,1534,5.0,3.259452411994785,0.015265789777697,0.0019463881966563677
707,경기도,광명시,광명1동,2364,0.0,0.0,0.0,0.0
708,경기도,광명시,광명2동,690,2.0,2.898550724637681,0.0135754907356448,0.0017308750687947119
709,경기도,광명시,광명3동,532,0.0,0.0,0.0,0.0
710,경기도,광명시,광명4동,580,13.0,22.413793103448278,0.1049759930161501,0.013384439109559138
711,경기도,광명시,광명5동,1130,0.0,0.0,0.0,0.0
712,경기도,광명시,광명6동,1799,1.0,0.5558643690939411,0.0026034153995539,0.00033193546344312226
713,경기도,광명시,광명7동,3325,3.0,0.9022556390977444,0.0042257542590653,0.0005387836680308258
714,경기도,광명시,철산1동,1373,0.0,0.0,0.0,0.0
715,경기도,광명시,철산2동,2784,2.0,0.7183908045977011,0.003364615160774,0.000428988432998685
716,경기도,광명시,철산3동,6001,16.0,2.666222296283953,0.0124873702484185,0.0015921397066733587
717,경기도,광명시,철산4동,1206,1.0,0.8291873963515755,0.003883535906963,0.0004951508281377825
718,경기도,광명시,하안1동,3737,1.0,0.2675943270002676,0.0012532898859506,0.00015979446045870152
719,경기도,광명시,하안2동,1083,9.0,8.310249307479225,0.0389214208071811,0.00496248115291559
720,경기도,광명시,하안3동,1899,2.0,1.05318588730911,0.0049326427633464,0.000628911952326666
721,경기도,광명시,하안4동,1291,0.0,0.0,0.0,0.0
722,경기도,광명시,소하1동,4714,11.0,2.333474756045821,0.0109289324017335,0.0013934388812210212
723,경기도,광명시,소하2동,2750,2.0,0.7272727272727272,0.0034062140391254,0.0004342922899884885
724,경기도,광명시,일직동,3639,12.0,3.2976092333058533,0.0154444989407995,0.0019691736149519364
725,경기도,광명시,학온동,69,0.0,0.0,0.0,0.0
726,경기도,고양시,주교동,743,0.0,0.0,0.0,0.0
727,경기도,고양시,원신동,4164,6.0,1.440922190201729,0.0067486229161346,0.0008604494218071615
728,경기도,고양시,흥도동,5123,4.0,0.7807925043919579,0.0036568762863927,0.00046625172651506923
729,경기도,고양시,성사1동,2325,14.0,6.021505376344086,0.0282019872056621,0.0035957533687219177
730,경기도,고양시,성사2동,839,0.0,0.0,0.0,0.0
731,경기도,고양시,효자동,5633,10.0,1.7752529735487308,0.0083144759520636,0.001060095683888109
732,경기도,고양시,삼송1동,3196,0.0,0.0,0.0,0.0
733,경기도,고양시,삼송2동,3530,37.0,10.48158640226629,0.0490909742890952,0.006259099221859638
734,경기도,고양시,창릉동,3757,2.0,0.5323396326856535,0.0024932362543505,0.0003178876224296888
735,경기도,고양시,고양동,2986,0.0,0.0,0.0,0.0
736,경기도,고양시,관산동,2819,4.0,1.4189428875487762,0.006645681878393,0.0008473244394951075
737,경기도,고양시,능곡동,1881,0.0,0.0,0.0,0.0
738,경기도,고양시,화정1동,3266,6.0,1.837109614206981,0.0086041842690706,0.0010970334943065014
739,경기도,고양시,화정2동,4072,15.0,3.6836935166994103,0.0172527417870731,0.0021997245778518203
740,경기도,고양시,행주동,742,2.0,2.6954177897574128,0.0126241086355726,0.0016095738510355066
741,경기도,고양시,행신1동,2040,0.0,0.0,0.0,0.0
742,경기도,고양시,행신2동,3169,21.0,6.626696118649416,0.0310364248594972,0.003957144169585893
743,경기도,고양시,행신3동,2361,10.0,4.235493434985175,0.0198371211511963,0.0025292329467775285
744,경기도,고양시,행신4동,1684,7.0,4.156769596199525,0.0194684145644787,0.002482222856971034
745,경기도,고양시,화전동,5261,9.0,1.7107013875689032,0.0080121457392467,0.0010215485817539544
746,경기도,고양시,대덕동,3624,2.0,0.5518763796909493,0.0025847374745019,0.00032955402799899225
747,경기도,고양시,식사동,7440,8.0,1.075268817204301,0.0050360691438682,0.0006420988158431955
748,경기도,고양시,중산1동,1789,4.0,2.23588596981554,0.0104718709978702,0.0013351635522284506
749,경기도,고양시,중산2동,3091,4.0,1.2940795858945326,0.0060608790731769,0.0007727620818300547
750,경기도,고양시,정발산동,1968,1.0,0.508130081300813,0.0023798497478645,0.0003034308428527238
751,경기도,고양시,풍산동,5866,7.0,1.1933174224343677,0.0055889550164647,0.0007125917645992492
752,경기도,고양시,백석1동,3151,11.0,3.4909552523008567,0.0163500435867255,0.0020846305573075014
753,경기도,고양시,백석2동,1293,8.0,6.187161639597835,0.0289778456538126,0.0036946753208611065
754,경기도,고양시,마두1동,3250,4.0,1.2307692307692308,0.0057643622200584,0.000734956183057446
755,경기도,고양시,마두2동,2483,6.0,2.4164317358034637,0.0113174650917377,0.0014429767991965567
756,경기도,고양시,장항1동,3773,0.0,0.0,0.0,0.0
757,경기도,고양시,장항2동,1584,18.0,11.363636363636363,0.0532220943613348,0.006785817031070187
758,경기도,고양시,고봉동,1766,0.0,0.0,0.0,0.0
759,경기도,고양시,일산1동,2643,0.0,0.0,0.0,0.0
760,경기도,고양시,일산2동,1564,8.0,5.115089514066496,0.0239567483570203,0.003054485415520088
761,경기도,고양시,일산3동,6106,3.0,0.4913200131018669,0.0023011190487049,0.0002933926787098747
762,경기도,고양시,탄현1동,3517,8.0,2.274665908444697,0.0106534985585384,0.0013583210662136461
763,경기도,고양시,탄현2동,2896,0.0,0.0,0.0,0.0
764,경기도,고양시,주엽1동,3107,5.0,1.6092693916961698,0.0075370844927542,0.0009609782728261605
765,경기도,고양시,주엽2동,3429,1.0,0.2916302128900554,0.0013658630223964,0.000174147535355541
766,경기도,고양시,대화동,3490,10.0,2.865329512893983,0.0134198977186173,0.0017110369591237058
767,경기도,고양시,송포동,2480,0.0,0.0,0.0,0.0
768,경기도,고양시,덕이동,4711,3.0,0.6368074718743367,0.0029825160075127,0.00038027079095786923
769,경기도,고양시,가좌동,2274,0.0,0.0,0.0,0.0
770,경기도,구리시,갈매동,5775,11.0,1.9047619047619049,0.008921036769138,0.001137432188065095
771,경기도,구리시,동구동,4133,10.0,2.419549963706751,0.0113320694502721,0.0014448388549096927
772,경기도,구리시,인창동,2964,20.0,6.747638326585696,0.0316028630485659,0.004029365038692153
773,경기도,구리시,교문1동,1042,0.0,0.0,0.0,0.0
774,경기도,구리시,교문2동,2789,9.0,3.2269630692004303,0.0151136245013184,0.001926987123918096
775,경기도,구리시,수택1동,1588,1.0,0.6297229219143576,0.0029493352039026,0.0003760402384975815
776,경기도,구리시,수택2동,2076,3.0,1.445086705202312,0.0067681276066437,0.0008629362698470718
777,경기도,구리시,수택3동,2350,14.0,5.957446808510639,0.0279019660651764,0.003557500673309991
778,경기도,남양주시,와부읍,7796,21.0,2.693689071318625,0.0126160121061758,0.0016085415435374145
779,경기도,남양주시,진접읍,13866,27.0,1.9472090004327127,0.0091198396222797,0.0011627795518406618
780,경기도,남양주시,화도읍,7967,18.0,2.259319693736664,0.0105816238820577,0.0013491570449623567
781,경기도,남양주시,화도읍동부출장소,1976,0.0,0.0,0.0,0.0
782,경기도,남양주시,화도읍남부출장소,5570,0.0,0.0,0.0,0.0
783,경기도,남양주시,진건읍,1510,1.0,0.6622516556291391,0.0031016849694022,0.0003954648335987805
784,경기도,남양주시,오남읍,6068,1.0,0.1647989452867501,0.0007718431614695,9.841000308736126e-05
785,경기도,남양주시,퇴계원읍,2548,5.0,1.9623233908948192,0.0091906285396339,0.0011718051388033223
786,경기도,남양주시,별내면,1836,1.0,0.5446623093681918,0.0025509500565345,0.00032524613220814874
787,경기도,남양주시,수동면,520,0.0,0.0,0.0,0.0
788,경기도,남양주시,조안면,249,0.0,0.0,0.0,0.0
789,경기도,남양주시,호평동,9487,33.0,3.4784441867819123,0.0162914474570798,0.0020771595507776746
790,경기도,남양주시,평내동,5815,8.0,1.3757523645743766,0.0064433971505382,0.0008215331366936206
791,경기도,남양주시,금곡동,949,1.0,1.053740779768177,0.0049352416267623,0.0006292433074121933
792,경기도,남양주시,양정동,130,0.0,0.0,0.0,0.0
793,경기도,남양주시,다산1동,21548,54.0,2.506033042509746,0.0117371167813747,0.0014964823896252743
794,경기도,남양주시,다산2동,7093,5.0,0.7049203440011279,0.0033015256617774,0.0004209445218766185
795,경기도,남양주시,별내동,13550,14.0,1.033210332103321,0.0048390863655471,0.0006169835116072552
796,경기도,하남시,천현동,385,0.0,0.0,0.0,0.0
797,경기도,하남시,신장1동,453,0.0,0.0,0.0,0.0
798,경기도,하남시,신장2동,5859,2.0,0.3413551800648575,0.0015987521091645,0.00020384089391847378
799,경기도,하남시,덕풍1동,1225,1.0,0.8163265306122449,0.0038233014724877,0.00048747093774218175
800,경기도,하남시,덕풍2동,1496,8.0,5.347593582887701,0.0250456914641575,0.0031933256616800813
801,경기도,하남시,덕풍3동,3825,15.0,3.92156862745098,0.0183668404070488,0.002341772151898722
802,경기도,하남시,감북동,221,0.0,0.0,0.0,0.0
803,경기도,하남시,감일동,9019,32.0,3.548065195697971,0.0166175205368132,0.0021187338684436827
804,경기도,하남시,위례동,7809,10.0,1.2805736970162631,0.0059976236442533,0.0007646970146422957
805,경기도,하남시,춘궁동,37,0.0,0.0,0.0,0.0
806,경기도,하남시,초이동,202,0.0,0.0,0.0,0.0
807,경기도,하남시,미사1동,7664,22.0,2.8705636743215037,0.0134444121455564,0.001714162548558441
808,경기도,하남시,미사2동,9347,41.0,4.386434149994651,0.0205440586771901,0.002619367481341738
809,경기도,하남시,미사3동,6305,6.0,0.9516256938937352,0.0044569810979833,0.0005682650899928708
810,경기도,용인시,포곡읍,3472,9.0,2.592165898617512,0.012140523828968,0.0015479167881934201
811,경기도,용인시,모현읍,4671,2.0,0.4281738385784628,0.0020053711427092,0.000255684820695423
812,경기도,용인시,이동읍,2002,1.0,0.4995004995004995,0.0023394327191795,0.0002982776716953863
813,경기도,용인시,남사읍,4673,1.0,0.2139952921035737,0.0010022564313711,0.00012778769499981527
814,경기도,용인시,양지읍,2452,0.0,0.0,0.0,0.0
815,경기도,용인시,원삼면,500,4.0,8.0,0.0374683544303797,0.004777215189873412
816,경기도,용인시,백암면,392,0.0,0.0,0.0,0.0
817,경기도,용인시,중앙동,2991,12.0,4.012036108324975,0.0187905488617752,0.002395794979876338
818,경기도,용인시,역북동,5607,17.0,3.031924380238987,0.0142001521606129,0.0018105194004781448
819,경기도,용인시,삼가동,1749,1.0,0.5717552887364208,0.0026778412257275,0.00034142475628025625
820,경기도,용인시,유림1동,1451,0.0,0.0,0.0,0.0
821,경기도,용인시,유림2동,7216,0.0,0.0,0.0,0.0
822,경기도,용인시,동부동,1064,0.0,0.0,0.0,0.0
823,경기도,용인시,신갈동,4538,4.0,0.881445570736007,0.0041282893819281,0.0005263568961958327
824,경기도,용인시,영덕1동,5565,19.0,3.414195867026056,0.0159905376050587,0.002038793544644984
825,경기도,용인시,영덕2동,2862,9.0,3.1446540880503147,0.0147281267415014,0.0018778361595414284
826,경기도,용인시,구갈동,5268,34.0,6.454062262718299,0.0302278865469084,0.003854055534730821
827,경기도,용인시,상갈동,1279,3.0,2.3455824863174355,0.0109856394928791,0.0014006690353420854
828,경기도,용인시,보라동,4890,26.0,5.316973415132924,0.0249022805518883,0.0031750407703657587
829,경기도,용인시,기흥동,2504,0.0,0.0,0.0,0.0
830,경기도,용인시,서농동,4222,5.0,1.1842728564661298,0.0055465943910438,0.0007071907848580845
831,경기도,용인시,구성동,5258,16.0,3.0429821224800304,0.0142519415862988,0.001817122552253097
832,경기도,용인시,마북동,4261,8.0,1.8774935461159352,0.0087933242033277,0.0011211488359242818
833,경기도,용인시,동백1동,5738,1.0,0.1742767514813523,0.0008162328866848,0.000104069693052312
834,경기도,용인시,동백2동,4506,9.0,1.9973368841544608,0.0093546157865462,0.0011927135127846405
835,경기도,용인시,동백3동,5372,50.0,9.307520476545047,0.0435921845104008,0.005558003525076102
836,경기도,용인시,상하동,2728,8.0,2.932551319648094,0.0137347340287315,0.0017511785886632663
837,경기도,용인시,보정동,5993,8.0,1.3348907058234607,0.0062520197614516,0.000797132519585079
838,경기도,용인시,풍덕천1동,4475,4.0,0.893854748603352,0.0041864083162435,0.0005337670603210463
839,경기도,용인시,풍덕천2동,8675,20.0,2.3054755043227666,0.0107977966658154,0.0013767190748914635
840,경기도,용인시,신봉동,7323,25.0,3.4139014065273794,0.0159891584862674,0.0020386177069990938
841,경기도,용인시,죽전1동,4364,2.0,0.4582951420714941,0.0021464456021069,0.00027367181426862975
842,경기도,용인시,죽전2동,2093,1.0,0.4777830864787386,0.0022377182531282,0.0002853090772738455
843,경기도,용인시,죽전3동,3800,0.0,0.0,0.0,0.0
844,경기도,용인시,동천동,9162,4.0,0.4365858982754857,0.0020447693969864,0.000260708098115766
845,경기도,용인시,상현1동,3819,1.0,0.2618486514794449,0.0012263797600936,0.000156363419411934
846,경기도,용인시,상현2동,5954,7.0,1.175680214981525,0.0055063503739641,0.0007020596726804228
847,경기도,용인시,상현3동,4658,3.0,0.6440532417346501,0.0030164518916686,0.0003845976161877465
848,경기도,용인시,성복동,10108,5.0,0.4946576968737634,0.0023167512385226,0.00029538578291163147
849,경기도,김포시,통진읍,3975,5.0,1.2578616352201255,0.0058912506966005,0.0007511344638165638
850,경기도,김포시,고촌읍,10932,22.0,2.012440541529455,0.0094253544350113,0.0012017326904639409
851,경기도,김포시,양촌읍,3617,1.0,0.2764722145424385,0.0012948698655785,0.00016509590786125878
852,경기도,김포시,대곶면,515,0.0,0.0,0.0,0.0
853,경기도,김포시,월곶면,214,0.0,0.0,0.0,0.0
854,경기도,김포시,하성면,461,0.0,0.0,0.0,0.0
855,경기도,김포시,김포본동,8575,20.0,2.332361516034985,0.010923718492822,0.001392774107834805
856,경기도,김포시,장기본동,7761,45.0,5.798221878623889,0.0271562290517827,0.0034624192041022945
857,경기도,김포시,사우동,2326,8.0,3.4393809114359417,0.0161084928763455,0.0020538328417340516
858,경기도,김포시,풍무동,9962,26.0,2.609917687211404,0.0122236651173192,0.001558517302458198
859,경기도,김포시,장기동,8419,3.0,0.3563368571089203,0.0016689194573455,0.00021278723081155125
860,경기도,김포시,구래동,8787,40.0,4.552179355866621,0.0213203336920335,0.0027183425457342715
861,경기도,김포시,마산동,7726,1.0,0.1294330830960393,0.0006062055790573,7.729121132980575e-05
862,경기도,김포시,운양동,10621,12.0,1.1298371151492326,0.0052916421848761,0.0006746843785717027
