시군구,행정동,학생수(계)_초,학급수(계)_초,학생수(계)_중,학급수(계)_중,총학생수,총학급수,학급당학생수,정규화값,가중치적용값
송파구,가락1동,1833,84,853,30,2686,114,23.56140351,0.721793543,0.03796634
송파구,가락2동,1409,66,896,34,2305,100,23.05,0.706126915,0.037142276
송파구,가락본동,693,42,736,30,1429,72,19.84722222,0.608011184,0.031981388
구로구,가리봉동,267,19,0,0,267,19,14.05263158,0.430496372,0.022644109
금천구,가산동,265,15,0,0,265,15,17.66666667,0.541210795,0.028467688
강서구,가양1동,251,15,373,17,624,32,19.5,0.597374179,0.031421882
강서구,가양2동,388,22,0,0,388,22,17.63636364,0.540282475,0.028418858
강서구,가양3동,153,14,59,5,212,19,11.15789474,0.341817344,0.017979592
종로구,가회동,153,10,277,12,430,22,19.54545455,0.59876666,0.031495126
은평구,갈현2동,1252,56,1252,64,2504,120,20.86666667,0.63924143,0.033624099
강동구,강일동,2126,93,865,37,2991,130,23.00769231,0.704830837,0.037074102
구로구,개봉1동,188,15,1005,44,1193,59,20.22033898,0.619441457,0.032582621
구로구,개봉3동,1551,83,452,18,2003,101,19.83168317,0.607535152,0.031956349
강남구,개포1동,1806,78,1927,65,3733,143,26.1048951,0.799712323,0.042064868
강남구,개포2동,3377,143,940,31,4317,174,24.81034483,0.760054327,0.039978858
강남구,개포3동,184,14,988,30,1172,44,26.63636364,0.815993635,0.042921265
강남구,개포4동,975,51,0,0,975,51,19.11764706,0.58566096,0.030805767
송파구,거여1동,581,32,0,0,581,32,18.15625,0.556208972,0.029256592
송파구,거여2동,548,29,419,18,967,47,20.57446809,0.630290051,0.033153257
강동구,고덕1동,2973,116,1984,65,4957,181,27.38674033,0.838981104,0.044130406
강동구,고덕2동,1814,78,1483,49,3297,127,25.96062992,0.79529282,0.041832402
구로구,고척1동,1427,73,814,32,2241,105,21.34285714,0.653829322,0.034391422
구로구,고척2동,1125,57,311,14,1436,71,20.22535211,0.619595032,0.032590699
마포구,공덕동,1074,56,0,0,1074,56,19.17857143,0.587527352,0.030903939
노원구,공릉1동,1134,64,0,0,1134,64,17.71875,0.542806346,0.028551614
노원구,공릉2동,2953,125,1763,75,4716,200,23.58,0.722363239,0.037996306
강서구,공항동,2248,108,1613,65,3861,173,22.31791908,0.683699928,0.035962616
광진구,광장동,2697,117,2478,97,5175,214,24.18224299,0.740812696,0.038966748
중구,광희동,0,0,252,13,252,13,19.38461538,0.593839421,0.031235954
종로구,교남동,0,0,250,13,250,13,19.23076923,0.58912641,0.030988049
구로구,구로1동,909,45,539,22,1448,67,21.6119403,0.662072569,0.034825017
구로구,구로2동,364,22,0,0,364,22,16.54545455,0.50686294,0.026660991
구로구,구로3동,901,53,535,23,1436,76,18.89473684,0.578832201,0.030446574
구로구,구로4동,324,21,432,22,756,43,17.58139535,0.538598545,0.028330283
구로구,구로5동,853,46,524,22,1377,68,20.25,0.620350109,0.032630416
은평구,구산동,1642,78,1693,72,3335,150,22.23333333,0.68110868,0.035826317
광진구,구의1동,0,0,422,18,422,18,23.44444444,0.718210552,0.037777875
광진구,구의2동,1035,56,0,0,1035,56,18.48214286,0.56619256,0.029781729
광진구,구의3동,654,32,0,0,654,32,20.4375,0.626094092,0.032932549
광진구,군자동,777,37,0,0,777,37,21,0.643326039,0.03383895
성동구,금호1가동,683,33,0,0,683,33,20.6969697,0.634042836,0.033350653
성동구,금호2.3가동,536,29,0,0,536,29,18.48275862,0.566211424,0.029782721
성동구,금호4가동,773,45,0,0,773,45,17.17777778,0.526233893,0.027679903
강동구,길동,1705,91,527,22,2232,113,19.75221239,0.605100598,0.031828291
성북구,길음1동,3001,139,910,31,3911,170,23.00588235,0.704775389,0.037071185
관악구,낙성대동,668,36,0,0,668,36,18.55555556,0.568441527,0.029900024
관악구,난곡동,243,15,767,36,1010,51,19.80392157,0.606684687,0.031911615
관악구,난향동,595,32,0,0,595,32,18.59375,0.569611597,0.02996157
서대문구,남가좌1동,1564,66,0,0,1564,66,23.6969697,0.725946555,0.038184789
서대문구,남가좌2동,1379,65,795,31,2174,96,22.64583333,0.693745441,0.03649101
관악구,남현동,433,28,0,0,433,28,15.46428571,0.473741794,0.024918818
서초구,내곡동,861,40,469,21,1330,61,21.80327869,0.667934139,0.035133336
동작구,노량진1동,890,56,355,15,1245,71,17.53521127,0.537183715,0.028255863
은평구,녹번동,1920,100,0,0,1920,100,19.2,0.588183807,0.030938468
강남구,논현1동,198,14,0,0,198,14,14.14285714,0.433260394,0.022789497
강남구,논현2동,396,20,306,13,702,33,21.27272727,0.651680923,0.034278417
광진구,능동,732,30,0,0,732,30,24.4,0.747483589,0.039317637
중구,다산동,308,18,413,21,721,39,18.48717949,0.566346855,0.029789845
동대문구,답십리1동,1365,70,384,17,1749,87,20.10344828,0.61586056,0.032394265
동대문구,답십리2동,464,24,0,0,464,24,19.33333333,0.592268417,0.031153319
영등포구,당산2동,1535,70,905,38,2440,108,22.59259259,0.692114434,0.036405219
영등포구,대림1동,313,21,460,22,773,43,17.97674419,0.550709888,0.02896734
영등포구,대림2동,531,38,0,0,531,38,13.97368421,0.428077853,0.022516895
영등포구,대림3동,571,37,409,20,980,57,17.19298246,0.526699682,0.027704403
동작구,대방동,1979,103,1416,64,3395,167,20.32934132,0.622780697,0.032758265
은평구,대조동,770,43,0,0,770,43,17.90697674,0.548572592,0.028854918
강남구,대치1동,1461,48,1738,50,3199,98,32.64285714,1,0.0526
강남구,대치2동,2327,90,1860,54,4187,144,29.07638889,0.890742767,0.04685307
강남구,대치4동,836,38,0,0,836,38,22,0.673960613,0.035450328
관악구,대학동,254,15,230,12,484,27,17.92592593,0.549153092,0.028885453
마포구,대흥동,657,39,840,36,1497,75,19.96,0.611466083,0.032163116
강남구,도곡1동,1306,55,1323,40,2629,95,27.67368421,0.847771508,0.044592781
강남구,도곡2동,1956,62,1563,48,3519,110,31.99090909,0.98002785,0.051549465
도봉구,도봉1동,500,33,384,17,884,50,17.68,0.541619256,0.028489173
도봉구,도봉2동,654,34,267,13,921,47,19.59574468,0.600307277,0.031576163
마포구,도화동,659,33,0,0,659,33,19.96969697,0.611763146,0.032178741
금천구,독산1동,1555,87,1287,55,2842,142,20.01408451,0.613122939,0.032250267
금천구,독산2동,699,39,0,0,699,39,17.92307692,0.549065814,0.028880862
금천구,독산3동,526,35,240,12,766,47,16.29787234,0.499278365,0.026262042
금천구,독산4동,255,16,0,0,255,16,15.9375,0.488238512,0.025681346
성북구,돈암1동,1073,48,1118,41,2191,89,24.61797753,0.754161237,0.039668881
성북구,돈암2동,614,23,339,15,953,38,25.07894737,0.768282852,0.040411678
성북구,동선동,1894,91,647,24,2541,115,22.09565217,0.676890876,0.03560446
중구,동화동,350,21,0,0,350,21,16.66666667,0.510576222,0.026856309
강동구,둔촌1동,1996,90,438,15,2434,105,23.18095238,0.710138585,0.03735329
강동구,둔촌2동,1023,55,996,47,2019,102,19.79411765,0.606384348,0.031895817
강서구,등촌1동,462,24,0,0,462,24,19.25,0.589715536,0.031019037
강서구,등촌2동,1033,56,961,39,1994,95,20.98947368,0.64300357,0.033821988
강서구,등촌3동,1172,66,1392,60,2564,126,20.34920635,0.623389254,0.032790275
성동구,마장동,599,38,700,31,1299,69,18.82608696,0.576729141,0.030335953
송파구,마천1동,620,33,0,0,620,33,18.78787879,0.57555865,0.030274385
송파구,마천2동,230,16,0,0,230,16,14.375,0.440371991,0.023163567
중랑구,망우3동,647,37,355,15,1002,52,19.26923077,0.590304663,0.031050025
중랑구,망우본동,1371,71,1201,59,2572,130,19.78461538,0.60609325,0.031880505
마포구,망원2동,794,42,0,0,794,42,18.9047619,0.579139314,0.030462728
중랑구,면목2동,878,48,0,0,878,48,18.29166667,0.560357404,0.029474799
중랑구,면목3.8동,0,0,924,38,924,38,24.31578947,0.744903835,0.039181942
중랑구,면목4동,673,35,472,20,1145,55,20.81818182,0.637756117,0.033545972
중랑구,면목7동,395,22,0,0,395,22,17.95454545,0.550029839,0.02893157
중랑구,면목본동,1502,76,0,0,1502,76,19.76315789,0.605435909,0.031845929
중구,명동,195,14,0,0,195,14,13.92857143,0.426695843,0.022444201
강동구,명일1동,803,34,0,0,803,34,23.61764706,0.72351654,0.03805697
강동구,명일2동,1379,65,0,0,1379,65,21.21538462,0.649924255,0.034186016
양천구,목1동,2396,86,1417,46,3813,132,28.88636364,0.884921424,0.046546867
양천구,목2동,536,29,0,0,536,29,18.48275862,0.566211424,0.029782721
양천구,목3동,0,0,575,25,575,25,23,0.704595186,0.037061707
양천구,목4동,743,36,288,12,1031,48,21.47916667,0.658005106,0.034611069
양천구,목5동,3706,154,3272,113,6978,267,26.13483146,0.80062941,0.042113107
종로구,무악동,430,23,0,0,430,23,18.69565217,0.572733327,0.030125773
중랑구,묵1동,912,45,1144,45,2056,90,22.84444444,0.699829808,0.036811048
중랑구,묵2동,698,40,0,0,698,40,17.45,0.534573304,0.028118556
영등포구,문래동,2265,108,1255,50,3520,158,22.27848101,0.68249176,0.035899067
송파구,문정1동,737,36,424,18,1161,54,21.5,0.658643326,0.034644639
송파구,문정2동,599,29,0,0,599,29,20.65517241,0.632762393,0.033283302
관악구,미성동,1151,61,1292,61,2443,122,20.02459016,0.613444775,0.032267195
강북구,미아동,0,0,328,12,328,12,27.33333333,0.837345004,0.044044347
서초구,반포1동,2583,101,1229,40,3812,141,27.03546099,0.828219812,0.043564362
서초구,반포2동,2606,88,974,31,3580,119,30.08403361,0.921611533,0.048476767
서초구,반포3동,1288,53,1047,35,2335,88,26.53409091,0.812860553,0.042756465
서초구,반포4동,0,0,723,25,723,25,28.92,0.88595186,0.046601068
서초구,반포본동,0,0,654,26,654,26,25.15384615,0.770577344,0.040532368
강서구,발산1동,2277,111,2363,82,4640,193,24.04145078,0.736499586,0.038739878
서초구,방배1동,894,38,0,0,894,38,23.52631579,0.720718646,0.037909801
서초구,방배2동,505,26,583,21,1088,47,23.14893617,0.709157782,0.037301699
서초구,방배3동,160,10,415,19,575,29,19.82758621,0.607409643,0.031949747
서초구,방배4동,688,32,613,24,1301,56,23.23214286,0.711706784,0.037435777
서초구,방배본동,1150,47,0,0,1150,47,24.46808511,0.749569347,0.039427348
송파구,방이1동,1088,54,431,18,1519,72,21.09722222,0.646304401,0.033995611
송파구,방이2동,0,0,328,14,328,14,23.42857143,0.717724289,0.037752298
도봉구,방학1동,630,32,595,24,1225,56,21.875,0.670131291,0.035248906
도봉구,방학2동,436,25,378,17,814,42,19.38095238,0.593727206,0.031230051
도봉구,방학3동,1334,70,461,19,1795,89,20.16853933,0.617854597,0.032499152
강서구,방화1동,2324,116,625,25,2949,141,20.91489362,0.640718842,0.033701811
강서구,방화2동,431,23,287,12,718,35,20.51428571,0.628446389,0.03305628
강서구,방화3동,718,46,578,25,1296,71,18.25352113,0.559188831,0.029413333
강북구,번1동,457,25,324,14,781,39,20.02564103,0.613476968,0.032268889
강북구,번2동,0,0,451,20,451,20,22.55,0.690809628,0.036336586
강북구,번3동,652,36,0,0,652,36,18.11111111,0.554826161,0.029183856
용산구,보광동,0,0,265,12,265,12,22.08333333,0.676513494,0.03558461
관악구,보라매동,376,23,512,22,888,45,19.73333333,0.604522246,0.03179787
성북구,보문동,858,38,0,0,858,38,22.57894737,0.691696418,0.036383232
종로구,부암동,1027,47,242,12,1269,59,21.50847458,0.658902941,0.034658295
서대문구,북가좌1동,994,46,658,27,1652,73,22.63013699,0.693264591,0.036465717
서대문구,북아현동,893,44,234,16,1127,60,18.78333333,0.575419402,0.030267061
은평구,불광1동,886,50,0,0,886,50,17.72,0.542844639,0.028553628
은평구,불광2동,554,42,1200,52,1754,94,18.65957447,0.571628102,0.030067638
성동구,사근동,817,36,639,30,1456,66,22.06060606,0.675817254,0.035547988
동작구,사당1동,430,23,0,0,430,23,18.69565217,0.572733327,0.030125773
동작구,사당2동,499,28,378,15,877,43,20.39534884,0.624802809,0.032864628
동작구,사당3동,1256,61,471,19,1727,80,21.5875,0.661323851,0.034785635
동작구,사당4동,0,0,287,13,287,13,22.07692308,0.676317118,0.03557428
동작구,사당5동,608,34,417,17,1025,51,20.09803922,0.615694856,0.032385549
종로구,사직동,166,12,0,0,166,12,13.83333333,0.423778264,0.022290737
강북구,삼각산동,858,42,993,35,1851,77,24.03896104,0.736423314,0.038735866
성북구,삼선동,440,23,352,15,792,38,20.84210526,0.638489001,0.033584521
강남구,삼성1동,435,20,259,12,694,32,21.6875,0.664387309,0.034946772
강남구,삼성2동,457,22,973,31,1430,53,26.98113208,0.826555469,0.043476818
관악구,삼성동,367,28,250,11,617,39,15.82051282,0.48465466,0.025492835
강북구,삼양동,785,48,317,15,1102,63,17.49206349,0.535861901,0.028186336
송파구,삼전동,517,31,443,22,960,53,18.11320755,0.554890385,0.029187234
종로구,삼청동,0,0,152,12,152,12,12.66666667,0.388037929,0.020410795
노원구,상계10동,612,34,447,19,1059,53,19.98113208,0.612113455,0.032197168
노원구,상계1동,1015,57,680,32,1695,89,19.04494382,0.583433728,0.030688614
노원구,상계2동,207,14,414,19,621,33,18.81818182,0.57648697,0.030323215
노원구,상계3.4동,901,50,0,0,901,50,18.02,0.552035011,0.029037042
노원구,상계5동,329,19,0,0,329,19,17.31578947,0.530461822,0.027902292
노원구,상계6.7동,1134,67,674,30,1808,97,18.63917526,0.571003181,0.030034767
노원구,상계8동,1011,52,495,20,1506,72,20.91666667,0.640773158,0.033704668
노원구,상계9동,1495,64,847,36,2342,100,23.42,0.717461707,0.037738486
동작구,상도1동,1211,67,477,20,1688,87,19.40229885,0.594381146,0.031264448
동작구,상도2동,1208,57,615,25,1823,82,22.23170732,0.681058868,0.035823696
동작구,상도3동,0,0,329,15,329,15,21.93333333,0.671918308,0.035342903
동작구,상도4동,708,38,346,17,1054,55,19.16363636,0.587069823,0.030879873
중랑구,상봉1동,506,27,1338,55,1844,82,22.48780488,0.688904307,0.036236367
마포구,상암동,1271,69,883,35,2154,104,20.71153846,0.634489143,0.033374129
강동구,상일1동,3312,130,1333,43,4645,173,26.84971098,0.822529439,0.043265049
강동구,상일2동,474,25,721,29,1195,54,22.12962963,0.677931761,0.035659211
마포구,서강동,1009,48,0,0,1009,48,21.02083333,0.64396426,0.03387252
마포구,서교동,296,17,0,0,296,17,17.41176471,0.533401982,0.028056944
관악구,서림동,422,23,283,13,705,36,19.58333333,0.59992706,0.031556163
용산구,서빙고동,372,22,302,15,674,37,18.21621622,0.558046011,0.02935322
관악구,서원동,0,0,230,12,230,12,19.16666667,0.587162655,0.030884756
서초구,서초1동,1044,51,0,0,1044,51,20.47058824,0.627107736,0.032985867
서초구,서초2동,1220,48,1151,36,2371,84,28.22619048,0.864697301,0.045483078
서초구,서초3동,749,35,621,26,1370,61,22.45901639,0.688022384,0.036189977
서초구,서초4동,2033,83,1074,34,3107,117,26.55555556,0.813518114,0.042791053
성북구,석관동,917,53,526,25,1443,78,18.5,0.566739606,0.029810503
송파구,석촌동,550,32,0,0,550,32,17.1875,0.526531729,0.027695569
강동구,성내1동,1601,83,517,21,2118,104,20.36538462,0.623884868,0.032816344
성북구,성북동,167,14,505,28,672,42,16,0.490153173,0.025782057
마포구,성산1동,867,40,703,31,1570,71,22.11267606,0.677412396,0.035631892
마포구,성산2동,1207,65,931,39,2138,104,20.55769231,0.629776132,0.033126225
성동구,성수1가1동,863,51,503,28,1366,79,17.29113924,0.529706673,0.027862571
성동구,성수2가1동,139,12,244,13,383,25,15.32,0.469321663,0.024686319
성동구,성수2가3동,202,16,0,0,202,16,12.625,0.386761488,0.020343654
관악구,성현동,1917,92,1066,42,2983,134,22.26119403,0.68196218,0.035871211
강남구,세곡동,2439,126,1096,38,3535,164,21.55487805,0.660324492,0.034733068
중구,소공동,381,23,172,11,553,34,16.26470588,0.498262325,0.026208598
성동구,송정동,204,13,0,0,204,13,15.69230769,0.48072715,0.025286248
강북구,송중동,1119,60,496,21,1615,81,19.9382716,0.610800443,0.032128103
강북구,송천동,1090,46,828,30,1918,76,25.23684211,0.77311989,0.040666106
송파구,송파1동,466,24,0,0,466,24,19.41666667,0.594821298,0.0312876
송파구,송파2동,971,45,859,40,1830,85,21.52941176,0.659544343,0.034692032
구로구,수궁동,667,34,254,13,921,47,19.59574468,0.600307277,0.031576163
은평구,수색동,681,33,0,0,681,33,20.63636364,0.632186195,0.033252994
강남구,수서동,129,11,564,26,693,37,18.72972973,0.573777278,0.030180685
강북구,수유1동,780,43,763,33,1543,76,20.30263158,0.621962455,0.032715225
강북구,수유3동,0,0,340,15,340,15,22.66666667,0.694383662,0.036524581
금천구,시흥1동,841,49,367,16,1208,65,18.58461538,0.569331762,0.029946851
금천구,시흥2동,1393,67,516,20,1909,87,21.94252874,0.672200005,0.03535772
금천구,시흥3동,232,13,572,24,804,37,21.72972973,0.665680998,0.035014821
금천구,시흥4동,430,23,505,23,935,46,20.32608696,0.622681001,0.032753021
금천구,시흥5동,336,27,0,0,336,27,12.44444444,0.381230245,0.020052711
영등포구,신길1동,787,38,0,0,787,38,20.71052632,0.634458137,0.033372498
영등포구,신길3동,277,17,0,0,277,17,16.29411765,0.499163342,0.026255992
영등포구,신길4동,198,15,0,0,198,15,13.2,0.404376368,0.021270197
영등포구,신길5동,954,45,636,26,1590,71,22.3943662,0.686041853,0.036085801
영등포구,신길6동,324,20,0,0,324,20,16.2,0.496280088,0.026104333
영등포구,신길7동,1321,59,711,29,2032,88,23.09090909,0.707380147,0.037208196
중랑구,신내1동,1083,57,0,0,1083,57,19,0.582056893,0.030616193
중랑구,신내2동,2414,112,0,0,2414,112,21.55357143,0.660284464,0.034730963
중구,신당5동,301,18,0,0,301,18,16.72222222,0.512278142,0.02694583
중구,신당동,243,16,160,11,403,27,14.92592593,0.457249372,0.024051317
동작구,신대방1동,365,22,640,26,1005,48,20.9375,0.641411379,0.033738239
동작구,신대방2동,1128,53,377,16,1505,69,21.8115942,0.668188881,0.035146735
구로구,신도림동,1915,82,1061,37,2976,119,25.00840336,0.766121766,0.040298005
은평구,신사1동,0,0,350,15,350,15,23.33333333,0.71480671,0.037598833
은평구,신사2동,1222,68,789,34,2011,102,19.71568627,0.603981636,0.031769434
관악구,신사동,418,23,0,0,418,23,18.17391,0.556749978,0.029285049
강남구,신사동,433,23,260,12,693,35,19.8,0.606564551,0.031905295
동대문구,신설동,352,19,356,15,708,34,20.82352941,0.637919938,0.033554589
마포구,신수동,540,29,846,35,1386,64,21.65625,0.663429978,0.034896417
관악구,신원동,427,24,0,0,427,24,17.79166667,0.545040117,0.02866911
양천구,신월2동,807,42,1387,60,2194,102,21.50980392,0.658943665,0.034660437
양천구,신월3동,532,33,604,29,1136,62,18.32258065,0.56130444,0.029524614
양천구,신월4동,786,40,0,0,786,40,19.65,0.601969365,0.031663589
양천구,신월5동,597,31,770,32,1367,63,21.6984127,0.664721615,0.034964357
양천구,신월6동,905,42,726,30,1631,72,22.65277778,0.693958182,0.0365022
양천구,신월7동,389,22,543,22,932,44,21.18181818,0.648895962,0.034131928
양천구,신정1동,1682,71,1239,45,2921,116,25.18103448,0.771410247,0.040576179
양천구,신정2동,2156,90,1410,47,3566,137,26.02919708,0.797393346,0.04194289
양천구,신정3동,1950,110,842,32,2792,142,19.66197183,0.602336117,0.03168288
양천구,신정4동,772,46,0,0,772,46,16.7826087,0.514128057,0.027043136
양천구,신정6동,0,0,1292,43,1292,43,30.04651163,0.920462063,0.048416305
양천구,신정7동,1932,89,521,19,2453,108,22.71296296,0.695801929,0.036599181
서대문구,신촌동,940,48,0,0,940,48,19.58333333,0.59992706,0.031556163
도봉구,쌍문1동,1659,90,284,12,1943,102,19.04901961,0.583558588,0.030695182
도봉구,쌍문2동,733,33,435,18,1168,51,22.90196078,0.701591796,0.036903728
도봉구,쌍문3동,0,0,433,20,433,20,21.65,0.663238512,0.034886346
도봉구,쌍문4동,1398,48,986,40,2384,88,27.09090909,0.82991844,0.04365371
마포구,아현동,633,34,666,26,1299,60,21.65,0.663238512,0.034886346
성북구,안암동,284,17,158,11,442,28,15.78571429,0.483588622,0.025436761
강동구,암사1동,885,45,0,0,885,45,19.66666667,0.602479942,0.031690445
강동구,암사2동,1062,57,0,0,1062,57,18.63157895,0.570770471,0.030022527
강동구,암사3동,0,0,1291,47,1291,47,27.46808511,0.841473067,0.044261483
강남구,압구정동,773,36,694,28,1467,64,22.921875,0.70220186,0.036935818
서초구,양재1동,1445,82,1043,40,2488,122,20.39344262,0.624744413,0.032861556
서초구,양재2동,441,22,346,16,787,38,20.71052632,0.634458137,0.033372498
영등포구,양평1동,552,29,0,0,552,29,19.03448276,0.583113257,0.030671757
영등포구,양평2동,571,33,367,17,938,50,18.76,0.574704595,0.030229462
영등포구,여의동,1242,63,1021,44,2263,107,21.14953271,0.64790691,0.034079903
강남구,역삼1동,294,17,0,0,294,17,17.29411765,0.529797915,0.02786737
강남구,역삼2동,1670,58,2203,67,3873,125,30.984,0.949181619,0.049926953
은평구,역촌동,1035,50,0,0,1035,50,20.7,0.634135667,0.033355536
마포구,연남동,0,0,315,14,315,14,22.5,0.689277899,0.036256018
서대문구,연희동,591,31,890,43,1481,74,20.01351351,0.613105447,0.032249346
마포구,염리동,809,39,1322,47,2131,86,24.77906977,0.759096229,0.039928462
강서구,염창동,2362,116,1393,54,3755,170,22.08823529,0.676663663,0.035592509
영등포구,영등포동,368,22,0,0,368,22,16.72727273,0.512432863,0.026953969
영등포구,영등포본동,445,24,489,21,934,45,20.75555556,0.635837588,0.033445057
송파구,오금동,1529,79,1657,69,3186,148,21.52702703,0.659471288,0.03468819
구로구,오류1동,563,29,0,0,563,29,19.4137931,0.594733268,0.03128297
구로구,오류2동,1661,94,1392,58,3053,152,20.08552632,0.615311528,0.032365386
송파구,오륜동,1119,51,1026,44,2145,95,22.57894737,0.691696418,0.036383232
성동구,옥수동,981,52,505,22,1486,74,20.08108108,0.61517535,0.032358223
성동구,왕십리2동,379,23,0,0,379,23,16.47826087,0.504804491,0.026552716
성동구,왕십리도선동,779,40,0,0,779,40,19.475,0.596608315,0.031381597
마포구,용강동,1330,58,0,0,1330,58,22.93103448,0.702482457,0.036950577
성동구,용답동,155,12,0,0,155,12,12.91666667,0.395696572,0.02081364
용산구,용산2가동,112,9,503,26,615,35,17.57142857,0.538293217,0.028314223
강북구,우이동,0,0,265,12,265,12,22.08333333,0.676513494,0.03558461
강서구,우장산동,1071,49,0,0,1071,49,21.85714286,0.669584245,0.035220131
용산구,원효로1동,204,14,0,0,204,14,14.57142857,0.446389497,0.023480088
용산구,원효로2동,410,24,175,12,585,36,16.25,0.497811816,0.026184902
노원구,월계1동,514,32,338,16,852,48,17.75,0.543763676,0.028601969
노원구,월계2동,440,31,872,42,1312,73,17.97260274,0.550583016,0.028960667
노원구,월계3동,1005,58,367,16,1372,74,18.54054054,0.567981548,0.029875829
성북구,월곡1동,1449,79,621,26,2070,105,19.71428571,0.603938731,0.031767177
성북구,월곡2동,0,0,485,21,485,21,23.0952381,0.707512765,0.037215171
송파구,위례동,3942,171,1998,77,5940,248,23.9516129,0.733747441,0.038595115
관악구,은천동,787,42,0,0,787,42,18.73809524,0.574033552,0.030194165
성동구,응봉동,592,28,763,32,1355,60,22.58333333,0.69183078,0.036390299
은평구,응암1동,1019,50,673,24,1692,74,22.86486486,0.700455379,0.036843953
은평구,응암2동,665,31,0,0,665,31,21.4516129,0.657161008,0.034566669
은평구,응암3동,1454,63,843,30,2297,93,24.69892473,0.75664102,0.039799318
동대문구,이문2동,755,42,0,0,755,42,17.97619048,0.550692925,0.028966448
용산구,이촌1동,1304,61,0,0,1304,61,21.37704918,0.65487678,0.034446519
용산구,이태원1동,0,0,0,0,0,0,0,0,0
용산구,이태원2동,257,20,0,0,257,20,12.85,0.393654267,0.020706214
종로구,이화동,570,31,336,19,906,50,18.12,0.555098468,0.029198179
강북구,인수동,1444,75,388,17,1832,92,19.91304348,0.61002759,0.032087451
관악구,인헌동,0,0,414,17,414,17,24.35294118,0.746041962,0.039241807
강남구,일원1동,335,24,0,0,335,24,13.95833333,0.427607586,0.022492159
강남구,일원본동,1567,67,896,28,2463,95,25.92631579,0.794241622,0.041777109
광진구,자양1동,332,19,619,24,951,43,22.11627907,0.677522772,0.035637698
광진구,자양2동,1529,77,639,29,2168,106,20.45283019,0.626563726,0.032957252
광진구,자양3동,1405,72,665,28,2070,100,20.7,0.634135667,0.033355536
광진구,자양4동,0,0,269,12,269,12,22.41666667,0.686725018,0.036121736
송파구,잠실2동,2888,110,2211,75,5099,185,27.56216216,0.844355077,0.044413077
송파구,잠실3동,2000,89,0,0,2000,89,22.47191011,0.688417378,0.036210754
송파구,잠실4동,1603,75,0,0,1603,75,21.37333333,0.654762947,0.034440531
송파구,잠실6동,827,34,1293,40,2120,74,28.64864865,0.877639127,0.046163818
송파구,잠실7동,349,18,1537,54,1886,72,26.19444444,0.802455628,0.042209166
송파구,잠실본동,429,23,0,0,429,23,18.65217391,0.571401389,0.030055713
서초구,잠원동,1079,49,856,27,1935,76,25.46052632,0.77997236,0.041026546
동대문구,장안1동,1182,61,765,31,1947,92,21.16304348,0.648320807,0.034101674
동대문구,장안2동,1698,70,533,20,2231,90,24.78888889,0.759397034,0.039944284
성북구,장위1동,815,40,589,23,1404,63,22.28571429,0.682713348,0.035910722
성북구,장위2동,597,44,0,0,597,44,13.56818182,0.415655461,0.021863477
성북구,장위3동,1175,50,474,21,1649,71,23.22535211,0.711498752,0.037424834
송파구,장지동,1169,62,528,22,1697,84,20.20238095,0.61889132,0.032553683
중구,장충동,142,12,0,0,142,12,11.83333333,0.362509117,0.01906798
동대문구,전농1동,1149,50,606,25,1755,75,23.4,0.716849015,0.037706258
동대문구,전농2동,1167,63,1220,49,2387,112,21.3125,0.652899344,0.034342505
성북구,정릉2동,1137,60,0,0,1137,60,18.95,0.580525164,0.030535624
성북구,정릉3동,217,14,989,43,1206,57,21.15789474,0.648163077,0.034093378
성북구,정릉4동,499,26,0,0,499,26,19.19230769,0.587948157,0.030926073
동대문구,제기동,660,38,449,25,1109,63,17.6031746,0.539265743,0.028365378
관악구,조원동,369,22,0,0,369,22,16.77272727,0.513825343,0.027027213
종로구,종로1.2.3.4가동,303,17,0,0,303,17,17.82352941,0.546016218,0.028720453
종로구,종로5.6가동,166,13,0,0,166,13,12.76923077,0.391179936,0.020576065
성북구,종암동,1169,60,1020,45,2189,105,20.84761905,0.638657914,0.033593406
노원구,중계1동,2067,87,720,25,2787,112,24.88392857,0.762308534,0.040097429
노원구,중계2.3동,1446,70,1153,43,2599,113,23,0.704595186,0.037061707
노원구,중계4동,723,33,1908,76,2631,109,24.13761468,0.739445526,0.038894835
노원구,중계본동,1149,56,0,0,1149,56,20.51785714,0.628555799,0.033062035
광진구,중곡2동,838,43,0,0,838,43,19.48837209,0.597017963,0.031403145
광진구,중곡3동,494,31,0,0,494,31,15.93548387,0.488176749,0.025678097
광진구,중곡4동,346,19,1080,38,1426,57,25.01754386,0.766401781,0.040312734
중구,중림동,404,23,162,11,566,34,16.64705882,0.509975544,0.026824714
관악구,중앙동,212,14,0,0,212,14,15.14285714,0.463894967,0.024400875
중랑구,중화1동,549,35,837,36,1386,71,19.52112676,0.598021389,0.031455925
은평구,증산동,622,33,651,29,1273,62,20.53225806,0.628996965,0.03308524
은평구,진관동,2419,131,2010,83,4429,214,20.69626168,0.634021146,0.033349512
도봉구,창1동,690,32,1083,42,1773,74,23.95945946,0.733987817,0.038607759
도봉구,창2동,733,38,0,0,733,38,19.28947368,0.590924796,0.031082644
도봉구,창3동,528,30,0,0,528,30,17.6,0.53916849,0.028360263
도봉구,창4동,867,44,346,14,1213,58,20.9137931,0.640685128,0.033700038
도봉구,창5동,876,51,0,0,876,51,17.17647059,0.526193847,0.027677796
종로구,창신1동,284,19,0,0,284,19,14.94736842,0.457906254,0.024085869
종로구,창신3동,223,15,0,0,223,15,14.86666667,0.45543399,0.023955828
서대문구,천연동,436,23,240,12,676,35,19.31428571,0.591684901,0.031122626
강동구,천호1동,866,52,932,42,1798,94,19.12765957,0.585967689,0.0308219
강동구,천호2동,480,27,489,21,969,48,20.1875,0.618435449,0.032529705
강동구,천호3동,0,0,473,23,473,23,20.56521739,0.63000666,0.03313835
중구,청구동,941,43,323,15,1264,58,21.79310345,0.667622425,0.03511694
강남구,청담동,1843,83,359,15,2202,98,22.46938776,0.688340106,0.03620669
동대문구,청량리동,237,15,386,20,623,35,17.8,0.545295405,0.028682538
관악구,청룡동,745,44,441,23,1186,67,17.70149254,0.542277671,0.028523805
종로구,청운효자동,313,20,701,32,1014,52,19.5,0.597374179,0.031421882
용산구,청파동,679,32,892,46,1571,78,20.14102564,0.617011726,0.032454817
서대문구,충현동,1188,52,571,31,1759,83,21.19277108,0.649231499,0.034149577
송파구,풍납1동,279,18,0,0,279,18,15.5,0.474835886,0.024976368
송파구,풍납2동,838,47,881,42,1719,89,19.31460674,0.591694736,0.031123143
중구,필동,1015,36,0,0,1015,36,28.19444444,0.863724775,0.045431923
노원구,하계1동,429,23,1616,59,2045,82,24.93902439,0.763996371,0.040186209
노원구,하계2동,1282,64,748,29,2030,93,21.82795699,0.668690149,0.035173102
용산구,한강로동,510,34,801,31,1311,65,20.16923077,0.617875779,0.032500266
용산구,한남동,224,15,0,0,224,15,14.93333333,0.457476295,0.024063253
마포구,합정동,576,28,433,18,1009,46,21.93478261,0.671962706,0.035345238
구로구,항동,1478,70,530,22,2008,92,21.82608696,0.668632861,0.035170088
성동구,행당1동,638,33,0,0,638,33,19.33333333,0.592268417,0.031153319
성동구,행당2동,525,26,771,30,1296,56,23.14285714,0.708971554,0.037291904
관악구,행운동,694,44,736,33,1430,77,18.57142857,0.56892779,0.029925602
종로구,혜화동,351,22,444,24,795,46,17.2826087,0.529445343,0.027848825
서대문구,홍은1동,748,38,0,0,748,38,19.68421053,0.60301739,0.031718715
서대문구,홍은2동,1146,54,1462,63,2608,117,22.29059829,0.682862967,0.035918592
서대문구,홍1동,910,50,0,0,910,50,18.2,0.557549234,0.02932709
서대문구,홍3동,828,51,356,18,1184,69,17.15942029,0.525671519,0.027650322
강서구,화곡1동,1283,68,590,23,1873,91,20.58241758,0.63053358,0.033166066
강서구,화곡2동,1083,57,0,0,1083,57,19,0.582056893,0.030616193
강서구,화곡4동,491,26,396,17,887,43,20.62790698,0.631927129,0.033239367
강서구,화곡6동,1193,60,0,0,1193,60,19.88333333,0.609117432,0.032039577
강서구,화곡본동,1142,63,0,0,1142,63,18.12698413,0.555312424,0.029209434
광진구,화양동,478,26,427,19,905,45,20.11111111,0.616095308,0.032406613
동대문구,회기동,1957,88,847,38,2804,126,22.25396825,0.681740822,0.035859567
용산구,효창동,567,30,0,0,567,30,18.9,0.578993435,0.030455055
용산구,후암동,566,34,0,0,566,34,16.64705882,0.509975544,0.026824714
동대문구,휘경2동,852,45,712,32,1564,77,20.31168831,0.622239905,0.032729819
동작구,흑석동,1989,98,658,26,2647,124,21.34677419,0.653949319,0.034397734
영등포구,당산1동,0,0,0,0,0,0,0,0,0
용산구,남영동,0,0,0,0,0,0,0,0,0
중구,을지로동,0,0,0,0,0,0,0,0,0
동대문구,이문1동,0,0,0,0,0,0,0,0,0
종로구,평창동,0,0,0,0,0,0,0,0,0
구로구,개봉2동,0,0,0,0,0,0,0,0,0
동대문구,휘경1동,0,0,0,0,0,0,0,0,0
중구,황학동,0,0,0,0,0,0,0,0,0
동작구,노량진2동,0,0,0,0,0,0,0,0,0
광진구,중곡1동,0,0,0,0,0,0,0,0,0
종로구,숭인1동,0,0,0,0,0,0,0,0,0
강서구,화곡8동,0,0,0,0,0,0,0,0,0
중랑구,상봉2동,0,0,0,0,0,0,0,0,0
중구,약수동,0,0,0,0,0,0,0,0,0
성북구,정릉1동,0,0,0,0,0,0,0,0,0
은평구,갈현1동,0,0,0,0,0,0,0,0,0
서대문구,홍2동,0,0,0,0,0,0,0,0,0
종로구,숭인2동,0,0,0,0,0,0,0,0,0
영등포구,도림동,0,0,0,0,0,0,0,0,0
성북구,길음2동,0,0,0,0,0,0,0,0,0
강서구,화곡3동,0,0,0,0,0,0,0,0,0
중구,회현동,0,0,0,0,0,0,0,0,0
동대문구,용두동,0,0,0,0,0,0,0,0,0
강동구,성내3동,0,0,0,0,0,0,0,0,0
강동구,성내2동,0,0,0,0,0,0,0,0,0
용산구,용문동,0,0,0,0,0,0,0,0,0
관악구,청림동,0,0,0,0,0,0,0,0,0
강북구,수유2동,0,0,0,0,0,0,0,0,0
용산구,이촌2동,0,0,0,0,0,0,0,0,0
마포구,망원1동,0,0,0,0,0,0,0,0,0
중랑구,면목5동,0,0,0,0,0,0,0,0,0
양천구,신월1동,0,0,0,0,0,0,0,0,0
관악구,신림동,0,0,0,0,0,0,0,0,0
종로구,창신2동,0,0,0,0,0,0,0,0,0
서대문구,북가좌2동,0,0,0,0,0,0,0,0,0
성동구,성수1가2동,0,0,0,0,0,0,0,0,0
중랑구,중화2동,0,0,0,0,0,0,0,0,0
고양시 일산서구,가좌동,762,38,613,24,1375,62,22.17741935,0.779739022,0.041014273
구리시,갈매동,2420,102,1010,34,3430,136,25.22058824,0.886734227,0.04664222
안양시 동안구,갈산동,1695,69,1135,38,2830,107,26.44859813,0.929910001,0.048913266
하남시,감북동,84,8,0,0,84,8,10.5,0.369170984,0.019418394
하남시,감일동,3684,156,1261,48,4945,204,24.24019608,0.852264481,0.044829112
부천시 오정구,고강1동,344,16,0,0,344,16,21.5,0.75592154,0.039761473
부천시 오정구,고강본동,683,35,610,25,1293,60,21.55,0.757679497,0.039853942
성남시 수정구,고등동,567,26,0,0,567,26,21.80769231,0.766739737,0.04033051
고양시 일산동구,고봉동,279,20,0,0,279,20,13.95,0.490470022,0.025798723
고양시 덕양구,고양동,1038,48,728,30,1766,78,22.64102564,0.796039021,0.041871653
김포시,고촌읍,4136,173,1996,65,6132,238,25.76470588,0.905864937,0.047648496
고양시 덕양구,관산동,1010,49,818,31,1828,80,22.85,0.80338638,0.042258124
안양시 동안구,관양동,956,53,339,13,1295,66,19.62121212,0.689864971,0.036286897
광명시,광명3동,539,27,0,0,539,27,19.96296296,0.701880637,0.036918922
광명시,광명5동,499,24,0,0,499,24,20.79166667,0.731017148,0.038451502
광명시,광명6동,561,27,772,29,1333,56,23.80357143,0.836913133,0.044021631
광명시,광명7동,1321,59,0,0,1321,59,22.38983051,0.787207216,0.0414071
부천시 소사구,괴안동,511,25,406,16,917,41,22.36585366,0.786364211,0.041362757
구리시,교문1동,466,28,0,0,466,28,16.64285714,0.585148567,0.030778815
구리시,교문2동,1171,53,1046,41,2217,94,23.58510638,0.82923209,0.043617608
용인시 기흥구,구갈동,2106,103,799,27,2905,130,22.34615385,0.785671582,0.041326325
김포시,구래동,3793,169,2049,66,5842,235,24.85957447,0.874041293,0.045974572
성남시 분당구,구미1동,611,28,902,33,1513,61,24.80327869,0.872061982,0.04587046
성남시 분당구,구미동,1042,49,331,11,1373,60,22.88333333,0.804558352,0.042319769
용인시 기흥구,구성동,1403,65,987,39,2390,104,22.98076923,0.807984114,0.042499964
안양시 동안구,귀인동,2071,85,1206,39,3277,124,26.42741935,0.929165373,0.048874099
성남시 분당구,금곡동,578,36,226,11,804,47,17.10638298,0.601445738,0.031636046
남양주시,금곡동,578,36,226,11,804,47,17.10638298,0.601445738,0.031636046
성남시 중원구,금광1동,1612,74,762,31,2374,105,22.60952381,0.794931444,0.041813394
성남시 중원구,금광2동,324,17,584,24,908,41,22.14634146,0.77864635,0.040956798
용인시 기흥구,기흥동,888,47,0,0,888,47,18.89361702,0.664283352,0.034941304
김포시,김포본동,3383,160,2245,75,5628,235,23.94893617,0.842024033,0.044290464
용인시 처인구,남사읍,1816,87,938,34,2754,121,22.76033058,0.800233681,0.042092292
고양시 덕양구,능곡동,667,35,0,0,667,35,19.05714286,0.67003278,0.035243724
남양주시,다산1동,8092,345,3418,116,11510,461,24.96746204,0.877834528,0.046174096
남양주시,다산2동,2680,114,1667,64,4347,178,24.42134831,0.858633638,0.045164129
성남시 수정구,단대동,587,29,979,45,1566,74,21.16216216,0.744043451,0.039136686
안양시 동안구,달안동,252,19,0,0,252,19,13.26315789,0.466321244,0.024528497
김포시,대곶면,332,33,132,8,464,41,11.31707317,0.397898576,0.020929465
고양시 덕양구,대덕동,1366,56,472,20,1838,76,24.18421053,0.850296077,0.044725574
고양시 일산서구,대화동,768,42,886,35,1654,77,21.48051948,0.755236621,0.039725446
고양시 일산서구,덕이동,1695,77,1004,38,2699,115,23.46956522,0.825169762,0.043403929
하남시,덕풍1동,495,25,238,10,733,35,20.94285714,0.736332875,0.038731109
하남시,덕풍2동,486,24,0,0,486,24,20.25,0.711972613,0.037449759
하남시,덕풍3동,924,43,692,25,1616,68,23.76470588,0.835546654,0.043949754
부천시 원미구,도당동,1097,57,529,21,1626,78,20.84615385,0.73293287,0.038552269
성남시 중원구,도촌동,1397,62,421,16,1818,78,23.30769231,0.819478449,0.043104566
구리시,동구동,1680,81,1574,62,3254,143,22.75524476,0.800054867,0.042082886
용인시 기흥구,동백1동,2384,105,1977,67,4361,172,25.35465116,0.891447765,0.046890152
용인시 기흥구,동백2동,1323,59,1054,35,2377,94,25.28723404,0.889077437,0.046765473
용인시 기흥구,동백3동,1820,77,729,25,2549,102,24.99019608,0.878633837,0.04621614
용인시 처인구,동부동,675,37,0,0,675,37,18.24324324,0.641416768,0.033738522
용인시 수지구,동천동,2767,126,1174,41,3941,167,23.5988024,0.82971363,0.043642937
고양시 일산동구,마두1동,778,40,1520,57,2298,97,23.69072165,0.832945432,0.04381293
고양시 일산동구,마두2동,1430,62,835,31,2265,93,24.35483871,0.856295217,0.045041128
용인시 기흥구,마북동,1803,85,951,35,2754,120,22.95,0.806902295,0.042443061
김포시,마산동,2935,118,1091,35,4026,153,26.31372549,0.925167995,0.048663837
용인시 처인구,모현읍,1652,77,610,28,2262,105,21.54285714,0.75742836,0.039840732
하남시,미사1동,2630,107,2652,83,5282,190,27.8,0.97742413,0.051412509
하남시,미사2동,3443,144,2056,68,5499,212,25.93867925,0.911981691,0.047970237
하남시,미사3동,2691,112,0,0,2691,112,24.02678571,0.844761156,0.044434437
고양시 일산동구,백석1동,909,44,0,0,909,44,20.65909091,0.726355898,0.03820632
고양시 일산동구,백석2동,366,17,390,16,756,33,22.90909091,0.805463966,0.042367405
용인시 처인구,백암면,172,24,91,7,263,31,8.483870968,0.298285619,0.015689824
성남시 분당구,백현동,1028,51,1106,39,2134,90,23.71111111,0.833662308,0.043850637
안양시 동안구,범계동,665,28,836,30,1501,58,25.87931034,0.909894331,0.047860442
부천시 소사구,범박동,2052,89,1109,40,3161,129,24.50387597,0.861535239,0.045316754
남양주시,별내동,4392,196,2233,81,6625,277,23.91696751,0.840900042,0.044231342
남양주시,별내면,601,27,443,19,1044,46,22.69565217,0.797959643,0.041972677
용인시 기흥구,보라동,1613,71,1597,60,3210,131,24.50381679,0.861533159,0.045316644
용인시 기흥구,보정동,2080,88,1524,54,3604,142,25.38028169,0.892348912,0.046937553
성남시 수정구,복정동,219,13,0,0,219,13,16.84615385,0.592296305,0.031154786
안양시 동안구,부림동,1158,53,1378,48,2536,101,25.10891089,0.882807748,0.046435688
안양시 동안구,부흥동,796,34,1114,37,1910,71,26.90140845,0.945830423,0.04975068
성남시 분당구,분당동,1142,52,413,15,1555,67,23.20895522,0.816006938,0.042921965
안양시 동안구,비산1동,1517,68,641,22,2158,90,23.97777778,0.843038079,0.044343803
안양시 동안구,비산2동,727,33,0,0,727,33,22.03030303,0.774566539,0.0407422
안양시 동안구,비산3동,426,21,255,11,681,32,21.28125,0.748230477,0.039356923
김포시,사우동,570,27,205,10,775,37,20.94594595,0.736441475,0.038736822
성남시 수정구,산성동,158,10,264,13,422,23,18.34782609,0.645093811,0.033931934
용인시 처인구,삼가동,524,24,0,0,524,24,21.83333333,0.767641253,0.04037793
고양시 덕양구,삼송1동,828,36,0,0,828,36,23,0.808660252,0.042535529
고양시 덕양구,삼송2동,1229,56,1087,43,2316,99,23.39393939,0.822510823,0.043264069
성남시 분당구,삼평동,1745,77,527,20,2272,97,23.42268041,0.823521332,0.043317222
부천시 원미구,상1동,1155,54,406,17,1561,71,21.98591549,0.773005911,0.040660111
부천시 원미구,상2동,1754,83,1117,42,2871,125,22.968,0.807535159,0.042476349
부천시 원미구,상3동,1768,77,1034,38,2802,115,24.36521739,0.856660123,0.045060322
용인시 기흥구,상갈동,455,26,441,18,896,44,20.36363636,0.71596797,0.037659915
성남시 중원구,상대원1동,573,30,0,0,573,30,19.1,0.6715396,0.035322983
성남시 중원구,상대원3동,227,15,0,0,227,15,15.13333333,0.532075006,0.027987145
부천시 원미구,상동,477,26,506,20,983,46,21.36956522,0.751335565,0.039520251
용인시 기흥구,상하동,737,37,358,13,1095,50,21.9,0.769985196,0.040501221
용인시 수지구,상현1동,2043,90,949,34,2992,124,24.12903226,0.848356056,0.044623529
용인시 수지구,상현2동,1354,59,0,0,1354,59,22.94915254,0.806872499,0.042441493
용인시 수지구,상현3동,1779,74,780,28,2559,102,25.08823529,0.882080812,0.046397451
용인시 기흥구,서농동,1545,69,887,31,2432,100,24.32,0.855070318,0.044976699
성남시 분당구,서현1동,1715,72,1115,36,2830,108,26.2037037,0.921299723,0.048460365
성남시 분당구,서현2동,887,41,696,23,1583,64,24.734375,0.869639387,0.045743032
안양시 만안구,석수1동,981,47,0,0,981,47,20.87234043,0.733853568,0.038600698
안양시 만안구,석수2동,832,39,727,30,1559,69,22.5942029,0.794392774,0.04178506
부천시 오정구,성곡동,1348,72,1404,58,2752,130,21.16923077,0.744291977,0.039149758
성남시 중원구,성남동,417,19,1096,44,1513,63,24.01587302,0.844377475,0.044414255
용인시 수지구,성복동,1679,70,1856,60,3535,130,27.19230769,0.956058191,0.050288661
고양시 덕양구,성사1동,612,33,430,19,1042,52,20.03846154,0.704535102,0.037058546
고양시 덕양구,성사2동,363,18,0,0,363,18,20.16666667,0.709042684,0.037295645
부천시 원미구,소사동,0,0,325,13,325,13,25,0.878978534,0.046234271
부천시 소사구,소사본1동,1408,68,764,30,2172,98,22.16326531,0.779241378,0.040988096
부천시 소사구,소사본동,470,23,0,0,470,23,20.43478261,0.718469411,0.037791491
광명시,소하1동,1728,76,1092,39,2820,115,24.52173913,0.862163293,0.045349789
광명시,소하2동,890,44,676,28,1566,72,21.75,0.764711325,0.040223816
부천시 소사구,송내1동,636,36,1081,42,1717,78,22.01282051,0.773951869,0.040709868
부천시 소사구,송내2동,562,24,532,22,1094,46,23.7826087,0.836176101,0.043982863
고양시 일산서구,송포동,731,34,451,20,1182,54,21.88888889,0.769594539,0.040480673
성남시 분당구,수내1동,1079,41,0,0,1079,41,26.31707317,0.925285696,0.048670028
성남시 분당구,수내2동,1094,45,976,31,2070,76,27.23684211,0.957623982,0.050371021
성남시 분당구,수내3동,1029,41,1673,54,2702,95,28.44210526,1,0.0526
남양주시,수동면,151,20,105,7,256,27,9.481481481,0.333360748,0.017534775
성남시 수정구,수진2동,702,36,587,26,1289,62,20.79032258,0.730969891,0.038449016
구리시,수택1동,374,20,0,0,374,20,18.7,0.657475944,0.034583235
구리시,수택3동,996,53,866,43,1862,96,19.39583333,0.681940846,0.035870089
고양시 일산동구,식사동,2776,117,1438,50,4214,167,25.23353293,0.887189352,0.04666616
용인시 기흥구,신갈동,1245,61,1743,64,2988,125,23.904,0.840444115,0.04420736
용인시 수지구,신봉동,3005,133,1526,51,4531,184,24.625,0.865793856,0.045540757
하남시,신장2동,2684,124,1569,60,4253,184,23.11413043,0.81267298,0.042746599
성남시 수정구,신촌동,629,28,868,29,1497,57,26.26315789,0.923390081,0.048570318
안양시 동안구,신촌동,629,28,868,29,1497,57,26.26315789,0.923390081,0.048570318
성남시 수정구,신흥2동,1243,56,432,19,1675,75,22.33333333,0.785220824,0.041302615
부천시 오정구,신흥동,297,16,182,10,479,26,18.42307692,0.647739566,0.034071101
부천시 원미구,심곡2동,608,31,0,0,608,31,19.61290323,0.689572837,0.036271531
부천시 원미구,심곡3동,500,24,0,0,500,24,20.83333333,0.732482112,0.038528559
부천시 소사구,심곡본1동,349,20,0,0,349,20,17.45,0.613527017,0.032271521
부천시 소사구,심곡본동,439,24,0,0,439,24,18.29166667,0.643119294,0.033828075
안양시 만안구,안양1동,545,25,0,0,545,25,21.8,0.766469282,0.040316284
안양시 만안구,안양2동,389,23,398,15,787,38,20.71052632,0.728164323,0.038301443
안양시 만안구,안양3동,363,19,0,0,363,19,19.10526316,0.671724648,0.035332717
안양시 만안구,안양5동,1194,53,550,21,1744,74,23.56756757,0.82861544,0.043585172
안양시 만안구,안양6동,0,0,661,25,661,25,26.44,0.929607698,0.048897365
안양시 만안구,안양7동,859,36,0,0,859,36,23.86111111,0.838936179,0.044128043
안양시 만안구,안양8동,320,17,219,9,539,26,20.73076923,0.728876046,0.03833888
안양시 만안구,안양9동,655,34,376,19,1031,53,19.45283019,0.683944807,0.035975497
성남시 분당구,야탑1동,580,26,856,29,1436,55,26.10909091,0.917973218,0.048285391
성남시 분당구,야탑2동,1024,48,463,18,1487,66,22.53030303,0.79214611,0.041666885
성남시 분당구,야탑3동,727,37,0,0,727,37,19.64864865,0.690829616,0.036337638
부천시 원미구,약대동,686,33,0,0,686,33,20.78787879,0.730883969,0.038444497
성남시 수정구,양지동,240,13,0,0,240,13,18.46153846,0.649091841,0.034142231
용인시 처인구,양지읍,762,43,478,17,1240,60,20.66666667,0.726622255,0.038220331
김포시,양촌읍,1214,62,725,31,1939,93,20.84946237,0.733049195,0.038558388
부천시 원미구,역곡1동,1003,47,710,28,1713,75,22.84,0.803034789,0.04223963
부천시 원미구,역곡2동,369,18,0,0,369,18,20.5,0.720762398,0.037912102
부천시 소사구,역곡3동,790,38,0,0,790,38,20.78947368,0.730940044,0.038447446
용인시 처인구,역북동,1729,76,0,0,1729,76,22.75,0.799870466,0.042073187
용인시 기흥구,영덕1동,1772,78,1039,37,2811,115,24.44347826,0.859411708,0.045205056
용인시 기흥구,영덕2동,952,42,0,0,952,42,22.66666667,0.796940538,0.041919072
남양주시,오남읍,2022,95,1530,64,3552,159,22.33962264,0.785441951,0.041314247
부천시 오정구,오정동,669,34,813,32,1482,66,22.45454545,0.789482538,0.041526782
부천시 소사구,옥길동,2795,116,1980,74,4775,190,25.13157895,0.883604737,0.046477609
남양주시,와부읍,2295,115,1886,73,4181,188,22.2393617,0.781916862,0.041128827
김포시,운양동,4422,178,1383,42,5805,220,26.38636364,0.92772189,0.048798171
성남시 분당구,운중동,2216,95,1018,36,3234,131,24.6870229,0.867974528,0.04565546
부천시 원미구,원미1동,990,49,327,15,1317,64,20.578125,0.723509206,0.038056584
용인시 처인구,원삼면,153,19,184,12,337,31,10.87096774,0.382213892,0.020104451
고양시 덕양구,원신동,1247,51,1000,36,2247,87,25.82758621,0.908075755,0.047764785
부천시 오정구,원종1동,662,37,0,0,662,37,17.89189189,0.629063557,0.033088743
부천시 오정구,원종2동,439,22,0,0,439,22,19.95454545,0.701584685,0.036903354
김포시,월곶면,142,13,38,3,180,16,11.25,0.39554034,0.020805422
성남시 수정구,위례동,2927,126,1444,54,8815,350,25.18571429,0.885508089,0.046577725
하남시,위례동,1590,62,1329,45,8815,350,25.18571429,0.885508089,0.046577725
용인시 처인구,유림1동,491,23,0,0,491,23,21.34782609,0.750571235,0.039480047
용인시 처인구,유림2동,1788,76,1181,45,2969,121,24.53719008,0.862706535,0.045378364
성남시 중원구,은행1동,315,17,0,0,315,17,18.52941176,0.651478208,0.034267754
성남시 중원구,은행2동,958,51,320,14,1278,65,19.66153846,0.69128281,0.036361476
용인시 처인구,이동읍,799,42,505,23,1304,65,20.06153846,0.705346467,0.037101224
성남시 분당구,이매1동,1201,52,1234,39,2435,91,26.75824176,0.940796805,0.049485912
성남시 분당구,이매2동,702,31,484,16,1186,47,25.23404255,0.88720727,0.046667102
안양시 동안구,인덕원동,406,19,230,11,636,30,21.2,0.745373797,0.039206662
구리시,인창동,616,35,0,0,616,35,17.6,0.618800888,0.032548927
고양시 일산서구,일산1동,638,29,740,34,1378,63,21.87301587,0.769036457,0.040451318
고양시 일산서구,일산2동,306,20,0,0,306,20,15.3,0.537934863,0.028295374
고양시 일산서구,일산3동,1233,55,852,31,2085,86,24.24418605,0.852404765,0.044836491
광명시,일직동,1381,57,690,26,2071,83,24.95180723,0.877284118,0.046145145
김포시,장기동,3253,136,2230,65,5483,201,27.27860697,0.959092399,0.05044826
김포시,장기본동,3024,127,2304,70,5328,197,27.04568528,0.950903072,0.050017502
고양시 일산동구,장항1동,351,18,0,0,351,18,19.5,0.685603257,0.036062731
고양시 일산동구,장항2동,1413,63,0,0,1413,63,22.42857143,0.788569314,0.041478746
고양시 일산동구,정발산동,519,27,470,19,989,46,21.5,0.75592154,0.039761473
성남시 분당구,정자1동,2200,83,657,23,2857,106,26.95283019,0.947638367,0.049845778
성남시 분당구,정자2동,91,7,0,0,91,7,13,0.457068838,0.024041821
성남시 분당구,정자3동,1097,50,0,0,1097,50,21.94,0.771391562,0.040575196
성남시 분당구,정자동,492,26,1560,52,2052,78,26.30769231,0.924955873,0.048652679
남양주시,조안면,94,12,65,3,159,15,10.6,0.372686899,0.019603331
고양시 덕양구,주교동,289,16,173,10,462,26,17.76923077,0.624750897,0.032861897
고양시 일산서구,주엽1동,1786,85,785,29,2571,114,22.55263158,0.792931162,0.041708179
고양시 일산서구,주엽2동,1503,64,1758,65,3261,129,25.27906977,0.888790388,0.046750374
용인시 수지구,죽전1동,1197,55,1121,42,2318,97,23.89690722,0.840194739,0.044194243
용인시 수지구,죽전2동,576,31,690,25,1266,56,22.60714286,0.794847732,0.041808991
용인시 수지구,죽전3동,1701,76,527,19,2228,95,23.45263158,0.824574389,0.043372613
부천시 원미구,중1동,2193,94,615,24,2808,118,23.79661017,0.836668381,0.044008757
부천시 원미구,중2동,1565,74,1559,60,3124,134,23.31343284,0.819680281,0.043115183
부천시 원미구,중3동,796,41,1150,44,1946,85,22.89411765,0.804937519,0.042339714
부천시 원미구,중4동,799,44,496,22,1295,66,19.62121212,0.689864971,0.036286897
부천시 원미구,중동,1521,71,795,31,2316,102,22.70588235,0.798319328,0.041991597
고양시 일산동구,중산1동,1044,52,445,19,1489,71,20.97183099,0.737351571,0.038784693
고양시 일산동구,중산2동,1110,49,850,35,1960,84,23.33333333,0.820379965,0.043151986
성남시 중원구,중앙동,619,27,0,0,619,27,22.92592593,0.806055871,0.042398539
용인시 처인구,중앙동,1379,63,2170,77,3549,140,25.35,0.891284234,0.046881551
남양주시,진건읍,497,33,395,18,892,51,17.49019608,0.614940277,0.032345859
남양주시,진접읍,4760,227,3270,123,8030,350,22.94285714,0.806651158,0.042429851
고양시 덕양구,창릉동,1647,81,0,0,1647,81,20.33333333,0.714902541,0.037603874
하남시,천현동,51,6,0,0,51,6,8.5,0.298852702,0.015719652
광명시,철산1동,0,0,528,21,528,21,25.14285714,0.884001269,0.046498467
광명시,철산2동,983,52,0,0,983,52,18.90384615,0.664642999,0.034960222
광명시,철산3동,2518,108,1868,68,4386,176,24.92045455,0.876181785,0.046087162
안양시 만안구,충훈동,395,19,381,17,776,36,21.55555556,0.757874825,0.039864216
고양시 일산서구,탄현1동,1640,78,615,25,2255,103,21.89320388,0.769746251,0.040488653
고양시 일산서구,탄현2동,1040,46,806,32,1846,78,23.66666667,0.832099679,0.043768443
성남시 수정구,태평1동,0,0,577,24,577,24,24.04166667,0.845284357,0.044461957
성남시 수정구,태평3동,768,44,0,0,768,44,17.45454545,0.613686831,0.032279927
성남시 수정구,태평4동,754,40,0,0,754,40,18.85,0.662749815,0.03486064
김포시,통진읍,1352,75,840,34,2192,109,20.11009174,0.707053559,0.037191017
남양주시,퇴계원읍,773,41,587,25,1360,66,20.60606061,0.724491398,0.038108248
성남시 분당구,판교동,1934,81,1152,40,3086,121,25.50413223,0.896703391,0.047166598
남양주시,평내동,1939,90,1330,53,3269,143,22.86013986,0.803742889,0.042276876
안양시 동안구,평안동,1605,69,1263,41,2868,110,26.07272727,0.916694704,0.048218141
안양시 동안구,평촌동,856,39,0,0,856,39,21.94871795,0.771698077,0.040591319
용인시 처인구,포곡읍,1568,77,1314,51,2882,128,22.515625,0.791630043,0.04163974
용인시 수지구,풍덕천1동,1756,75,1523,48,3279,123,26.65853659,0.937291257,0.04930152
용인시 수지구,풍덕천2동,4068,166,2093,70,6161,236,26.1059322,0.917862161,0.04827955
김포시,풍무동,3639,157,2002,66,5641,223,25.29596413,0.889384379,0.046781618
고양시 일산동구,풍산동,1562,74,1178,47,2740,121,22.6446281,0.796165681,0.041878315
성남시 중원구,하대원동,838,43,220,11,1058,54,19.59259259,0.688858733,0.036233969
김포시,하성면,180,15,120,7,300,22,13.63636364,0.479442837,0.025218693
광명시,하안1동,1226,56,941,33,2167,89,24.34831461,0.856065836,0.045029063
광명시,하안2동,314,18,0,0,314,18,17.44444444,0.613331688,0.032261247
광명시,하안3동,613,34,469,19,1082,53,20.41509434,0.717777188,0.03775508
광명시,하안4동,556,29,523,20,1079,49,22.02040816,0.774218644,0.040723901
광명시,학온동,82,14,0,0,82,14,5.857142857,0.205932114,0.010832029
고양시 덕양구,행신1동,355,24,246,12,601,36,16.69444444,0.586962332,0.030874219
고양시 덕양구,행신2동,1238,61,857,37,2095,98,21.37755102,0.751616339,0.039535019
고양시 덕양구,행신3동,673,36,378,16,1051,52,20.21153846,0.710620338,0.03737863
고양시 덕양구,행신4동,413,23,351,17,764,40,19.1,0.6715396,0.035322983
고양시 덕양구,행주동,192,19,411,19,603,38,15.86842105,0.557920059,0.029346595
안양시 동안구,호계2동,1954,85,722,25,2676,110,24.32727273,0.855326021,0.044990149
안양시 동안구,호계3동,988,43,525,21,1513,64,23.640625,0.831184077,0.043720282
남양주시,호평동,3433,152,2041,74,5474,226,24.22123894,0.851597964,0.044794053
안양시 만안구,호현동,1314,60,493,22,1807,82,22.03658537,0.77478742,0.040753818
남양주시,화도읍,5779,276,3590,119,9369,395,23.71898734,0.833939229,0.043865203
고양시 덕양구,화전동,2142,96,825,37,2967,133,22.30827068,0.784339643,0.041256265
고양시 덕양구,화정1동,886,46,738,31,1624,77,21.09090909,0.741538254,0.039004912
고양시 덕양구,화정2동,1612,71,1489,58,3101,129,24.03875969,0.84518215,0.044456581
고양시 덕양구,효자동,2096,90,850,31,2946,121,24.34710744,0.856023393,0.04502683
고양시 덕양구,흥도동,1847,81,1175,44,3022,125,24.176,0.850007402,0.044710389
성남시 수정구,신흥1동,0,0,0,0,0,0,0,0,0
성남시 수정구,신흥3동,0,0,0,0,0,0,0,0,0
성남시 수정구,태평2동,0,0,0,0,0,0,0,0,0
성남시 수정구,수진1동,0,0,0,0,0,0,0,0,0
성남시 수정구,시흥동,0,0,0,0,0,0,0,0,0
성남시 중원구,상대원2동,0,0,0,0,0,0,0,0,0
안양시 만안구,안양4동,0,0,0,0,0,0,0,0,0
안양시 만안구,박달동,0,0,0,0,0,0,0,0,0
안양시 동안구,호계1동,0,0,0,0,0,0,0,0,0
부천시 원미구,심곡1동,0,0,0,0,0,0,0,0,0
부천시 원미구,원미2동,0,0,0,0,0,0,0,0,0
부천시 원미구,춘의동,0,0,0,0,0,0,0,0,0
광명시,광명1동,0,0,0,0,0,0,0,0,0
광명시,광명2동,0,0,0,0,0,0,0,0,0
광명시,광명4동,0,0,0,0,0,0,0,0,0
광명시,철산4동,0,0,0,0,0,0,0,0,0
구리시,수택2동,0,0,0,0,0,0,0,0,0
남양주시,화도읍동부출장소,0,0,0,0,0,0,0,0,0
남양주시,화도읍남부출장소,0,0,0,0,0,0,0,0,0
남양주시,양정동,0,0,0,0,0,0,0,0,0
하남시,신장1동,0,0,0,0,0,0,0,0,0
하남시,춘궁동,0,0,0,0,0,0,0,0,0
하남시,초이동,0,0,0,0,0,0,0,0,0
서구,가정1동,1558,66,910,30,2468,96,25.70833333,0.914887307,0.048123072
서구,가정2동,1216,51,0,0,1216,51,23.84313725,0.848510223,0.044631638
서구,가정3동,209,13,0,0,209,13,16.07692308,0.572132494,0.030094169
서구,가좌1동,298,20,0,0,298,20,14.9,0.53024911,0.027891103
서구,가좌2동,582,33,0,0,582,33,17.63636364,0.627628599,0.033013264
서구,가좌3동,209,13,386,16,595,29,20.51724138,0.730150939,0.038405939
서구,가좌4동,664,29,959,45,1623,74,21.93243243,0.78051361,0.041055016
남동구,간석1동,395,20,482,19,877,39,22.48717949,0.800255498,0.042093439
남동구,간석2동,630,28,540,21,1170,49,23.87755102,0.849734912,0.044696056
남동구,간석3동,587,34,282,14,869,48,18.10416667,0.644276394,0.033888938
남동구,간석4동,1035,52,555,22,1590,74,21.48648649,0.764643647,0.040220256
부평구,갈산1동,282,15,0,0,282,15,18.8,0.669039146,0.035191459
부평구,갈산2동,664,40,379,18,1043,58,17.98275862,0.639955823,0.033661676
강화군,강화읍,932,59,940,40,1872,99,18.90909091,0.672921385,0.035395665
서구,검단동,1494,73,958,30,2452,103,23.80582524,0.847182393,0.044561794
서구,검암경서동,2093,106,1345,47,3438,153,22.47058824,0.799665062,0.042062382
계양구,계산1동,386,26,176,12,562,38,14.78947368,0.526315789,0.027684211
계양구,계산2동,427,29,0,0,427,29,14.72413793,0.523990674,0.027561909
계양구,계산3동,630,33,714,32,1344,65,20.67692308,0.735833561,0.038704845
계양구,계산4동,1413,65,400,19,1813,84,21.58333333,0.768090154,0.040401542
계양구,계양1동,1878,91,962,38,2840,129,22.01550388,0.783469889,0.041210516
계양구,계양2동,476,28,752,39,1228,67,18.32835821,0.652254741,0.034308599
미추홀구,관교동,772,38,2197,86,2969,124,23.94354839,0.852083572,0.044819596
강화군,교동면,18,7,19,4,37,11,3.363636364,0.119702362,0.006296344
남동구,구월1동,1875,89,845,29,2720,118,23.05084746,0.820314856,0.043148561
남동구,구월2동,2442,105,1798,60,4240,165,25.6969697,0.914482907,0.048101801
남동구,구월3동,924,41,1248,48,2172,89,24.40449438,0.868487345,0.045682434
남동구,구월4동,223,14,0,0,223,14,15.92857143,0.566853076,0.029816472
동구,금창동,617,28,0,0,617,28,22.03571429,0.78418912,0.041248348
강화군,길상면,140,11,129,7,269,18,14.94444444,0.531830763,0.027974298
남동구,남촌도림동,629,40,0,0,629,40,15.725,0.559608541,0.029435409
강화군,내가면,57,7,0,0,57,7,8.142857143,0.289781393,0.015242501
남동구,논현1동,1725,83,1062,35,2787,118,23.61864407,0.840521141,0.044211412
남동구,논현2동,1062,58,1242,49,2304,107,21.53271028,0.766288622,0.040306782
남동구,논현고잔동,2515,107,1534,51,4049,158,25.62658228,0.911978017,0.047970044
서구,당하동,2271,103,1431,56,3702,159,23.28301887,0.828577184,0.04358316
옹진군,대청면,16,5,18,3,34,8,4.25,0.151245552,0.007955516
옹진군,덕적면,17,5,10,4,27,9,3,0.106761566,0.005615658
중구,도원동,0,0,311,18,311,18,17.27777778,0.614867537,0.032342032
미추홀구,도화1동,843,39,0,0,843,39,21.61538462,0.769230769,0.040461538
미추홀구,도화2.3동,1707,80,1622,65,3329,145,22.95862069,0.817032765,0.042975923
중구,동인천동,137,13,0,0,137,13,10.53846154,0.375034218,0.0197268
연수구,동춘1동,1645,69,0,0,1645,69,23.84057971,0.848419207,0.04462685
연수구,동춘2동,784,36,428,19,1212,55,22.03636364,0.784212229,0.041249563
연수구,동춘3동,1182,50,1686,60,2868,110,26.07272727,0.927855063,0.048805176
서구,마전동,1067,48,1296,43,2363,91,25.96703297,0.9240937,0.048607329
남동구,만수1동,103,10,385,20,488,30,16.26666667,0.578884935,0.030449348
남동구,만수2동,607,28,354,12,961,40,24.025,0.854982206,0.044972064
남동구,만수3동,1185,55,0,0,1185,55,21.54545455,0.766742155,0.040330637
남동구,만수4동,997,54,1204,57,2201,111,19.82882883,0.705652271,0.037117309
남동구,만수6동,881,51,788,30,1669,81,20.60493827,0.733271825,0.038570098
미추홀구,문학동,551,27,0,0,551,27,20.40740741,0.726242256,0.038200343
옹진군,백령면,106,13,70,7,176,20,8.8,0.31316726,0.016472598
부평구,부개1동,195,14,0,0,195,14,13.92857143,0.495678699,0.0260727
부평구,부개2동,1054,43,707,32,1761,75,23.48,0.835587189,0.043951886
부평구,부개3동,1466,77,1950,72,3416,149,22.9261745,0.815878096,0.042915188
부평구,부평1동,1289,62,1715,61,3004,123,24.42276423,0.869137517,0.045716633
부평구,부평2동,768,51,405,18,1173,69,17,0.604982206,0.031822064
부평구,부평3동,0,0,521,27,521,27,19.2962963,0.686700936,0.036120469
부평구,부평4동,1147,67,298,14,1445,81,17.83950617,0.634857871,0.033393524
부평구,부평5동,1016,50,0,0,1016,50,20.32,0.723131673,0.038036726
부평구,부평6동,617,34,0,0,617,34,18.14705882,0.645802805,0.033969228
옹진군,북도면,11,5,0,0,11,5,2.2,0.078291815,0.004118149
서구,불로대곡동,1142,53,850,34,1992,87,22.89655172,0.814823905,0.042859737
강화군,불은면,74,12,0,0,74,12,6.166666667,0.21945433,0.011543298
부평구,산곡1동,1378,67,322,15,1700,82,20.73170732,0.737783179,0.038807395
부평구,산곡2동,1566,67,1666,59,3232,126,25.65079365,0.912839632,0.048015365
부평구,산곡3동,1216,61,0,0,1216,61,19.93442623,0.709410186,0.037314976
부평구,산곡4동,762,40,0,0,762,40,19.05,0.677935943,0.035659431
부평구,삼산1동,1246,62,413,20,1659,82,20.23170732,0.719989584,0.037871452
부평구,삼산2동,1568,71,1899,67,3467,138,25.12318841,0.894063644,0.047027748
강화군,삼산면,21,8,82,3,103,11,9.363636364,0.333225493,0.017527661
강화군,서도면,3,1,2,3,5,4,1.25,0.044483986,0.002339858
남동구,서창2동,3177,136,1043,32,4220,168,25.11904762,0.893916285,0.047019997
서구,석남1동,277,15,0,0,277,15,18.46666667,0.65717675,0.034567497
서구,석남2동,321,20,0,0,321,20,16.05,0.571174377,0.030043772
서구,석남3동,598,42,589,33,1187,75,15.82666667,0.563226572,0.029625718
강화군,선원면,233,14,0,0,233,14,16.64285714,0.592272496,0.031153533
연수구,선학동,567,36,403,20,970,56,17.32142857,0.616420946,0.032423742
연수구,송도1동,1787,78,2147,62,3934,140,28.1,1,0.0526
연수구,송도2동,3600,147,1280,37,4880,184,26.52173913,0.943834133,0.049645675
연수구,송도3동,3508,152,1770,56,5278,208,25.375,0.903024911,0.04749911
연수구,송도4동,3728,172,2248,68,5976,240,24.9,0.886120996,0.046609964
연수구,송도5동,3969,164,1627,54,5596,218,25.66972477,0.913513337,0.048050802
동구,송림1동,434,22,0,0,434,22,19.72727273,0.702038175,0.036927208
동구,송림2동,767,35,0,0,767,35,21.91428571,0.779867819,0.041021047
동구,송림3.5동,488,24,887,36,1375,60,22.91666667,0.815539739,0.04289739
강화군,송해면,36,5,0,0,36,5,7.2,0.256227758,0.01347758
미추홀구,숭의4동,1368,67,448,21,1816,88,20.63636364,0.734390165,0.038628923
중구,신포동,811,39,517,26,1328,65,20.43076923,0.727073638,0.038244073
서구,신현원창동,2653,110,1738,65,4391,175,25.09142857,0.892933401,0.046968297
중구,신흥동,985,50,823,38,1808,88,20.54545455,0.731154966,0.038458751
부평구,십정1동,467,33,388,18,855,51,16.76470588,0.59660875,0.03138162
부평구,십정2동,1243,63,342,16,1585,79,20.06329114,0.713996126,0.037556196
서구,아라1동,3729,157,1300,49,5029,206,24.41262136,0.868776561,0.045697647
서구,아라2동,3533,144,1350,49,4883,193,25.30051813,0.900374311,0.047359689
강화군,양도면,94,14,58,3,152,17,8.941176471,0.318191333,0.016736864
강화군,양사면,33,8,0,0,33,8,4.125,0.146797153,0.00772153
연수구,연수1동,957,67,0,0,957,67,14.28358209,0.50831253,0.026737239
연수구,연수2동,608,27,724,24,1332,51,26.11764706,0.929453632,0.048889261
연수구,연수3동,519,32,545,32,1064,64,16.625,0.591637011,0.031120107
중구,연안동,104,10,0,0,104,10,10.4,0.370106762,0.019467616
옹진군,연평면,26,6,4,3,30,9,3.333333333,0.118623962,0.00623962
서구,연희동,1069,63,533,22,1602,85,18.84705882,0.670713837,0.035279548
중구,영종1동,2610,104,0,0,2610,104,25.09615385,0.89310156,0.046977142
중구,영종2동,2887,118,992,32,3879,150,25.86,0.920284698,0.048406975
중구,영종동,505,32,1946,62,2451,94,26.07446809,0.927917014,0.048808435
옹진군,영흥면,147,11,118,6,265,17,15.58823529,0.55474147,0.029179401
서구,오류왕길동,1224,63,0,0,1224,63,19.42857143,0.691408236,0.036368073
연수구,옥련1동,1244,71,473,19,1717,90,19.07777778,0.678924476,0.035711427
연수구,옥련2동,747,36,570,22,1317,58,22.70689655,0.80807461,0.042504725
중구,용유동,33,7,64,4,97,11,8.818181818,0.3138143,0.016506632
미추홀구,용현1.4동,366,21,0,0,366,21,17.42857143,0.620233859,0.032624301
미추홀구,용현5동,3744,155,1502,51,5246,206,25.46601942,0.906264036,0.047669488
중구,운서1동,896,47,742,31,1638,78,21,0.747330961,0.039309609
중구,운서2동,789,36,401,17,1190,53,22.45283019,0.799033103,0.042029141
서구,원당동,1875,89,1141,35,3016,124,24.32258065,0.865572265,0.045529101
부평구,일신동,551,31,0,0,551,31,17.77419355,0.632533578,0.033271266
옹진군,자월면,8,4,0,0,8,4,2,0.071174377,0.003743772
계양구,작전1동,999,49,309,16,1308,65,20.12307692,0.716123734,0.037668108
계양구,작전2동,291,15,0,0,291,15,19.4,0.690391459,0.036314591
계양구,작전서운동,910,44,1581,57,2491,101,24.66336634,0.87769987,0.046167013
남동구,장수서창동,735,33,804,25,1539,58,26.53448276,0.944287643,0.04966953
미추홀구,주안2동,869,41,0,0,869,41,21.19512195,0.754274803,0.039674855
미추홀구,주안5동,362,23,0,0,362,23,15.73913043,0.560111403,0.02946186
미추홀구,주안6동,1843,87,0,0,1843,87,21.18390805,0.753875731,0.039653863
미추홀구,주안7동,349,20,0,0,349,20,17.45,0.620996441,0.032664413
미추홀구,주안8동,426,23,393,17,819,40,20.475,0.728647687,0.038326868
서구,청라1동,2117,92,1950,64,4067,156,26.07051282,0.927776257,0.048801031
서구,청라2동,3807,165,1513,47,5320,212,25.09433962,0.893036997,0.046973746
서구,청라3동,2850,119,1653,51,4503,170,26.48823529,0.942641825,0.04958296
부평구,청천1동,1019,52,0,0,1019,52,19.59615385,0.697372023,0.036681768
부평구,청천2동,495,30,512,22,1007,52,19.36538462,0.689159595,0.036249795
연수구,청학동,443,29,506,29,949,58,16.36206897,0.582280034,0.03062793
강화군,하점면,82,12,23,4,105,16,6.5625,0.233540925,0.012284253
미추홀구,학익1동,1501,75,939,33,2440,108,22.59259259,0.804006854,0.042290761
미추홀구,학익2동,789,42,782,27,1571,69,22.76811594,0.810253236,0.04261932
강화군,화도면,41,7,37,4,78,11,7.090909091,0.252345519,0.013273374
동구,화수2동,610,33,354,18,964,51,18.90196078,0.672667644,0.035382318
계양구,효성1동,2142,109,895,38,3037,147,20.65986395,0.735226475,0.038672913
계양구,효성2동,341,19,412,16,753,35,21.51428571,0.765632944,0.040272293
중구,율목동,0,0,0,0,0,0,0,0,0
중구,개항동,0,0,0,0,0,0,0,0,0
동구,만석동,0,0,0,0,0,0,0,0,0
동구,화수1.화평동,0,0,0,0,0,0,0,0,0
동구,송현1.2동,0,0,0,0,0,0,0,0,0
동구,송현3동,0,0,0,0,0,0,0,0,0
동구,송림4동,0,0,0,0,0,0,0,0,0
동구,송림6동,0,0,0,0,0,0,0,0,0
미추홀구,숭의2동,0,0,0,0,0,0,0,0,0
미추홀구,숭의1.3동,0,0,0,0,0,0,0,0,0
미추홀구,용현2동,0,0,0,0,0,0,0,0,0
미추홀구,용현3동,0,0,0,0,0,0,0,0,0
미추홀구,주안1동,0,0,0,0,0,0,0,0,0
미추홀구,주안3동,0,0,0,0,0,0,0,0,0
미추홀구,주안4동,0,0,0,0,0,0,0,0,0
남동구,만수5동,0,0,0,0,0,0,0,0,0
계양구,계양3동,0,0,0,0,0,0,0,0,0
강화군,서도면볼음출장소,0,0,0,0,0,0,0,0,0
옹진군,북도면장봉출장소,0,0,0,0,0,0,0,0,0
옹진군,대청면소청출장소,0,0,0,0,0,0,0,0,0
옹진군,자월면이작출장소,0,0,0,0,0,0,0,0,0
