시군구,행정동,어린이집수,유아인구합계,유아천명당시설수,정규화값,가중치적용값
송파구,가락1동,14,1520,9.210526316,0.027631579,0.002265789
송파구,가락2동,14,868,16.12903226,0.048387097,0.003967742
송파구,가락본동,11,705,15.60283688,0.046808511,0.003838298
구로구,가리봉동,2,94,21.27659574,0.063829787,0.005234043
금천구,가산동,9,364,24.72527473,0.074175824,0.006082418
강서구,가양1동,23,766,30.02610966,0.090078329,0.007386423
강서구,가양2동,6,232,25.86206897,0.077586207,0.006362069
강서구,가양3동,8,441,18.14058957,0.054421769,0.004462585
서구,가정1동,24,2292,10.47120419,0.031413613,0.002575916
서구,가정2동,9,1177,7.646559048,0.022939677,0.001881054
서구,가정3동,2,139,14.38848921,0.043165468,0.003539568
서구,가좌1동,6,341,17.59530792,0.052785924,0.004328446
서구,가좌2동,7,458,15.28384279,0.045851528,0.003759825
서구,가좌3동,2,232,8.620689655,0.025862069,0.00212069
서구,가좌4동,8,472,16.94915254,0.050847458,0.004169492
고양시 일산서구,가좌동,9,362,24.86187845,0.074585635,0.006116022
종로구,가회동,3,58,51.72413793,0.155172414,0.012724138
남동구,간석1동,5,385,12.98701299,0.038961039,0.003194805
남동구,간석2동,9,460,19.56521739,0.058695652,0.004813043
남동구,간석3동,9,505,17.82178218,0.053465347,0.004384158
남동구,간석4동,7,645,10.85271318,0.03255814,0.002669767
구리시,갈매동,22,1312,16.76829268,0.050304878,0.004125
부평구,갈산1동,3,242,12.39669421,0.037190083,0.003049587
부평구,갈산2동,8,312,25.64102564,0.076923077,0.006307692
안양시 동안구,갈산동,3,173,17.34104046,0.052023121,0.004265896
은평구,갈현1동,5,178,28.08988764,0.084269663,0.006910112
은평구,갈현2동,8,372,21.50537634,0.064516129,0.005290323
하남시,감일동,38,2516,15.10333863,0.045310016,0.003715421
강동구,강일동,27,1518,17.78656126,0.053359684,0.004375494
강화군,강화읍,6,571,10.50788091,0.031523643,0.002584939
구로구,개봉1동,16,1215,13.16872428,0.039506173,0.003239506
구로구,개봉2동,19,789,24.08111534,0.072243346,0.005923954
구로구,개봉3동,7,355,19.71830986,0.05915493,0.004850704
강남구,개포1동,4,1031,3.879728419,0.011639185,0.000954413
강남구,개포2동,8,2024,3.95256917,0.011857708,0.000972332
강남구,개포3동,6,486,12.34567901,0.037037037,0.003037037
강남구,개포4동,9,817,11.01591187,0.033047736,0.002709914
중구,개항동,1,52,19.23076923,0.057692308,0.004730769
송파구,거여1동,6,221,27.14932127,0.081447964,0.006678733
송파구,거여2동,14,843,16.60735469,0.049822064,0.004085409
서구,검단동,16,933,17.14898178,0.051446945,0.00421865
서구,검암경서동,24,1342,17.88375559,0.053651267,0.004399404
계양구,계산1동,6,203,29.55665025,0.088669951,0.007270936
계양구,계산2동,5,198,25.25252525,0.075757576,0.006212121
계양구,계산3동,5,242,20.66115702,0.061983471,0.005082645
계양구,계산4동,8,414,19.3236715,0.057971014,0.004753623
계양구,계양1동,17,411,41.36253041,0.124087591,0.010175182
계양구,계양2동,10,559,17.88908766,0.053667263,0.004400716
계양구,계양3동,7,577,12.13171577,0.036395147,0.002984402
부천시 오정구,고강1동,8,174,45.97701149,0.137931034,0.011310345
부천시 오정구,고강본동,6,363,16.52892562,0.049586777,0.004066116
강동구,고덕1동,8,671,11.92250373,0.035767511,0.002932936
강동구,고덕2동,16,1283,12.47077163,0.037412315,0.00306781
성남시 수정구,고등동,7,679,10.30927835,0.030927835,0.002536082
고양시 일산동구,고봉동,5,422,11.84834123,0.035545024,0.002914692
고양시 덕양구,고양동,13,512,25.390625,0.076171875,0.006246094
구로구,고척1동,14,1131,12.37842617,0.037135279,0.003045093
구로구,고척2동,14,586,23.89078498,0.071672355,0.005877133
김포시,고촌읍,37,2378,15.55929352,0.046677881,0.003827586
마포구,공덕동,12,987,12.15805471,0.036474164,0.002990881
노원구,공릉1동,15,639,23.4741784,0.070422535,0.005774648
노원구,공릉2동,25,1342,18.62891207,0.055886736,0.004582712
강서구,공항동,14,1048,13.35877863,0.040076336,0.00328626
미추홀구,관교동,5,217,23.04147465,0.069124424,0.005668203
고양시 덕양구,관산동,7,471,14.86199575,0.044585987,0.003656051
안양시 동안구,관양동,16,619,25.84814216,0.077544426,0.006358643
광명시,광명1동,6,981,6.116207951,0.018348624,0.001504587
광명시,광명2동,1,274,3.649635036,0.010948905,0.00089781
광명시,광명3동,1,102,9.803921569,0.029411765,0.002411765
광명시,광명4동,4,172,23.25581395,0.069767442,0.00572093
광명시,광명5동,8,252,31.74603175,0.095238095,0.007809524
광명시,광명6동,9,453,19.86754967,0.059602649,0.004887417
광명시,광명7동,15,1077,13.9275766,0.04178273,0.003426184
광진구,광장동,13,902,14.41241685,0.043237251,0.003545455
중구,광희동,2,73,27.39726027,0.082191781,0.006739726
부천시 소사구,괴안동,10,385,25.97402597,0.077922078,0.00638961
종로구,교남동,5,327,15.29051988,0.04587156,0.003761468
구리시,교문1동,6,214,28.03738318,0.08411215,0.006897196
구리시,교문2동,11,570,19.29824561,0.057894737,0.004747368
용인시 기흥구,구갈동,18,1450,12.4137931,0.037241379,0.003053793
김포시,구래동,34,2152,15.79925651,0.04739777,0.003886617
구로구,구로1동,16,802,19.95012469,0.059850374,0.004907731
구로구,구로2동,9,318,28.30188679,0.08490566,0.006962264
구로구,구로3동,13,440,29.54545455,0.088636364,0.007268182
구로구,구로4동,14,295,47.45762712,0.142372881,0.011674576
구로구,구로5동,15,869,17.26121979,0.051783659,0.00424626
성남시 분당구,구미1동,10,548,18.24817518,0.054744526,0.004489051
성남시 분당구,구미동,19,755,25.16556291,0.075496689,0.006190728
은평구,구산동,10,502,19.92031873,0.059760956,0.004900398
용인시 기흥구,구성동,20,952,21.00840336,0.06302521,0.005168067
남동구,구월1동,13,835,15.56886228,0.046706587,0.00382994
남동구,구월2동,21,1339,15.68334578,0.047050037,0.003858103
남동구,구월3동,11,460,23.91304348,0.07173913,0.005882609
남동구,구월4동,2,139,14.38848921,0.043165468,0.003539568
광진구,구의1동,5,381,13.12335958,0.039370079,0.003228346
광진구,구의2동,10,509,19.64636542,0.058939096,0.004833006
광진구,구의3동,13,767,16.94915254,0.050847458,0.004169492
광진구,군자동,6,261,22.98850575,0.068965517,0.005655172
안양시 동안구,귀인동,2,270,7.407407407,0.022222222,0.001822222
남양주시,금곡동,7,200,35,0.105,0.00861
성남시 분당구,금곡동,10,800,12.5,0.0375,0.003075
성남시 중원구,금광1동,16,1341,11.93139448,0.035794183,0.002935123
성남시 중원구,금광2동,9,485,18.55670103,0.055670103,0.004564948
동구,금창동,1,11,90.90909091,0.272727273,0.022363636
성동구,금호1가동,9,556,16.18705036,0.048561151,0.003982014
성동구,금호2.3가동,12,814,14.74201474,0.044226044,0.003626536
성동구,금호4가동,9,608,14.80263158,0.044407895,0.003641447
용인시 기흥구,기흥동,14,503,27.83300199,0.083499006,0.006846918
강동구,길동,14,1297,10.79414032,0.032382421,0.002655359
강화군,길상면,1,118,8.474576271,0.025423729,0.002084746
성북구,길음1동,17,1261,13.481364,0.040444092,0.003316416
성북구,길음2동,10,852,11.7370892,0.035211268,0.002887324
김포시,김포본동,33,1917,17.2143975,0.051643192,0.004234742
관악구,낙성대동,4,268,14.92537313,0.044776119,0.003671642
관악구,난곡동,7,337,20.77151335,0.06231454,0.005109792
관악구,난향동,9,373,24.12868633,0.072386059,0.005935657
서대문구,남가좌1동,12,874,13.72997712,0.041189931,0.003377574
서대문구,남가좌2동,15,980,15.30612245,0.045918367,0.003765306
용인시 처인구,남사읍,19,998,19.03807615,0.057114228,0.004683367
용산구,남영동,3,92,32.60869565,0.097826087,0.008021739
남동구,남촌도림동,10,306,32.67973856,0.098039216,0.008039216
관악구,남현동,5,369,13.5501355,0.040650407,0.003333333
서초구,내곡동,14,668,20.95808383,0.062874251,0.005155689
동작구,노량진1동,10,841,11.89060642,0.035671819,0.002925089
은평구,녹번동,14,971,14.41812564,0.043254377,0.003546859
강남구,논현1동,2,289,6.920415225,0.020761246,0.001702422
남동구,논현1동,13,824,15.77669903,0.047330097,0.003881068
강남구,논현2동,4,442,9.049773756,0.027149321,0.002226244
남동구,논현2동,16,569,28.11950791,0.084358524,0.006917399
남동구,논현고잔동,20,1289,15.5159038,0.046547711,0.003816912
고양시 덕양구,능곡동,9,560,16.07142857,0.048214286,0.003953571
광진구,능동,3,205,14.63414634,0.043902439,0.0036
남양주시,다산1동,78,5522,14.12531691,0.042375951,0.003474828
남양주시,다산2동,26,1664,15.625,0.046875,0.00384375
중구,다산동,4,198,20.2020202,0.060606061,0.004969697
성남시 수정구,단대동,6,335,17.91044776,0.053731343,0.00440597
안양시 동안구,달안동,7,245,28.57142857,0.085714286,0.007028571
동대문구,답십리1동,15,1110,13.51351351,0.040540541,0.003324324
동대문구,답십리2동,15,900,16.66666667,0.05,0.0041
영등포구,당산1동,13,609,21.34646962,0.064039409,0.005251232
영등포구,당산2동,17,1223,13.9002453,0.041700736,0.00341946
서구,당하동,26,2188,11.88299817,0.035648995,0.002923218
김포시,대곶면,3,98,30.6122449,0.091836735,0.007530612
고양시 덕양구,대덕동,8,1121,7.136485281,0.021409456,0.001755575
영등포구,대림1동,7,324,21.60493827,0.064814815,0.005314815
영등포구,대림2동,2,157,12.7388535,0.038216561,0.003133758
영등포구,대림3동,11,538,20.44609665,0.06133829,0.00502974
동작구,대방동,10,643,15.55209953,0.046656299,0.003825816
은평구,대조동,6,468,12.82051282,0.038461538,0.003153846
옹진군,대청면,1,11,90.90909091,0.272727273,0.022363636
강남구,대치1동,5,400,12.5,0.0375,0.003075
강남구,대치2동,10,848,11.79245283,0.035377358,0.002900943
강남구,대치4동,6,226,26.54867257,0.079646018,0.006530973
관악구,대학동,6,264,22.72727273,0.068181818,0.005590909
고양시 일산서구,대화동,20,922,21.69197397,0.065075922,0.005336226
마포구,대흥동,3,268,11.19402985,0.03358209,0.002753731
고양시 일산서구,덕이동,16,779,20.53915276,0.061617458,0.005052632
옹진군,덕적면,1,12,83.33333333,0.25,0.0205
하남시,덕풍1동,6,351,17.09401709,0.051282051,0.004205128
하남시,덕풍2동,9,469,19.18976546,0.057569296,0.004720682
하남시,덕풍3동,13,962,13.51351351,0.040540541,0.003324324
강남구,도곡1동,6,629,9.538950715,0.028616852,0.002346582
강남구,도곡2동,4,867,4.61361015,0.01384083,0.001134948
부천시 원미구,도당동,7,356,19.66292135,0.058988764,0.004837079
영등포구,도림동,9,429,20.97902098,0.062937063,0.005160839
도봉구,도봉1동,5,228,21.92982456,0.065789474,0.005394737
도봉구,도봉2동,18,698,25.78796562,0.077363897,0.00634384
중구,도원동,3,24,125,0.375,0.03075
성남시 중원구,도촌동,16,878,18.22323462,0.054669704,0.004482916
미추홀구,도화1동,5,567,8.818342152,0.026455026,0.002169312
미추홀구,도화2.3동,21,1235,17.00404858,0.051012146,0.004182996
마포구,도화동,9,677,13.29394387,0.039881832,0.00327031
금천구,독산1동,23,1601,14.36602124,0.043098064,0.003534041
금천구,독산2동,8,260,30.76923077,0.092307692,0.007569231
금천구,독산3동,6,317,18.92744479,0.056782334,0.004656151
금천구,독산4동,7,185,37.83783784,0.113513514,0.009308108
성북구,돈암1동,7,342,20.46783626,0.061403509,0.005035088
성북구,돈암2동,11,732,15.0273224,0.045081967,0.003696721
구리시,동구동,25,995,25.12562814,0.075376884,0.006180905
용인시 기흥구,동백1동,16,772,20.7253886,0.062176166,0.005098446
용인시 기흥구,동백2동,11,478,23.0125523,0.069037657,0.005661088
용인시 기흥구,동백3동,11,1176,9.353741497,0.028061224,0.00230102
용인시 처인구,동부동,3,195,15.38461538,0.046153846,0.003784615
성북구,동선동,3,172,17.44186047,0.052325581,0.004290698
중구,동인천동,2,50,40,0.12,0.00984
용인시 수지구,동천동,29,2172,13.35174954,0.040055249,0.00328453
연수구,동춘1동,14,1120,12.5,0.0375,0.003075
연수구,동춘2동,11,442,24.88687783,0.074660633,0.006122172
연수구,동춘3동,9,367,24.52316076,0.073569482,0.006032698
중구,동화동,4,283,14.13427562,0.042402827,0.003477032
강동구,둔촌1동,7,1986,3.524672709,0.010574018,0.000867069
강동구,둔촌2동,14,949,14.75237092,0.044257113,0.003629083
강서구,등촌1동,13,755,17.21854305,0.051655629,0.004235762
강서구,등촌2동,5,477,10.48218029,0.031446541,0.002578616
강서구,등촌3동,15,797,18.82057716,0.056461731,0.004629862
고양시 일산동구,마두1동,11,408,26.96078431,0.080882353,0.006632353
고양시 일산동구,마두2동,4,264,15.15151515,0.045454545,0.003727273
용인시 기흥구,마북동,16,1070,14.95327103,0.044859813,0.003678505
김포시,마산동,29,1923,15.08060322,0.04524181,0.003709828
성동구,마장동,11,503,21.86878728,0.065606362,0.005379722
서구,마전동,13,564,23.04964539,0.069148936,0.005670213
송파구,마천1동,5,246,20.32520325,0.06097561,0.005
송파구,마천2동,8,247,32.38866397,0.097165992,0.007967611
동구,만석동,3,88,34.09090909,0.102272727,0.008386364
남동구,만수1동,5,244,20.49180328,0.06147541,0.005040984
남동구,만수2동,9,480,18.75,0.05625,0.0046125
남동구,만수3동,6,327,18.34862385,0.055045872,0.004513761
남동구,만수4동,6,359,16.71309192,0.050139276,0.004111421
남동구,만수5동,2,233,8.583690987,0.025751073,0.002111588
남동구,만수6동,9,315,28.57142857,0.085714286,0.007028571
중랑구,망우3동,5,245,20.40816327,0.06122449,0.005020408
중랑구,망우본동,17,1452,11.70798898,0.035123967,0.002880165
마포구,망원1동,8,311,25.72347267,0.077170418,0.006327974
마포구,망원2동,6,340,17.64705882,0.052941176,0.004341176
중랑구,면목2동,9,436,20.64220183,0.061926606,0.005077982
중랑구,면목3.8동,8,447,17.89709172,0.053691275,0.004402685
중랑구,면목4동,5,375,13.33333333,0.04,0.00328
중랑구,면목5동,4,533,7.504690432,0.022514071,0.001846154
중랑구,면목7동,8,499,16.03206413,0.048096192,0.003943888
중랑구,면목본동,9,516,17.44186047,0.052325581,0.004290698
중구,명동,8,30,266.6666667,0.8,0.0656
강동구,명일1동,13,1050,12.38095238,0.037142857,0.003045714
강동구,명일2동,8,348,22.98850575,0.068965517,0.005655172
용인시 처인구,모현읍,18,1359,13.24503311,0.039735099,0.003258278
양천구,목1동,9,796,11.30653266,0.033919598,0.002781407
양천구,목2동,10,533,18.76172608,0.056285178,0.004615385
양천구,목3동,9,563,15.98579041,0.047957371,0.003932504
양천구,목4동,6,379,15.83113456,0.047493404,0.003894459
양천구,목5동,12,965,12.43523316,0.037305699,0.003059067
종로구,무악동,3,233,12.87553648,0.038626609,0.003167382
중랑구,묵1동,13,669,19.43198804,0.058295964,0.004780269
중랑구,묵2동,8,350,22.85714286,0.068571429,0.005622857
영등포구,문래동,22,1360,16.17647059,0.048529412,0.003979412
송파구,문정1동,6,556,10.79136691,0.032374101,0.002654676
송파구,문정2동,9,793,11.34930643,0.034047919,0.002791929
미추홀구,문학동,4,243,16.46090535,0.049382716,0.004049383
하남시,미사1동,23,1916,12.00417537,0.036012526,0.002953027
하남시,미사2동,34,2030,16.74876847,0.050246305,0.004120197
하남시,미사3동,21,1275,16.47058824,0.049411765,0.004051765
관악구,미성동,11,485,22.68041237,0.068041237,0.005579381
강북구,미아동,4,213,18.77934272,0.056338028,0.004619718
안양시 만안구,박달동,4,168,23.80952381,0.071428571,0.005857143
서초구,반포1동,9,1040,8.653846154,0.025961538,0.002128846
서초구,반포2동,10,1167,8.568980291,0.025706941,0.002107969
서초구,반포3동,8,854,9.367681499,0.028103044,0.00230445
서초구,반포4동,8,625,12.8,0.0384,0.0031488
강서구,발산1동,23,1029,22.35179786,0.067055394,0.005498542
서초구,방배1동,5,395,12.65822785,0.037974684,0.003113924
서초구,방배2동,8,436,18.34862385,0.055045872,0.004513761
서초구,방배3동,4,496,8.064516129,0.024193548,0.001983871
서초구,방배4동,9,776,11.59793814,0.034793814,0.002853093
서초구,방배본동,3,428,7.009345794,0.021028037,0.001724299
송파구,방이1동,3,352,8.522727273,0.025568182,0.002096591
송파구,방이2동,12,470,25.53191489,0.076595745,0.006280851
도봉구,방학1동,9,449,20.04454343,0.06013363,0.004930958
도봉구,방학2동,7,245,28.57142857,0.085714286,0.007028571
도봉구,방학3동,11,556,19.78417266,0.059352518,0.004866906
강서구,방화1동,27,1398,19.31330472,0.057939914,0.004751073
강서구,방화2동,10,505,19.8019802,0.059405941,0.004871287
강서구,방화3동,9,568,15.84507042,0.047535211,0.003897887
옹진군,백령면,3,125,24,0.072,0.005904
고양시 일산동구,백석1동,14,832,16.82692308,0.050480769,0.004139423
고양시 일산동구,백석2동,6,339,17.69911504,0.053097345,0.004353982
용인시 처인구,백암면,1,61,16.39344262,0.049180328,0.004032787
성남시 분당구,백현동,16,873,18.32760596,0.054982818,0.004508591
강북구,번1동,7,207,33.81642512,0.101449275,0.008318841
강북구,번2동,5,193,25.90673575,0.077720207,0.006373057
강북구,번3동,5,307,16.28664495,0.048859935,0.004006515
안양시 동안구,범계동,6,412,14.5631068,0.04368932,0.003582524
부천시 소사구,범박동,21,1559,13.47017319,0.04041052,0.003313663
남양주시,별내동,54,3369,16.0284951,0.048085485,0.00394301
남양주시,별내면,13,282,46.09929078,0.138297872,0.011340426
용산구,보광동,3,80,37.5,0.1125,0.009225
용인시 기흥구,보라동,20,879,22.75312856,0.068259386,0.00559727
관악구,보라매동,8,340,23.52941176,0.070588235,0.005788235
성북구,보문동,6,463,12.95896328,0.03887689,0.003187905
용인시 기흥구,보정동,16,1025,15.6097561,0.046829268,0.00384
성남시 수정구,복정동,5,796,6.281407035,0.018844221,0.001545226
부평구,부개1동,6,245,24.48979592,0.073469388,0.00602449
부평구,부개2동,10,555,18.01801802,0.054054054,0.004432432
부평구,부개3동,16,484,33.05785124,0.099173554,0.008132231
안양시 동안구,부림동,19,1088,17.46323529,0.052389706,0.004295956
종로구,부암동,1,151,6.622516556,0.01986755,0.001629139
부평구,부평1동,10,687,14.55604076,0.043668122,0.003580786
부평구,부평2동,9,532,16.91729323,0.05075188,0.004161654
부평구,부평3동,6,561,10.69518717,0.032085561,0.002631016
부평구,부평4동,10,681,14.68428781,0.044052863,0.003612335
부평구,부평5동,10,1133,8.826125331,0.026478376,0.002171227
부평구,부평6동,12,785,15.2866242,0.045859873,0.00376051
안양시 동안구,부흥동,15,524,28.6259542,0.085877863,0.007041985
서대문구,북가좌1동,8,492,16.2601626,0.048780488,0.004
서대문구,북가좌2동,9,519,17.34104046,0.052023121,0.004265896
옹진군,북도면,1,3,333.3333333,1,0.082
서대문구,북아현동,11,669,16.44245142,0.049327354,0.004044843
성남시 분당구,분당동,8,667,11.994003,0.035982009,0.002950525
은평구,불광1동,16,814,19.65601966,0.058968059,0.004835381
은평구,불광2동,5,329,15.19756839,0.045592705,0.003738602
서구,불로대곡동,34,3180,10.6918239,0.032075472,0.002630189
강화군,불은면,1,62,16.12903226,0.048387097,0.003967742
안양시 동안구,비산1동,12,1430,8.391608392,0.025174825,0.002064336
안양시 동안구,비산2동,9,650,13.84615385,0.041538462,0.003406154
안양시 동안구,비산3동,6,785,7.643312102,0.022929936,0.001880255
성동구,사근동,3,149,20.13422819,0.060402685,0.00495302
동작구,사당1동,4,281,14.23487544,0.042704626,0.003501779
동작구,사당2동,14,836,16.74641148,0.050239234,0.004119617
동작구,사당3동,9,796,11.30653266,0.033919598,0.002781407
동작구,사당4동,7,270,25.92592593,0.077777778,0.006377778
동작구,사당5동,5,491,10.18329939,0.030549898,0.002505092
김포시,사우동,12,473,25.36997886,0.076109937,0.006241015
종로구,사직동,10,189,52.91005291,0.158730159,0.013015873
부평구,산곡1동,7,706,9.915014164,0.029745042,0.002439093
부평구,산곡2동,15,678,22.12389381,0.066371681,0.005442478
부평구,산곡3동,8,318,25.1572327,0.075471698,0.006188679
부평구,산곡4동,9,343,26.23906706,0.078717201,0.00645481
성남시 수정구,산성동,2,63,31.74603175,0.095238095,0.007809524
용인시 처인구,삼가동,10,458,21.83406114,0.065502183,0.005371179
강북구,삼각산동,21,966,21.73913043,0.065217391,0.005347826
부평구,삼산1동,17,780,21.79487179,0.065384615,0.005361538
부평구,삼산2동,13,572,22.72727273,0.068181818,0.005590909
강화군,삼산면,1,22,45.45454545,0.136363636,0.011181818
성북구,삼선동,6,344,17.44186047,0.052325581,0.004290698
강남구,삼성1동,7,355,19.71830986,0.05915493,0.004850704
강남구,삼성2동,13,830,15.6626506,0.046987952,0.003853012
관악구,삼성동,4,341,11.73020528,0.035190616,0.00288563
고양시 덕양구,삼송1동,15,1115,13.4529148,0.040358744,0.003309417
고양시 덕양구,삼송2동,14,1193,11.73512154,0.035205365,0.00288684
강북구,삼양동,14,550,25.45454545,0.076363636,0.006261818
송파구,삼전동,10,495,20.2020202,0.060606061,0.004969697
종로구,삼청동,2,34,58.82352941,0.176470588,0.014470588
성남시 분당구,삼평동,31,1157,26.79343129,0.080380294,0.006591184
부천시 원미구,상1동,20,824,24.27184466,0.072815534,0.005970874
부천시 원미구,상2동,18,1184,15.2027027,0.045608108,0.003739865
부천시 원미구,상3동,17,890,19.1011236,0.057303371,0.004698876
용인시 기흥구,상갈동,8,326,24.5398773,0.073619632,0.00603681
노원구,상계10동,11,610,18.03278689,0.054098361,0.004436066
노원구,상계1동,17,796,21.35678392,0.064070352,0.005253769
노원구,상계2동,8,314,25.47770701,0.076433121,0.006267516
노원구,상계3.4동,10,552,18.11594203,0.054347826,0.004456522
노원구,상계5동,11,353,31.16147309,0.093484419,0.007665722
노원구,상계6.7동,21,955,21.9895288,0.065968586,0.005409424
노원구,상계8동,25,1201,20.81598668,0.06244796,0.005120733
노원구,상계9동,13,494,26.31578947,0.078947368,0.006473684
성남시 중원구,상대원1동,17,496,34.27419355,0.102822581,0.008431452
성남시 중원구,상대원2동,2,52,38.46153846,0.115384615,0.009461538
성남시 중원구,상대원3동,2,151,13.24503311,0.039735099,0.003258278
동작구,상도1동,12,952,12.60504202,0.037815126,0.00310084
동작구,상도2동,15,985,15.2284264,0.045685279,0.003746193
동작구,상도3동,8,330,24.24242424,0.072727273,0.005963636
동작구,상도4동,14,704,19.88636364,0.059659091,0.004892045
부천시 원미구,상동,5,336,14.88095238,0.044642857,0.003660714
중랑구,상봉1동,9,735,12.24489796,0.036734694,0.003012245
중랑구,상봉2동,4,448,8.928571429,0.026785714,0.002196429
마포구,상암동,27,786,34.35114504,0.103053435,0.008450382
강동구,상일1동,12,1808,6.637168142,0.019911504,0.001632743
강동구,상일2동,14,637,21.97802198,0.065934066,0.005406593
용인시 기흥구,상하동,14,499,28.05611222,0.084168337,0.006901804
용인시 수지구,상현1동,13,773,16.81759379,0.050452781,0.004137128
용인시 수지구,상현2동,16,1204,13.28903654,0.03986711,0.003269103
용인시 수지구,상현3동,13,937,13.87406617,0.041622199,0.00341302
마포구,서강동,10,725,13.79310345,0.04137931,0.003393103
마포구,서교동,4,314,12.7388535,0.038216561,0.003133758
용인시 기흥구,서농동,20,942,21.23142251,0.063694268,0.00522293
관악구,서림동,5,247,20.24291498,0.060728745,0.004979757
용산구,서빙고동,4,305,13.1147541,0.039344262,0.00322623
관악구,서원동,5,235,21.27659574,0.063829787,0.005234043
남동구,서창2동,19,1327,14.31801055,0.042954032,0.003522231
서초구,서초1동,10,494,20.24291498,0.060728745,0.004979757
서초구,서초2동,9,946,9.513742072,0.028541226,0.002340381
서초구,서초3동,11,764,14.39790576,0.043193717,0.003541885
서초구,서초4동,10,918,10.89324619,0.032679739,0.002679739
성남시 분당구,서현1동,10,770,12.98701299,0.038961039,0.003194805
성남시 분당구,서현2동,9,522,17.24137931,0.051724138,0.004241379
성북구,석관동,11,793,13.87137453,0.041614124,0.003412358
서구,석남1동,7,336,20.83333333,0.0625,0.005125
서구,석남2동,3,240,12.5,0.0375,0.003075
서구,석남3동,4,232,17.24137931,0.051724138,0.004241379
안양시 만안구,석수1동,11,577,19.06412478,0.057192374,0.004689775
안양시 만안구,석수2동,19,744,25.53763441,0.076612903,0.006282258
송파구,석촌동,12,572,20.97902098,0.062937063,0.005160839
강화군,선원면,2,278,7.194244604,0.021582734,0.001769784
연수구,선학동,7,468,14.95726496,0.044871795,0.003679487
부천시 오정구,성곡동,18,745,24.16107383,0.072483221,0.005943624
성남시 중원구,성남동,11,549,20.03642987,0.06010929,0.004928962
강동구,성내1동,11,622,17.68488746,0.053054662,0.004350482
강동구,성내2동,8,488,16.39344262,0.049180328,0.004032787
강동구,성내3동,7,448,15.625,0.046875,0.00384375
용인시 수지구,성복동,17,1799,9.449694275,0.028349083,0.002324625
성북구,성북동,4,296,13.51351351,0.040540541,0.003324324
고양시 덕양구,성사1동,9,676,13.31360947,0.039940828,0.003275148
고양시 덕양구,성사2동,5,161,31.05590062,0.093167702,0.007639752
마포구,성산1동,4,303,13.20132013,0.03960396,0.003247525
마포구,성산2동,17,960,17.70833333,0.053125,0.00435625
성동구,성수1가1동,4,463,8.639308855,0.025917927,0.00212527
성동구,성수1가2동,7,503,13.91650099,0.041749503,0.003423459
성동구,성수2가1동,4,296,13.51351351,0.040540541,0.003324324
성동구,성수2가3동,5,213,23.4741784,0.070422535,0.005774648
관악구,성현동,12,909,13.20132013,0.03960396,0.003247525
강남구,세곡동,24,1710,14.03508772,0.042105263,0.003452632
중구,소공동,6,76,78.94736842,0.236842105,0.019421053
부천시 원미구,소사동,6,65,92.30769231,0.276923077,0.022707692
부천시 소사구,소사본1동,14,692,20.23121387,0.060693642,0.004976879
부천시 소사구,소사본동,13,960,13.54166667,0.040625,0.00333125
광명시,소하1동,17,800,21.25,0.06375,0.0052275
광명시,소하2동,13,553,23.50813743,0.070524412,0.005783002
부천시 소사구,송내1동,10,523,19.12045889,0.057361377,0.004703633
부천시 소사구,송내2동,14,521,26.87140115,0.080614203,0.006610365
연수구,송도1동,31,1015,30.54187192,0.091625616,0.0075133
연수구,송도2동,20,1396,14.32664756,0.042979943,0.003524355
연수구,송도3동,31,2720,11.39705882,0.034191176,0.002803676
연수구,송도4동,32,3813,8.392341988,0.025177026,0.002064516
연수구,송도5동,39,3365,11.58989599,0.034769688,0.002851114
동구,송림1동,1,320,3.125,0.009375,0.00076875
동구,송림2동,1,5,200,0.6,0.0492
동구,송림3.5동,3,88,34.09090909,0.102272727,0.008386364
동구,송림4동,4,249,16.06425703,0.048192771,0.003951807
동구,송림6동,4,168,23.80952381,0.071428571,0.005857143
성동구,송정동,3,169,17.75147929,0.053254438,0.004366864
강북구,송중동,13,562,23.1316726,0.069395018,0.005690391
강북구,송천동,5,353,14.16430595,0.042492918,0.003484419
송파구,송파1동,9,519,17.34104046,0.052023121,0.004265896
송파구,송파2동,8,612,13.07189542,0.039215686,0.003215686
고양시 일산서구,송포동,8,629,12.71860095,0.038155803,0.003128776
동구,송현1.2동,7,196,35.71428571,0.107142857,0.008785714
동구,송현3동,1,18,55.55555556,0.166666667,0.013666667
구로구,수궁동,9,513,17.54385965,0.052631579,0.004315789
성남시 분당구,수내1동,4,385,10.38961039,0.031168831,0.002555844
성남시 분당구,수내2동,1,247,4.048582996,0.012145749,0.000995951
성남시 분당구,수내3동,3,234,12.82051282,0.038461538,0.003153846
남양주시,수동면,2,85,23.52941176,0.070588235,0.005788235
은평구,수색동,9,1057,8.514664144,0.025543992,0.002094607
강남구,수서동,6,327,18.34862385,0.055045872,0.004513761
강북구,수유1동,6,293,20.4778157,0.061433447,0.005037543
강북구,수유2동,8,334,23.95209581,0.071856287,0.005892216
강북구,수유3동,3,201,14.92537313,0.044776119,0.003671642
성남시 수정구,수진1동,1,93,10.75268817,0.032258065,0.002645161
성남시 수정구,수진2동,3,216,13.88888889,0.041666667,0.003416667
구리시,수택1동,6,439,13.66742597,0.041002278,0.003362187
구리시,수택2동,9,445,20.2247191,0.060674157,0.004975281
구리시,수택3동,8,536,14.92537313,0.044776119,0.003671642
미추홀구,숭의1.3동,4,708,5.649717514,0.016949153,0.001389831
미추홀구,숭의2동,5,388,12.88659794,0.038659794,0.003170103
미추홀구,숭의4동,7,539,12.98701299,0.038961039,0.003194805
종로구,숭인1동,2,92,21.73913043,0.065217391,0.005347826
종로구,숭인2동,2,142,14.08450704,0.042253521,0.003464789
금천구,시흥1동,16,627,25.51834131,0.076555024,0.006277512
금천구,시흥2동,11,525,20.95238095,0.062857143,0.005154286
금천구,시흥3동,2,144,13.88888889,0.041666667,0.003416667
금천구,시흥4동,9,307,29.31596091,0.087947883,0.007211726
금천구,시흥5동,7,297,23.56902357,0.070707071,0.00579798
성남시 수정구,시흥동,7,80,87.5,0.2625,0.021525
고양시 일산동구,식사동,16,1337,11.9670905,0.035901272,0.002943904
용인시 기흥구,신갈동,20,1284,15.57632399,0.046728972,0.003831776
영등포구,신길1동,6,331,18.12688822,0.054380665,0.004459215
영등포구,신길3동,4,487,8.213552361,0.024640657,0.002020534
영등포구,신길4동,5,348,14.36781609,0.043103448,0.003534483
영등포구,신길5동,3,305,9.836065574,0.029508197,0.002419672
영등포구,신길6동,9,490,18.36734694,0.055102041,0.004518367
영등포구,신길7동,10,947,10.55966209,0.031678986,0.002597677
중랑구,신내1동,23,1011,22.74975272,0.068249258,0.005596439
중랑구,신내2동,15,491,30.54989817,0.091649695,0.007515275
중구,신당5동,3,232,12.93103448,0.038793103,0.003181034
중구,신당동,1,105,9.523809524,0.028571429,0.002342857
동작구,신대방1동,10,600,16.66666667,0.05,0.0041
동작구,신대방2동,14,684,20.46783626,0.061403509,0.005035088
구로구,신도림동,24,1462,16.41586867,0.049247606,0.004038304
관악구,신림동,1,120,8.333333333,0.025,0.00205
용인시 수지구,신봉동,21,1409,14.90418737,0.044712562,0.00366643
은평구,신사1동,7,527,13.28273245,0.039848197,0.003267552
은평구,신사2동,7,452,15.48672566,0.046460177,0.003809735
강남구,신사동,3,405,7.407407407,0.022222222,0.001822222
관악구,신사동,5,185,27.02702703,0.081081081,0.006648649
동대문구,신설동,5,436,11.46788991,0.03440367,0.002821101
마포구,신수동,8,705,11.34751773,0.034042553,0.002791489
관악구,신원동,4,154,25.97402597,0.077922078,0.00638961
양천구,신월1동,6,261,22.98850575,0.068965517,0.005655172
양천구,신월2동,15,612,24.50980392,0.073529412,0.006029412
양천구,신월3동,7,312,22.43589744,0.067307692,0.005519231
양천구,신월4동,8,458,17.46724891,0.052401747,0.004296943
양천구,신월5동,9,277,32.49097473,0.097472924,0.00799278
양천구,신월6동,7,712,9.831460674,0.029494382,0.002418539
양천구,신월7동,9,383,23.49869452,0.070496084,0.005780679
하남시,신장1동,3,134,22.3880597,0.067164179,0.005507463
하남시,신장2동,30,1652,18.1598063,0.054479419,0.004467312
양천구,신정1동,7,492,14.22764228,0.042682927,0.0035
양천구,신정2동,4,402,9.950248756,0.029850746,0.002447761
양천구,신정3동,25,1366,18.30161054,0.054904832,0.004502196
양천구,신정4동,11,455,24.17582418,0.072527473,0.005947253
양천구,신정6동,8,649,12.32665639,0.036979969,0.003032357
양천구,신정7동,13,712,18.25842697,0.054775281,0.004491573
강남구,신촌동,3,238,12.60504202,0.037815126,0.00310084
안양시 동안구,신촌동,8,405,19.75308642,0.059259259,0.004859259
성남시 수정구,신촌동,0,241,0,0,0
중구,신포동,3,57,52.63157895,0.157894737,0.012947368
서구,신현원창동,16,834,19.18465228,0.057553957,0.004719424
성남시 수정구,신흥1동,1,123,8.130081301,0.024390244,0.002
성남시 수정구,신흥2동,15,1916,7.828810021,0.02348643,0.001925887
성남시 수정구,신흥3동,2,142,14.08450704,0.042253521,0.003464789
중구,신흥동,5,396,12.62626263,0.037878788,0.003106061
부천시 오정구,신흥동,10,326,30.67484663,0.09202454,0.007546012
부천시 원미구,심곡1동,2,231,8.658008658,0.025974026,0.00212987
부천시 원미구,심곡2동,4,477,8.385744235,0.025157233,0.002062893
부천시 원미구,심곡3동,6,166,36.14457831,0.108433735,0.008891566
부천시 소사구,심곡본1동,5,264,18.93939394,0.056818182,0.004659091
부천시 소사구,심곡본동,6,188,31.91489362,0.095744681,0.007851064
부평구,십정1동,12,1370,8.759124088,0.026277372,0.002154745
부평구,십정2동,6,290,20.68965517,0.062068966,0.005089655
도봉구,쌍문1동,7,381,18.37270341,0.05511811,0.004519685
도봉구,쌍문2동,6,313,19.16932907,0.057507987,0.004715655
도봉구,쌍문3동,4,306,13.07189542,0.039215686,0.003215686
도봉구,쌍문4동,9,387,23.25581395,0.069767442,0.00572093
서구,아라1동,45,4631,9.717123731,0.029151371,0.002390412
서구,아라2동,29,2380,12.18487395,0.036554622,0.002997479
마포구,아현동,19,1602,11.86017478,0.035580524,0.002917603
성북구,안암동,6,182,32.96703297,0.098901099,0.00810989
안양시 만안구,안양1동,14,915,15.30054645,0.045901639,0.003763934
안양시 만안구,안양2동,9,707,12.72984441,0.038189533,0.003131542
안양시 만안구,안양3동,3,204,14.70588235,0.044117647,0.003617647
안양시 만안구,안양4동,4,82,48.7804878,0.146341463,0.012
안양시 만안구,안양5동,7,694,10.08645533,0.030259366,0.002481268
안양시 만안구,안양6동,12,1215,9.87654321,0.02962963,0.00242963
안양시 만안구,안양7동,11,793,13.87137453,0.041614124,0.003412358
안양시 만안구,안양8동,3,107,28.03738318,0.08411215,0.006897196
안양시 만안구,안양9동,3,263,11.40684411,0.034220532,0.002806084
강동구,암사1동,14,770,18.18181818,0.054545455,0.004472727
강동구,암사2동,11,611,18.00327332,0.05400982,0.004428805
강동구,암사3동,8,623,12.84109149,0.038523274,0.003158909
강남구,압구정동,4,823,4.860267315,0.014580802,0.001195626
성남시 분당구,야탑1동,10,552,18.11594203,0.054347826,0.004456522
성남시 분당구,야탑2동,6,416,14.42307692,0.043269231,0.003548077
성남시 분당구,야탑3동,14,1004,13.94422311,0.041832669,0.003430279
부천시 원미구,약대동,14,609,22.98850575,0.068965517,0.005655172
중구,약수동,7,443,15.8013544,0.047404063,0.003887133
서초구,양재1동,22,1327,16.57874906,0.049736247,0.004078372
서초구,양재2동,8,509,15.71709234,0.047151277,0.003866405
남양주시,양정동,1,39,25.64102564,0.076923077,0.006307692
성남시 수정구,양지동,3,102,29.41176471,0.088235294,0.007235294
용인시 처인구,양지읍,11,634,17.35015773,0.052050473,0.004268139
김포시,양촌읍,23,809,28.43016069,0.085290482,0.00699382
영등포구,양평1동,9,668,13.47305389,0.040419162,0.003314371
영등포구,양평2동,16,882,18.14058957,0.054421769,0.004462585
영등포구,여의동,30,1256,23.88535032,0.071656051,0.005875796
부천시 원미구,역곡1동,6,294,20.40816327,0.06122449,0.005020408
부천시 원미구,역곡2동,7,263,26.61596958,0.079847909,0.006547529
부천시 소사구,역곡3동,8,648,12.34567901,0.037037037,0.003037037
용인시 처인구,역북동,26,1483,17.53202967,0.052596089,0.004312879
강남구,역삼1동,11,468,23.5042735,0.070512821,0.005782051
강남구,역삼2동,12,673,17.83060921,0.053491828,0.00438633
은평구,역촌동,14,897,15.60758082,0.046822742,0.003839465
마포구,연남동,2,221,9.049773756,0.027149321,0.002226244
연수구,연수1동,8,224,35.71428571,0.107142857,0.008785714
연수구,연수2동,10,434,23.04147465,0.069124424,0.005668203
연수구,연수3동,7,248,28.22580645,0.084677419,0.006943548
중구,연안동,1,63,15.87301587,0.047619048,0.003904762
옹진군,연평면,1,35,28.57142857,0.085714286,0.007028571
서구,연희동,13,580,22.4137931,0.067241379,0.005513793
서대문구,연희동,9,542,16.60516605,0.049815498,0.004084871
마포구,염리동,7,572,12.23776224,0.036713287,0.00301049
강서구,염창동,25,1699,14.71453796,0.044143614,0.003619776
용인시 기흥구,영덕1동,22,1317,16.70463174,0.050113895,0.004109339
용인시 기흥구,영덕2동,16,948,16.87763713,0.050632911,0.004151899
영등포구,영등포동,8,602,13.28903654,0.03986711,0.003269103
영등포구,영등포본동,11,634,17.35015773,0.052050473,0.004268139
중구,영종1동,32,2170,14.74654378,0.044239631,0.00362765
중구,영종2동,19,1945,9.768637532,0.029305913,0.002403085
중구,영종동,17,1241,13.69863014,0.04109589,0.003369863
옹진군,영흥면,2,98,20.40816327,0.06122449,0.005020408
송파구,오금동,16,1067,14.99531396,0.044985942,0.003688847
남양주시,오남읍,23,1027,22.39532619,0.067185979,0.00550925
구로구,오류1동,8,513,15.59454191,0.046783626,0.003836257
구로구,오류2동,17,839,20.26221692,0.060786651,0.004984505
서구,오류왕길동,16,789,20.27883397,0.060836502,0.004988593
송파구,오륜동,1,457,2.188183807,0.006564551,0.000538293
부천시 오정구,오정동,12,399,30.07518797,0.090225564,0.007398496
부천시 소사구,옥길동,18,1323,13.60544218,0.040816327,0.003346939
연수구,옥련1동,10,332,30.12048193,0.090361446,0.007409639
연수구,옥련2동,11,591,18.61252115,0.055837563,0.00457868
성동구,옥수동,13,1313,9.900990099,0.02970297,0.002435644
남양주시,와부읍,29,1400,20.71428571,0.062142857,0.005095714
성동구,왕십리2동,9,579,15.54404145,0.046632124,0.003823834
성동구,왕십리도선동,13,964,13.48547718,0.040456432,0.003317427
마포구,용강동,10,797,12.54705144,0.037641154,0.003086575
성동구,용답동,5,219,22.83105023,0.068493151,0.005616438
동대문구,용두동,8,522,15.3256705,0.045977011,0.003770115
용산구,용문동,6,333,18.01801802,0.054054054,0.004432432
용산구,용산2가동,2,122,16.39344262,0.049180328,0.004032787
미추홀구,용현1.4동,3,222,13.51351351,0.040540541,0.003324324
미추홀구,용현2동,19,1370,13.86861314,0.041605839,0.003411679
미추홀구,용현3동,2,83,24.09638554,0.072289157,0.005927711
미추홀구,용현5동,21,1113,18.86792453,0.056603774,0.004641509
강북구,우이동,6,327,18.34862385,0.055045872,0.004513761
강서구,우장산동,16,1221,13.1040131,0.039312039,0.003223587
중구,운서1동,14,326,42.94478528,0.128834356,0.010564417
중구,운서2동,7,751,9.320905459,0.027962716,0.002292943
김포시,운양동,37,2071,17.86576533,0.053597296,0.004394978
성남시 분당구,운중동,18,2462,7.311129163,0.021933387,0.001798538
서구,원당동,18,705,25.53191489,0.076595745,0.006280851
부천시 원미구,원미1동,8,392,20.40816327,0.06122449,0.005020408
부천시 원미구,원미2동,4,163,24.5398773,0.073619632,0.00603681
용인시 처인구,원삼면,1,76,13.15789474,0.039473684,0.003236842
고양시 덕양구,원신동,13,918,14.16122004,0.04248366,0.00348366
부천시 오정구,원종1동,5,661,7.56429652,0.02269289,0.001860817
부천시 오정구,원종2동,11,238,46.21848739,0.138655462,0.011369748
용산구,원효로1동,8,607,13.17957166,0.039538715,0.003242175
용산구,원효로2동,6,390,15.38461538,0.046153846,0.003784615
노원구,월계1동,11,426,25.82159624,0.077464789,0.006352113
노원구,월계2동,12,585,20.51282051,0.061538462,0.005046154
노원구,월계3동,20,923,21.66847237,0.065005417,0.005330444
성북구,월곡1동,12,745,16.10738255,0.048322148,0.003962416
성북구,월곡2동,7,384,18.22916667,0.0546875,0.004484375
김포시,월곶면,1,38,26.31578947,0.078947368,0.006473684
송파구,위례동,29,2642,10.97653293,0.032929599,0.002700227
성남시 수정구,위례동,25,2153,11.6117046,0.034835114,0.002856479
하남시,위례동,21,1800,11.66666667,0.035,0.00287
용인시 처인구,유림1동,4,458,8.733624454,0.026200873,0.002148472
용인시 처인구,유림2동,20,2181,9.170105456,0.027510316,0.002255846
관악구,은천동,13,674,19.28783383,0.057863501,0.004744807
성남시 중원구,은행1동,3,178,16.85393258,0.050561798,0.004146067
성남시 중원구,은행2동,6,280,21.42857143,0.064285714,0.005271429
중구,을지로동,3,97,30.92783505,0.092783505,0.007608247
성동구,응봉동,6,480,12.5,0.0375,0.003075
은평구,응암1동,12,975,12.30769231,0.036923077,0.003027692
은평구,응암2동,17,1251,13.5891287,0.040767386,0.003342926
은평구,응암3동,4,315,12.6984127,0.038095238,0.00312381
용인시 처인구,이동읍,10,362,27.62430939,0.082872928,0.00679558
성남시 분당구,이매1동,12,913,13.14348302,0.039430449,0.003233297
성남시 분당구,이매2동,5,369,13.5501355,0.040650407,0.003333333
동대문구,이문1동,11,1367,8.046817849,0.024140454,0.001979517
동대문구,이문2동,10,460,21.73913043,0.065217391,0.005347826
용산구,이촌1동,7,985,7.106598985,0.021319797,0.001748223
용산구,이촌2동,4,284,14.08450704,0.042253521,0.003464789
용산구,이태원1동,3,112,26.78571429,0.080357143,0.006589286
용산구,이태원2동,3,157,19.10828025,0.057324841,0.004700637
종로구,이화동,3,77,38.96103896,0.116883117,0.009584416
안양시 동안구,인덕원동,6,502,11.95219124,0.035856574,0.002940239
강북구,인수동,4,392,10.20408163,0.030612245,0.002510204
구리시,인창동,14,728,19.23076923,0.057692308,0.004730769
관악구,인헌동,6,339,17.69911504,0.053097345,0.004353982
고양시 일산서구,일산1동,14,567,24.69135802,0.074074074,0.006074074
고양시 일산서구,일산2동,7,401,17.4563591,0.052369077,0.004294264
고양시 일산서구,일산3동,11,783,14.04853129,0.042145594,0.003455939
부평구,일신동,6,302,19.86754967,0.059602649,0.004887417
강남구,일원1동,6,281,21.35231317,0.06405694,0.005252669
강남구,일원본동,6,660,9.090909091,0.027272727,0.002236364
광명시,일직동,8,998,8.016032064,0.024048096,0.001971944
광진구,자양1동,5,320,15.625,0.046875,0.00384375
광진구,자양2동,10,992,10.08064516,0.030241935,0.002479839
광진구,자양3동,12,923,13.00108342,0.03900325,0.003198267
광진구,자양4동,8,396,20.2020202,0.060606061,0.004969697
옹진군,자월면,1,10,100,0.3,0.0246
계양구,작전1동,12,530,22.64150943,0.067924528,0.005569811
계양구,작전2동,6,817,7.343941248,0.022031824,0.00180661
계양구,작전서운동,16,909,17.60176018,0.052805281,0.004330033
송파구,잠실2동,11,1218,9.031198686,0.027093596,0.002221675
송파구,잠실3동,9,1063,8.466603951,0.025399812,0.002082785
송파구,잠실4동,17,1602,10.61173533,0.031835206,0.002610487
송파구,잠실6동,11,544,20.22058824,0.060661765,0.004974265
송파구,잠실본동,3,435,6.896551724,0.020689655,0.001696552
서초구,잠원동,10,1370,7.299270073,0.02189781,0.00179562
김포시,장기동,29,1599,18.13633521,0.054409006,0.004461538
김포시,장기본동,26,1269,20.48857368,0.061465721,0.005040189
남동구,장수서창동,6,377,15.91511936,0.047745358,0.003915119
동대문구,장안1동,22,935,23.52941176,0.070588235,0.005788235
동대문구,장안2동,17,1148,14.80836237,0.044425087,0.003642857
성북구,장위1동,6,598,10.03344482,0.030100334,0.002468227
성북구,장위2동,7,453,15.45253863,0.046357616,0.003801325
성북구,장위3동,12,923,13.00108342,0.03900325,0.003198267
송파구,장지동,20,1333,15.00375094,0.045011253,0.003690923
중구,장충동,2,53,37.73584906,0.113207547,0.009283019
고양시 일산동구,장항1동,15,1755,8.547008547,0.025641026,0.002102564
고양시 일산동구,장항2동,5,396,12.62626263,0.037878788,0.003106061
동대문구,전농1동,13,972,13.3744856,0.040123457,0.003290123
동대문구,전농2동,12,499,24.04809619,0.072144289,0.005915832
성북구,정릉1동,11,541,20.33271719,0.060998152,0.005001848
성북구,정릉2동,6,565,10.61946903,0.031858407,0.002612389
성북구,정릉3동,2,203,9.852216749,0.02955665,0.002423645
성북구,정릉4동,10,562,17.79359431,0.053380783,0.004377224
고양시 일산동구,정발산동,6,353,16.99716714,0.050991501,0.004181303
성남시 분당구,정자1동,5,681,7.342143906,0.022026432,0.001806167
성남시 분당구,정자2동,4,373,10.72386059,0.032171582,0.00263807
성남시 분당구,정자3동,10,537,18.62197393,0.055865922,0.004581006
성남시 분당구,정자동,5,344,14.53488372,0.043604651,0.003575581
동대문구,제기동,10,401,24.93765586,0.074812968,0.006134663
남양주시,조안면,1,37,27.02702703,0.081081081,0.006648649
관악구,조원동,6,495,12.12121212,0.036363636,0.002981818
종로구,종로1.2.3.4가동,11,90,122.2222222,0.366666667,0.030066667
종로구,종로5.6가동,4,59,67.79661017,0.203389831,0.016677966
성북구,종암동,15,928,16.1637931,0.048491379,0.003976293
고양시 덕양구,주교동,4,136,29.41176471,0.088235294,0.007235294
미추홀구,주안1동,2,444,4.504504505,0.013513514,0.001108108
미추홀구,주안2동,6,778,7.712082262,0.023136247,0.001897172
미추홀구,주안3동,4,462,8.658008658,0.025974026,0.00212987
미추홀구,주안4동,10,866,11.54734411,0.034642032,0.002840647
미추홀구,주안5동,9,522,17.24137931,0.051724138,0.004241379
미추홀구,주안6동,10,516,19.37984496,0.058139535,0.004767442
미추홀구,주안7동,8,267,29.96254682,0.08988764,0.007370787
미추홀구,주안8동,8,279,28.67383513,0.086021505,0.007053763
고양시 일산서구,주엽1동,11,575,19.13043478,0.057391304,0.004706087
고양시 일산서구,주엽2동,17,620,27.41935484,0.082258065,0.006745161
용인시 수지구,죽전1동,13,937,13.87406617,0.041622199,0.00341302
용인시 수지구,죽전2동,14,703,19.91465149,0.059743954,0.004899004
용인시 수지구,죽전3동,11,748,14.70588235,0.044117647,0.003617647
부천시 원미구,중1동,19,1248,15.22435897,0.045673077,0.003745192
부천시 원미구,중2동,14,858,16.31701632,0.048951049,0.004013986
부천시 원미구,중3동,13,636,20.44025157,0.061320755,0.005028302
부천시 원미구,중4동,11,512,21.484375,0.064453125,0.005285156
노원구,중계1동,8,488,16.39344262,0.049180328,0.004032787
노원구,중계2.3동,16,702,22.79202279,0.068376068,0.005606838
노원구,중계4동,4,314,12.7388535,0.038216561,0.003133758
노원구,중계본동,3,352,8.522727273,0.025568182,0.002096591
광진구,중곡1동,3,264,11.36363636,0.034090909,0.002795455
광진구,중곡2동,10,293,34.12969283,0.102389078,0.008395904
광진구,중곡3동,7,301,23.25581395,0.069767442,0.00572093
광진구,중곡4동,8,468,17.09401709,0.051282051,0.004205128
부천시 원미구,중동,13,606,21.45214521,0.064356436,0.005277228
중구,중림동,5,501,9.98003992,0.02994012,0.00245509
고양시 일산동구,중산1동,10,334,29.94011976,0.089820359,0.007365269
고양시 일산동구,중산2동,15,685,21.89781022,0.065693431,0.005386861
관악구,중앙동,2,133,15.03759398,0.045112782,0.003699248
성남시 중원구,중앙동,9,764,11.78010471,0.035340314,0.002897906
용인시 처인구,중앙동,12,736,16.30434783,0.048913043,0.00401087
중랑구,중화1동,9,399,22.55639098,0.067669173,0.005548872
중랑구,중화2동,6,629,9.538950715,0.028616852,0.002346582
은평구,증산동,9,468,19.23076923,0.057692308,0.004730769
남양주시,진건읍,8,257,31.12840467,0.093385214,0.007657588
은평구,진관동,32,1387,23.07137707,0.069214131,0.005675559
남양주시,진접읍,43,2534,16.96921863,0.050907656,0.004174428
도봉구,창1동,10,489,20.44989775,0.061349693,0.005030675
도봉구,창2동,11,548,20.0729927,0.060218978,0.004937956
도봉구,창3동,7,183,38.25136612,0.114754098,0.009409836
도봉구,창4동,18,693,25.97402597,0.077922078,0.00638961
도봉구,창5동,9,555,16.21621622,0.048648649,0.003989189
고양시 덕양구,창릉동,10,1444,6.925207756,0.020775623,0.001703601
종로구,창신1동,2,65,30.76923077,0.092307692,0.007569231
종로구,창신2동,2,78,25.64102564,0.076923077,0.006307692
종로구,창신3동,2,146,13.69863014,0.04109589,0.003369863
서대문구,천연동,8,566,14.13427562,0.042402827,0.003477032
하남시,천현동,4,81,49.38271605,0.148148148,0.012148148
강동구,천호1동,12,523,22.94455067,0.068833652,0.005644359
강동구,천호2동,11,932,11.80257511,0.035407725,0.002903433
강동구,천호3동,7,644,10.86956522,0.032608696,0.002673913
광명시,철산1동,8,345,23.1884058,0.069565217,0.005704348
광명시,철산2동,5,971,5.149330587,0.015447992,0.001266735
광명시,철산3동,19,1225,15.51020408,0.046530612,0.00381551
광명시,철산4동,11,366,30.05464481,0.090163934,0.007393443
중구,청구동,3,326,9.202453988,0.027607362,0.002263804
강남구,청담동,7,815,8.588957055,0.025766871,0.002112883
서구,청라1동,23,1388,16.57060519,0.049711816,0.004076369
서구,청라2동,25,1894,13.19957761,0.039598733,0.003247096
서구,청라3동,25,1873,13.34757074,0.040042712,0.003283502
동대문구,청량리동,8,271,29.5202952,0.088560886,0.007261993
관악구,청룡동,9,513,17.54385965,0.052631579,0.004315789
관악구,청림동,14,561,24.95543672,0.07486631,0.006139037
종로구,청운효자동,4,250,16,0.048,0.003936
부평구,청천1동,8,1799,4.446914953,0.013340745,0.001093941
부평구,청천2동,23,1126,20.42628774,0.061278863,0.005024867
용산구,청파동,7,252,27.77777778,0.083333333,0.006833333
연수구,청학동,7,294,23.80952381,0.071428571,0.005857143
하남시,초이동,2,66,30.3030303,0.090909091,0.007454545
부천시 원미구,춘의동,4,277,14.44043321,0.0433213,0.003552347
서대문구,충현동,9,487,18.48049281,0.055441478,0.004546201
안양시 만안구,충훈동,10,316,31.64556962,0.094936709,0.00778481
고양시 일산서구,탄현1동,17,830,20.48192771,0.061445783,0.005038554
고양시 일산서구,탄현2동,12,581,20.65404475,0.061962134,0.005080895
성남시 수정구,태평1동,5,151,33.11258278,0.099337748,0.008145695
성남시 수정구,태평2동,5,204,24.50980392,0.073529412,0.006029412
성남시 수정구,태평3동,4,154,25.97402597,0.077922078,0.00638961
성남시 수정구,태평4동,4,143,27.97202797,0.083916084,0.006881119
김포시,통진읍,22,1021,21.54750245,0.064642507,0.005300686
남양주시,퇴계원읍,10,516,19.37984496,0.058139535,0.004767442
성남시 분당구,판교동,12,1357,8.843036109,0.026529108,0.002175387
남양주시,평내동,23,1240,18.5483871,0.055645161,0.004562903
안양시 동안구,평안동,19,889,21.37232846,0.064116985,0.005257593
종로구,평창동,2,459,4.357298475,0.013071895,0.001071895
안양시 동안구,평촌동,10,583,17.15265866,0.051457976,0.004219554
용인시 처인구,포곡읍,19,563,33.74777975,0.101243339,0.008301954
송파구,풍납1동,4,250,16,0.048,0.003936
송파구,풍납2동,15,769,19.50585176,0.058517555,0.00479844
용인시 수지구,풍덕천1동,22,1212,18.15181518,0.054455446,0.004465347
용인시 수지구,풍덕천2동,22,1708,12.88056206,0.038641686,0.003168618
김포시,풍무동,39,2319,16.81759379,0.050452781,0.004137128
고양시 일산동구,풍산동,23,1315,17.4904943,0.052471483,0.004302662
중구,필동,1,85,11.76470588,0.035294118,0.002894118
노원구,하계1동,8,417,19.18465228,0.057553957,0.004719424
노원구,하계2동,10,514,19.45525292,0.058365759,0.004785992
성남시 중원구,하대원동,8,537,14.89757914,0.044692737,0.003664804
김포시,하성면,2,83,24.09638554,0.072289157,0.005927711
광명시,하안1동,14,626,22.36421725,0.067092652,0.005501597
광명시,하안2동,9,353,25.49575071,0.076487252,0.006271955
광명시,하안3동,13,575,22.60869565,0.067826087,0.005561739
광명시,하안4동,9,352,25.56818182,0.076704545,0.006289773
강화군,하점면,1,61,16.39344262,0.049180328,0.004032787
미추홀구,학익1동,21,1805,11.63434903,0.034903047,0.00286205
미추홀구,학익2동,7,301,23.25581395,0.069767442,0.00572093
용산구,한강로동,10,807,12.39157373,0.037174721,0.003048327
용산구,한남동,5,470,10.63829787,0.031914894,0.002617021
마포구,합정동,6,273,21.97802198,0.065934066,0.005406593
구로구,항동,14,825,16.96969697,0.050909091,0.004174545
성동구,행당1동,10,575,17.39130435,0.052173913,0.004278261
성동구,행당2동,11,848,12.97169811,0.038915094,0.003191038
고양시 덕양구,행신1동,9,549,16.39344262,0.049180328,0.004032787
고양시 덕양구,행신2동,17,925,18.37837838,0.055135135,0.004521081
고양시 덕양구,행신3동,10,538,18.58736059,0.055762082,0.004572491
고양시 덕양구,행신4동,10,249,40.16064257,0.120481928,0.009879518
관악구,행운동,7,393,17.81170483,0.053435115,0.004381679
고양시 덕양구,행주동,3,168,17.85714286,0.053571429,0.004392857
종로구,혜화동,3,213,14.08450704,0.042253521,0.003464789
안양시 동안구,호계1동,15,1806,8.305647841,0.024916944,0.002043189
안양시 동안구,호계2동,21,1245,16.86746988,0.05060241,0.004149398
안양시 동안구,호계3동,15,1023,14.6627566,0.04398827,0.003607038
남양주시,호평동,33,1860,17.74193548,0.053225806,0.004364516
안양시 만안구,호현동,15,757,19.81505945,0.059445178,0.004874505
서대문구,홍은1동,9,684,13.15789474,0.039473684,0.003236842
서대문구,홍은2동,7,601,11.64725458,0.034941764,0.002865225
서대문구,홍제1동,9,691,13.02460203,0.039073806,0.003204052
서대문구,홍제2동,3,359,8.356545961,0.025069638,0.00205571
서대문구,홍제3동,9,522,17.24137931,0.051724138,0.004241379
강서구,화곡1동,13,872,14.90825688,0.044724771,0.003667431
강서구,화곡2동,5,312,16.02564103,0.048076923,0.003942308
강서구,화곡3동,9,395,22.78481013,0.06835443,0.005605063
강서구,화곡4동,6,330,18.18181818,0.054545455,0.004472727
강서구,화곡6동,10,795,12.57861635,0.037735849,0.00309434
강서구,화곡8동,8,372,21.50537634,0.064516129,0.005290323
강서구,화곡본동,11,519,21.19460501,0.063583815,0.005213873
남양주시,화도읍,67,1423,47.08362614,0.141250878,0.011582572
동구,화수1.화평동,3,35,85.71428571,0.257142857,0.021085714
동구,화수2동,2,54,37.03703704,0.111111111,0.009111111
광진구,화양동,3,155,19.35483871,0.058064516,0.00476129
고양시 덕양구,화전동,19,1541,12.32965607,0.036988968,0.003033095
고양시 덕양구,화정1동,15,601,24.95840266,0.074875208,0.006139767
고양시 덕양구,화정2동,15,914,16.41137856,0.049234136,0.004037199
중구,황학동,6,342,17.54385965,0.052631579,0.004315789
동대문구,회기동,5,147,34.01360544,0.102040816,0.008367347
중구,회현동,7,79,88.60759494,0.265822785,0.021797468
계양구,효성1동,10,735,13.60544218,0.040816327,0.003346939
계양구,효성2동,15,671,22.35469449,0.067064083,0.005499255
고양시 덕양구,효자동,15,1966,7.629704985,0.022889115,0.001876907
용산구,효창동,6,370,16.21621622,0.048648649,0.003989189
용산구,후암동,5,292,17.12328767,0.051369863,0.004212329
동대문구,휘경1동,6,661,9.077155825,0.027231467,0.00223298
동대문구,휘경2동,12,441,27.21088435,0.081632653,0.006693878
동작구,흑석동,15,1102,13.61161525,0.040834846,0.003348457
고양시 덕양구,흥도동,17,1123,15.13802315,0.045414069,0.003723954
하남시,감북동,0,85,0,0,0
강화군,교동면,0,26,0,0,0
강화군,내가면,0,61,0,0,0
동작구,노량진2동,0,57,0,0,0
옹진군,대청면소청출장소,0,2,0,0,0
서초구,반포본동,0,4,0,0,0
옹진군,북도면장봉출장소,0,3,0,0,0
강화군,서도면,0,4,0,0,0
강화군,서도면볼음출장소,0,2,0,0,0
강화군,송해면,0,60,0,0,0
강화군,양도면,0,64,0,0,0
강화군,양사면,0,38,0,0,0
중구,용유동,0,15,0,0,0
중구,율목동,0,27,0,0,0
옹진군,자월면이작출장소,0,2,0,0,0
송파구,잠실7동,0,259,0,0,0
하남시,춘궁동,0,10,0,0,0
광명시,학온동,0,18,0,0,0
강화군,화도면,0,71,0,0,0
남양주시,화도읍남부출장소,0,1053,0,0,0
남양주시,화도읍동부출장소,0,450,0,0,0
