,행정동,시군구,시설수,시도명,합계,지수,지수(정규화후),가중치,최종
0,가리봉동,구로구,1,서울특별시,8746.0,0.1143379830779785,0.11361029106703692,0.005021574865163032,11.361029106703691
1,가산동,금천구,1,서울특별시,25415.0,0.03934684241589613,0.026299457705320793,0.001162436030575179,2.6299457705320792
2,가정1동,서구,1,인천광역시,41263.0,0.024234786612703875,0.008704763527630775,0.0003847505479212803,0.8704763527630774
3,가좌1동,서구,3,인천광역시,12291.0,0.24408103490358798,0.2646677876962891,0.01169831621617598,26.466778769628913
4,가좌2동,서구,2,인천광역시,18007.0,0.11106791803187649,0.1098030132766012,0.0048532931868257734,10.98030132766012
5,가좌3동,서구,3,인천광역시,14862.0,0.20185708518368994,0.21550720412176094,0.009525418422181834,21.55072041217609
6,가좌4동,서구,3,인천광역시,12134.0,0.24723916268336907,0.2683447389452104,0.0118608374613783,26.83447389452104
7,가좌동,고양시 일산서구,1,경기도,18108.0,0.0552242102937928,0.04478519093688151,0.001979505439410163,4.478519093688151
8,간석1동,남동구,2,인천광역시,18135.0,0.11028398125172319,0.10889028981388565,0.004812950809773746,10.889028981388565
9,간석2동,남동구,2,인천광역시,20388.0,0.09809691975671964,0.09470111378635974,0.004185789229357101,9.470111378635973
10,간석3동,남동구,1,인천광역시,24734.0,0.04043017708417563,0.027560764732551372,0.0012181858011787708,2.756076473255137
11,간석4동,남동구,3,인천광역시,27702.0,0.10829542993285683,0.10657505535685667,0.004710617446773065,10.657505535685667
12,갈매동,구리시,1,경기도,30447.0,0.03284395835386081,0.0187282670060172,0.0008277894016659604,1.87282670060172
13,갈산1동,부평구,2,인천광역시,13986.0,0.14300014300014302,0.14698112723057197,0.006496565823591281,14.698112723057196
14,갈산2동,부평구,2,인천광역시,17053.0,0.11728141675951445,0.11703727784722054,0.005173047680847148,11.703727784722053
15,갈현1동,은평구,2,서울특별시,14003.0,0.14282653717060628,0.1467790010924778,0.006487631848287519,14.67790010924778
16,갈현2동,은평구,3,서울특별시,26729.0,0.11223764450596731,0.11116490472613041,0.004913488788894965,11.116490472613041
17,강일동,강동구,2,서울특별시,34257.0,0.05838222844965992,0.0484620145526557,0.0021420210432273818,4.846201455265569
18,강화읍,강화군,6,인천광역시,21470.0,0.27945971122496505,0.30585854283859226,0.013518947593465778,30.585854283859227
19,개봉1동,구로구,2,서울특별시,33099.0,0.06042478624731865,0.05084012777947887,0.0022471336478529663,5.084012777947887
20,개봉2동,구로구,2,서울특별시,29119.0,0.06868367732408394,0.060455805794103624,0.0026721466160993805,6.0455805794103625
21,개봉3동,구로구,1,서울특별시,18606.0,0.05374610340750296,0.0430642577319688,0.0019034401917530212,4.30642577319688
22,개포4동,강남구,1,서울특별시,22959.0,0.043555904002787575,0.031199992242837118,0.0013790396571334007,3.1199992242837116
23,개항동,중구,1,인천광역시,6449.0,0.15506280043417583,0.16102546185228594,0.007117325413871039,16.102546185228594
24,거여1동,송파구,2,서울특별시,11757.0,0.17011142298205326,0.1785463018341938,0.007891746541071366,17.854630183419378
25,거여2동,송파구,1,서울특별시,22945.0,0.043582479843103074,0.031230934014688405,0.0013804072834492276,3.1230934014688403
26,검단동,서구,3,인천광역시,32148.0,0.0933184023889511,0.08913757214757707,0.003939880688922907,8.913757214757707
27,계산1동,계양구,2,인천광역시,17252.0,0.11592858798979828,0.11546220369530347,0.005103429403332414,11.546220369530348
28,계산2동,계양구,3,인천광역시,13780.0,0.2177068214804064,0.23396076640141128,0.010341065874942379,23.39607664014113
29,계양1동,계양구,2,인천광역시,18527.0,0.10795055864414098,0.10617352793169063,0.004692869934580726,10.617352793169061
30,계양2동,계양구,2,인천광역시,30345.0,0.06590871642774757,0.05722496884101526,0.002529343622772875,5.722496884101527
31,고강1동,부천시 오정구,3,경기도,12066.0,0.24863252113376427,0.2699670010737968,0.011932541447461819,26.996700107379677
32,고강본동,부천시 오정구,3,경기도,24725.0,0.12133468149646107,0.12175642092057566,0.005381633804689445,12.175642092057567
33,고덕1동,강동구,1,서울특별시,23691.0,0.04221012198725255,0.029633122499795786,0.0013097840144909738,2.9633122499795785
34,고덕2동,강동구,2,서울특별시,26205.0,0.0763213127265789,0.06934816702527448,0.0030651889825171323,6.934816702527448
35,고봉동,고양시 일산동구,2,경기도,20836.0,0.0959877135726627,0.0922454030445866,0.004077246814570728,9.22454030445866
36,고양동,고양시 덕양구,1,경기도,27072.0,0.03693853427895981,0.023495507951106276,0.0010385014514388974,2.3495507951106274
37,고척1동,구로구,2,서울특별시,26107.0,0.07660780633546559,0.06968172637006985,0.0030799323055570875,6.968172637006985
38,고척2동,구로구,1,서울특별시,24885.0,0.04018485031143259,0.027275135193048108,0.0012055609755327265,2.727513519304811
39,공릉1동,노원구,3,서울특별시,35202.0,0.0852224305437191,0.07971157805761642,0.003523251750146646,7.971157805761642
40,공항동,강서구,3,서울특별시,28555.0,0.10506040973559796,0.10280857965224757,0.004544139220629343,10.280857965224758
41,관교동,미추홀구,1,인천광역시,13791.0,0.07251105793633529,0.06491195605262487,0.0028691084575260192,6.491195605262487
42,관산동,고양시 덕양구,1,경기도,33060.0,0.030248033877797943,0.015705878929931742,0.000694199848702983,1.5705878929931743
43,관양동,안양시 동안구,3,경기도,32075.0,0.09353078721745907,0.08938484797518416,0.00395081028050314,8.938484797518415
44,광명2동,광명시,1,경기도,6709.0,0.14905351021016544,0.15402895356159324,0.0068080797474224216,15.402895356159323
45,광명3동,광명시,3,경기도,9004.0,0.33318525099955576,0.368410220398277,0.016283731741603844,36.8410220398277
46,광명5동,광명시,3,경기도,11313.0,0.26518164942985945,0.2892348528518218,0.012784180496050526,28.92348528518218
47,광명6동,광명시,2,경기도,12467.0,0.16042351808775165,0.1672668487897062,0.0073931947165050155,16.726684878970623
48,광명7동,광명시,6,경기도,25238.0,0.23773674617640067,0.25728124668667696,0.011371831103551121,25.728124668667697
49,괴안동,부천시 소사구,2,경기도,18029.0,0.11093238671030006,0.10964521660183431,0.004846318573801077,10.964521660183431
50,교문1동,구리시,4,경기도,14580.0,0.27434842249657065,0.29990756150281817,0.013255914218424564,29.99075615028182
51,교문2동,구리시,1,경기도,20571.0,0.048612123863691604,0.03708685788880544,0.0016392391186852006,3.708685788880544
52,구갈동,용인시 기흥구,1,경기도,39803.0,0.025123734391880006,0.009739749403691185,0.0004304969236431504,0.9739749403691186
53,구래동,김포시,1,경기도,45630.0,0.021915406530791146,0.006004351104956972,0.00026539231883909817,0.6004351104956972
54,구로2동,구로구,1,서울특별시,21691.0,0.04610206998294223,0.03416444739903077,0.00151006857503716,3.416444739903077
55,구로3동,구로구,1,서울특별시,22661.0,0.04412867922863069,0.03186686411404461,0.0014085153938407718,3.186686411404461
56,구로4동,구로구,3,서울특별시,17688.0,0.16960651289009496,0.17795844411510311,0.007865763229887558,17.795844411510313
57,구로5동,구로구,2,서울특별시,28473.0,0.07024198363361782,0.062270113741909223,0.0027523390273923878,6.227011374190923
58,구미동,성남시 분당구,1,경기도,27879.0,0.03586929229886294,0.02225060878670681,0.0009834769083724411,2.225060878670681
59,구산동,은평구,2,서울특별시,30587.0,0.06538725602380095,0.05661784189199504,0.002502508611626181,5.661784189199504
60,구성동,용인시 기흥구,1,경기도,38324.0,0.026093309675399228,0.010868608429751968,0.00048039249259503703,1.086860842975197
61,구월1동,남동구,2,인천광역시,30213.0,0.06619667030748354,0.05756022835283916,0.002544162093195491,5.756022835283916
62,구월2동,남동구,3,인천광역시,36606.0,0.08195377806916898,0.07590594489877706,0.003355042764525946,7.590594489877706
63,구월3동,남동구,2,인천광역시,27759.0,0.07204870492452899,0.06437364677486615,0.002845315187449084,6.437364677486615
64,구월4동,남동구,3,인천광역시,12687.0,0.23646252069047055,0.25579768892125215,0.011306257850319346,25.579768892125216
65,구의1동,광진구,1,서울특별시,22830.0,0.043802014892685065,0.03148653471580964,0.001391704834438786,3.1486534715809635
66,구의2동,광진구,1,서울특별시,24787.0,0.040343728567394196,0.027460114282692464,0.001213737051295007,2.7460114282692465
67,군자동,광진구,1,서울특별시,18460.0,0.05417118093174431,0.043559167831444236,0.0019253152181498354,4.355916783144424
68,금곡동,남양주시,6,경기도,16899.0,0.3550505947097461,0.39386764595844537,0.017408949951363287,39.38676459584454
69,금곡동,성남시 분당구,1,경기도,26677.0,0.03748547437867827,0.02413230045064355,0.0010666476799184449,2.413230045064355
70,금광1동,성남시 중원구,2,경기도,19574.0,0.1021763563911311,0.09945072832818619,0.00439572219210583,9.945072832818619
71,금광2동,성남시 중원구,1,경기도,23318.0,0.04288532464190754,0.03041924878012024,0.0013445307960813146,3.041924878012024
72,금창동,동구,1,인천광역시,2129.0,0.46970408642555195,0.5273566397403363,0.023309163476522867,52.73566397403363
73,금호2.3가동,성동구,1,서울특별시,20512.0,0.04875195007800312,0.03724965502976859,0.0016464347523157718,3.724965502976859
74,기흥동,용인시 기흥구,1,경기도,20649.0,0.048428495326650195,0.036873062493022316,0.0016297893621915864,3.6873062493022317
75,길동,강동구,4,서울특별시,48131.0,0.08310652178429702,0.07724806362815918,0.003414364412364636,7.724806362815919
76,길상면,강화군,1,인천광역시,7210.0,0.13869625520110956,0.14197018824349592,0.00627508232036252,14.197018824349591
77,길음1동,성북구,1,서울특별시,35420.0,0.028232636928289104,0.013359388589036708,0.0005904849756354226,1.335938858903671
78,김포본동,김포시,2,경기도,56968.0,0.03510742873191968,0.021363584768263263,0.0009442704467572363,2.1363584768263264
79,난곡동,관악구,2,서울특별시,24180.0,0.0827129859387924,0.0767898769366999,0.0033941125606021362,7.67898769366999
80,난향동,관악구,2,서울특별시,14356.0,0.13931457230426303,0.14269008370156605,0.00630690169960922,14.269008370156605
81,남가좌2동,서대문구,1,서울특별시,28413.0,0.03519515714637666,0.021465725379915725,0.0009487850617922751,2.1465725379915725
82,남영동,용산구,1,서울특별시,6999.0,0.14287755393627663,0.1468383989931734,0.006490257235498265,14.683839899317341
83,남촌도림동,남동구,2,인천광역시,18714.0,0.10687186063909372,0.10491761928788575,0.004637358772524551,10.491761928788575
84,노량진1동,동작구,1,서울특별시,32739.0,0.0305446104034943,0.016051177633024605,0.0007094620513796876,1.6051177633024605
85,노량진2동,동작구,1,서울특별시,7766.0,0.12876641771825909,0.13040905744698236,0.005764080339156621,13.040905744698236
86,녹번동,은평구,2,서울특별시,35111.0,0.05696220557659993,0.04680870751738538,0.002068944872268434,4.680870751738539
87,논현1동,남동구,3,인천광역시,30871.0,0.09717858184056234,0.09363190950356777,0.004138530400057696,9.363190950356778
88,논현2동,남동구,1,인천광역시,30529.0,0.032755740443512725,0.018625556483121863,0.0008232495965539864,1.8625556483121863
89,논현고잔동,남동구,1,인천광역시,39253.0,0.02547575981453647,0.01014960625805141,0.0004486125966058724,1.0149606258051411
90,능곡동,고양시 덕양구,2,경기도,17027.0,0.11746050390556176,0.11724578578332755,0.0051822637316230775,11.724578578332753
91,다산1동,남양주시,3,경기도,105649.0,0.028395914774394456,0.01354949004218306,0.0005988874598644913,1.354949004218306
92,다산2동,남양주시,1,경기도,36550.0,0.027359781121751026,0.012343138306661868,0.0005455667131544546,1.2343138306661867
93,다산동,중구,2,서울특별시,12982.0,0.15405946695424436,0.159857298766632,0.007065692605485134,15.985729876663198
94,단대동,성남시 수정구,1,경기도,14120.0,0.0708215297450425,0.06294486883315449,0.0027821632024254287,6.294486883315449
95,답십리1동,동대문구,1,서울특별시,27207.0,0.03675524681148234,0.02328210965646868,0.0010290692468159157,2.3282109656468677
96,답십리2동,동대문구,1,서울특별시,27265.0,0.03667705849990831,0.023191076414643012,0.0010250455775272212,2.319107641464301
97,당산1동,영등포구,2,서울특별시,21095.0,0.09480919649205972,0.09087327685034552,0.004016598836785272,9.08732768503455
98,당산2동,영등포구,2,서울특별시,36279.0,0.0551283111441881,0.044673537285573606,0.0019745703480223537,4.467353728557361
99,대곶면,김포시,1,경기도,8942.0,0.11183180496533214,0.11069239306420407,0.0048926037734378204,11.069239306420407
100,대림1동,영등포구,2,서울특별시,13208.0,0.15142337976983647,0.156788149973151,0.006930036228813274,15.678814997315099
101,대림2동,영등포구,1,서울특별시,11444.0,0.08738203425375742,0.08222596573047707,0.0036343876852870864,8.222596573047706
102,대림3동,영등포구,2,서울특별시,20753.0,0.09637160892401099,0.09269236548246905,0.004097002554325132,9.269236548246905
103,대방동,동작구,3,서울특별시,33586.0,0.08932293217412017,0.08448571819457819,0.003734268744200356,8.448571819457818
104,대조동,은평구,1,서울특별시,26992.0,0.03704801422643746,0.023622973480584536,0.0010441354278418365,2.362297348058453
105,대학동,관악구,1,서울특별시,24842.0,0.040254407857660414,0.027356119790350256,0.0012091404947334814,2.7356119790350255
106,대화동,고양시 일산서구,2,경기도,33291.0,0.06007629689705926,0.05043438791047305,0.002229199945642909,5.043438791047305
107,덕이동,고양시 일산서구,2,경기도,30556.0,0.06545359340227778,0.056695077306028054,0.0025059224169264403,5.669507730602805
108,덕풍1동,하남시,1,경기도,13958.0,0.07164350193437455,0.06390187623719074,0.0028244629296838306,6.390187623719074
109,덕풍2동,하남시,4,경기도,17165.0,0.23303233323623654,0.2518039834972259,0.011129736070577385,25.180398349722587
110,덕풍3동,하남시,2,경기도,27612.0,0.07243227582210633,0.06482023145707132,0.0028650542304025526,6.482023145707132
111,도당동,부천시 원미구,6,경기도,19766.0,0.30355155317211374,0.33390824016354415,0.014758744215228652,33.390824016354415
112,도림동,영등포구,1,서울특별시,17595.0,0.056834327934072185,0.046659821883177736,0.0020623641272364563,4.665982188317774
113,도봉1동,도봉구,2,서울특별시,19398.0,0.10310341272296113,0.10053008330519701,0.004443429682089708,10.0530083305197
114,도촌동,성남시 중원구,2,경기도,25778.0,0.07758553805570642,0.0708200817883863,0.0031302476150466742,7.082008178838629
115,도화1동,미추홀구,1,인천광역시,20410.0,0.04899559039686428,0.03753332106141542,0.0016589727909145618,3.753332106141542
116,도화2.3동,미추홀구,2,인천광역시,29660.0,0.06743088334457181,0.05899720034529957,0.002607676255262241,5.899720034529957
117,도화동,마포구,1,서울특별시,20197.0,0.04951230380749617,0.03813492117168359,0.001685563515788415,3.813492117168359
118,독산1동,금천구,3,서울특별시,47430.0,0.06325110689437066,0.0541307619645688,0.002392579678833941,5.41307619645688
119,독산2동,금천구,4,서울특별시,17094.0,0.234000234000234,0.2529308929103906,0.011179545466639266,25.29308929103906
120,독산3동,금천구,3,서울특별시,22590.0,0.13280212483399734,0.13510775849843973,0.0059717629256310365,13.510775849843974
121,독산4동,금천구,2,서울특별시,13789.0,0.14504315033722534,0.14935976384804311,0.006601701562083506,14.935976384804311
122,돈암1동,성북구,1,서울특별시,13722.0,0.07287567409998542,0.06533647207977661,0.002887872065926126,6.533647207977661
123,동구동,구리시,1,경기도,34990.0,0.02857959416976279,0.01376334465139951,0.0006083398335918584,1.376334465139951
124,동백1동,용인시 기흥구,1,경기도,30852.0,0.032412809542331125,0.01822628821618658,0.0008056019391554469,1.822628821618658
125,동백2동,용인시 기흥구,2,경기도,26037.0,0.07681376502669278,0.0699215203618717,0.003090531199994729,6.99215203618717
126,동부동,용인시 처인구,1,경기도,12235.0,0.08173273395995095,0.0756485872267223,0.0033436675554211256,7.56485872267223
127,동선동,성북구,1,서울특별시,14843.0,0.06737182510274203,0.058928439898858695,0.0026046370435295545,5.892843989885869
128,동인천동,중구,1,인천광역시,5194.0,0.19252984212552945,0.2046476631521829,0.009045426711326486,20.464766315218295
129,등촌3동,강서구,2,서울특별시,28443.0,0.07031607073796715,0.062356372022087214,0.002756151643376255,6.235637202208721
130,마두1동,고양시 일산동구,1,경기도,22432.0,0.04457917261055635,0.03239136543850246,0.001431698352381809,3.239136543850246
131,마장동,성동구,1,서울특별시,21506.0,0.04649865153910536,0.03462618015651097,0.001530477162917785,3.462618015651097
132,마전동,서구,1,인천광역시,21118.0,0.04735296903115826,0.035620846613482804,0.00157444142031594,3.5620846613482806
133,마천1동,송파구,1,서울특별시,15138.0,0.06605892456070815,0.057399853462728016,0.0025370735230525786,5.739985346272801
134,마천2동,송파구,1,서울특별시,16971.0,0.05892404690354133,0.04909284401226228,0.0021699037053419926,4.909284401226227
135,만수1동,남동구,3,인천광역시,15092.0,0.198780811025709,0.2119255535692946,0.009367109467762822,21.19255535692946
136,만수2동,남동구,2,인천광역시,22023.0,0.09081414884438996,0.08622191488467561,0.003811008637902662,8.62219148846756
137,만수3동,남동구,2,인천광역시,15703.0,0.12736419792396358,0.12877647821541804,0.005691920337121478,12.877647821541805
138,만수4동,남동구,3,인천광역시,18198.0,0.16485328058028356,0.17242434141353816,0.007621155890478387,17.242434141353815
139,만수5동,남동구,3,인천광역시,13898.0,0.21585839689163908,0.23180867897046004,0.010245943610494334,23.180867897046003
140,만수6동,남동구,1,인천광역시,21717.0,0.04604687571948243,0.03410018571295806,0.0015072282085127463,3.4100185712958058
141,망우3동,중랑구,2,서울특별시,15180.0,0.13175230566534912,0.13388547296331485,0.005917737904978517,13.388547296331485
142,망우본동,중랑구,1,서울특별시,37969.0,0.026337275145513445,0.0111526530291419,0.000492947263888072,1.11526530291419
143,망원2동,마포구,2,서울특별시,17186.0,0.11637379262190155,0.11598054742367253,0.005126340196126326,11.598054742367253
144,면목2동,중랑구,1,서울특별시,22929.0,0.04361289197086659,0.03126634230686655,0.0013819723299635016,3.126634230686655
145,면목3.8동,중랑구,3,서울특별시,23421.0,0.1280901754835404,0.12962172080232812,0.005729280059462903,12.962172080232811
146,면목4동,중랑구,1,서울특별시,17493.0,0.05716572343223003,0.047045659688297464,0.0020794181582227482,4.704565968829747
147,면목5동,중랑구,3,서울특별시,13962.0,0.21486892995272883,0.23065666044857347,0.010195024391826948,23.06566604485735
148,면목본동,중랑구,4,서울특별시,31611.0,0.1265382303628484,0.12781481907203104,0.005649415002983773,12.781481907203105
149,명동,중구,1,서울특별시,2468.0,0.4051863857374392,0.45223984375713905,0.019989001094065546,45.223984375713904
150,명일1동,강동구,2,서울특별시,24668.0,0.08107669855683476,0.07488477703187585,0.0033099071448089126,7.488477703187585
151,모현읍,용인시 처인구,3,경기도,34446.0,0.08709284096847239,0.08188926320111262,0.003619505433489178,8.188926320111262
152,목2동,양천구,3,서울특별시,27813.0,0.10786322942508898,0.10607185209605272,0.00468837586264553,10.607185209605271
153,목3동,양천구,1,서울특별시,20586.0,0.0485767026134266,0.03704561756558797,0.0016374162963989883,3.704561756558797
154,목4동,양천구,1,서울특별시,23650.0,0.042283298097251586,0.029718320125672347,0.0013135497495547178,2.971832012567235
155,무악동,종로구,1,서울특별시,7657.0,0.13059945148230379,0.13254322561812779,0.005858410572321248,13.254322561812778
156,묵1동,중랑구,1,서울특별시,32914.0,0.03038220817889044,0.015862095650209414,0.0007011046277392561,1.5862095650209413
157,문정1동,송파구,1,서울특별시,19657.0,0.05087246273592104,0.03971852969525951,0.0017555590125304707,3.9718529695259512
158,문학동,미추홀구,1,인천광역시,13798.0,0.07247427163357009,0.06486912642338641,0.0028672153879136793,6.486912642338641
159,미사2동,하남시,1,경기도,46360.0,0.021570319240724764,0.005602572193311926,0.00024763369094438713,0.5602572193311925
160,미사3동,하남시,1,경기도,29516.0,0.033879929529746576,0.01993442957277808,0.0008811017871167911,1.9934429572778078
161,미성동,관악구,4,서울특별시,28412.0,0.14078558355624385,0.1444027555873512,0.006382601796960923,14.440275558735118
162,박달동,안양시 만안구,1,경기도,13377.0,0.07475517679599313,0.06752474319080665,0.002984593649033654,6.752474319080664
163,발산1동,강서구,1,서울특별시,34614.0,0.028890044490668516,0.014124796364180249,0.000624315999296767,1.4124796364180248
164,방배1동,서초구,1,서울특별시,16275.0,0.06144393241167435,0.052026701288585185,0.0022995801969554652,5.202670128858519
165,방배2동,서초구,2,서울특별시,17434.0,0.1147183664104623,0.11405316452465936,0.005041149871989944,11.405316452465936
166,방배4동,서초구,1,서울특별시,25493.0,0.03922645432079394,0.026159292016182042,0.0011562407071152464,2.6159292016182043
167,방학1동,도봉구,1,서울특별시,27644.0,0.03617421501953408,0.02260562481416911,0.0009991686167862748,2.260562481416911
168,방학2동,도봉구,1,서울특별시,17592.0,0.05684402000909504,0.04667110619142773,0.002062862893661106,4.667110619142774
169,방학3동,도봉구,1,서울특별시,25359.0,0.03943373161402263,0.026400621232526508,0.0011669074584776716,2.64006212325265
170,방화1동,강서구,2,서울특별시,40180.0,0.04977600796416127,0.038441947168035985,0.0016991340648271906,3.8441947168035986
171,방화2동,강서구,1,서울특별시,22698.0,0.04405674508767292,0.03178311249033638,0.001404813572072868,3.1783112490336376
172,백석2동,고양시 일산동구,3,경기도,19903.0,0.15073104557101946,0.15598207774475384,0.00689440783631812,15.598207774475384
173,백암면,용인시 처인구,1,경기도,7509.0,0.13317352510320948,0.1355401731374142,0.005990875652673708,13.55401731374142
174,백현동,성남시 분당구,1,경기도,26202.0,0.03816502557056713,0.024923489654487256,0.0011016182427283367,2.4923489654487256
175,번1동,강북구,1,서울특별시,16010.0,0.06246096189881324,0.053210810388560965,0.002351917819174395,5.3210810388560965
176,번2동,강북구,2,서울특별시,14255.0,0.1403016485443704,0.14383931877592865,0.0063576978898960464,14.383931877592865
177,번3동,강북구,3,서울특별시,15489.0,0.19368584156498161,0.20599357246271136,0.009104915902851842,20.599357246271133
178,별내동,남양주시,2,경기도,82978.0,0.024102774229313794,0.008551063889165584,0.0003779570239011189,0.8551063889165584
179,별내면,남양주시,2,경기도,17798.0,0.1123721766490617,0.11132153807540081,0.004920411982932716,11.13215380754008
180,보광동,용산구,1,서울특별시,6379.0,0.15676438313215238,0.16300658391660638,0.007204891009114003,16.30065839166064
181,보라매동,관악구,1,서울특별시,22926.0,0.043618598970601066,0.03127298686378905,0.0013822660193794762,3.127298686378905
182,부개1동,부평구,3,인천광역시,14731.0,0.20365216210712103,0.2175971798275499,0.009617795348377705,21.75971798275499
183,부개2동,부평구,2,인천광역시,18727.0,0.10679767181075453,0.10483124257229992,0.004633540921695657,10.483124257229992
184,부평2동,부평구,2,인천광역시,16647.0,0.12014176728539677,0.12036753240684592,0.0053202449323825896,12.03675324068459
185,부평3동,부평구,2,인천광역시,14817.0,0.1349800904366606,0.1376435245919115,0.006083843786962489,13.764352459191151
186,부평4동,부평구,4,인천광역시,32890.0,0.12161751292186074,0.12208571645114775,0.005396188667140731,12.208571645114775
187,부평5동,부평구,1,인천광역시,32928.0,0.030369290573372204,0.01584705591494365,0.0007004398714405095,1.584705591494365
188,북가좌1동,서대문구,1,서울특별시,17191.0,0.058169972660112854,0.04821488896278486,0.002131098092155091,4.8214888962784865
189,분당동,성남시 분당구,1,경기도,24346.0,0.041074509159615545,0.028310948953936186,0.0012513439437639795,2.8310948953936186
190,불광1동,은평구,2,서울특별시,33893.0,0.05900923494526893,0.049192026913736,0.0021742875895871313,4.9192026913736
191,불광2동,은평구,1,서울특별시,26204.0,0.03816211265455656,0.024920098198881295,0.0011014683403905534,2.4920098198881298
192,비산3동,안양시 동안구,1,경기도,17932.0,0.05576622797233995,0.0454162523501754,0.0020073983538777527,4.54162523501754
193,사당1동,동작구,1,서울특별시,22166.0,0.04511413877109086,0.03301421689647746,0.0014592283868243038,3.301421689647746
194,사당2동,동작구,1,서울특별시,27649.0,0.03616767333357445,0.02259800844711984,0.000998831973362697,2.259800844711984
195,사당4동,동작구,1,서울특별시,13534.0,0.07388798581350672,0.06651508836096703,0.002939966905554743,6.651508836096704
196,사당5동,동작구,1,서울특별시,13785.0,0.07254261878853827,0.06494870178396218,0.0028707326188511287,6.494870178396218
197,사우동,김포시,3,경기도,20677.0,0.14508874594960586,0.14941284999767937,0.006604047969897429,14.941284999767937
198,산곡1동,부평구,1,인천광역시,14226.0,0.07029382820188387,0.06233047543824593,0.0027550070143704704,6.2330475438245925
199,산곡3동,부평구,1,인천광역시,19701.0,0.05075884472869397,0.03958624629740331,0.0017497120863452264,3.958624629740331
200,산곡4동,부평구,1,인천광역시,16205.0,0.061709348966368406,0.052335720999096814,0.0023132388681600794,5.233572099909681
201,삼산1동,부평구,2,인천광역시,31291.0,0.06391614202166757,0.05490505037605934,0.002426803226621823,5.490505037605933
202,삼선동,성북구,1,서울특별시,21603.0,0.04628986714808128,0.034383096253368696,0.0015197328543988965,3.4383096253368697
203,삼성동,관악구,1,서울특별시,20033.0,0.049917635900763736,0.03860684202178655,0.0017064224173629656,3.8606842021786547
204,삼양동,강북구,2,서울특별시,24436.0,0.0818464560484531,0.07578099180453103,0.0033495198377602718,7.578099180453103
205,삼전동,송파구,1,서울특별시,28271.0,0.035371935906052136,0.021671545703378557,0.0009578823200893323,2.1671545703378556
206,삼평동,성남시 분당구,1,경기도,23527.0,0.0425043566965614,0.029975694668279783,0.0013249257043379664,2.9975694668279784
207,상갈동,용인시 기흥구,1,경기도,12445.0,0.08035355564483727,0.07404283477404801,0.003272693297012922,7.4042834774048005
208,상계1동,노원구,3,서울특별시,35918.0,0.08352358149117434,0.07773363872739837,0.0034358268317510082,7.7733638727398375
209,상계2동,노원구,1,서울특별시,18557.0,0.05388802069299995,0.043229489469421754,0.0019107434345484416,4.322948946942176
210,상계3.4동,노원구,2,서울특별시,26523.0,0.07540625117822268,0.06828277735845693,0.0030180987592437966,6.828277735845694
211,상계5동,노원구,1,서울특별시,22099.0,0.045250916331055706,0.033173464544136604,0.001466267132850838,3.31734645441366
212,상계6.7동,노원구,1,서울특별시,30301.0,0.03300221114814693,0.0189125178819067,0.0008359332903802762,1.89125178819067
213,상계8동,노원구,1,서울특별시,21172.0,0.047232193463064426,0.035480229796524064,0.0015682261570063637,3.5480229796524063
214,상대원1동,성남시 중원구,2,경기도,22321.0,0.08960172035303078,0.08481030624614236,0.0037486155360794927,8.481030624614236
215,상대원3동,성남시 중원구,1,경기도,11019.0,0.09075233687267448,0.08614994832016463,0.003807827715751277,8.614994832016464
216,상도4동,동작구,5,서울특별시,28748.0,0.17392514261861694,0.18298654686496021,0.008088005371431242,18.298654686496022
217,상동,부천시 원미구,1,경기도,17353.0,0.05762692329856509,0.04758262637956939,0.0021031520859769674,4.758262637956939
218,상봉1동,중랑구,1,서울특별시,22813.0,0.043834655678779644,0.0315245377947112,0.001393384570526235,3.1524537794711196
219,상봉2동,중랑구,1,서울특별시,21554.0,0.046395100677368475,0.03450561775468925,0.001525148304757265,3.450561775468925
220,상암동,강서구,1,,,,,,
221,상암동,관악구,1,,,,,,
222,상암동,마포구,1,서울특별시,29076.0,0.03439262622093823,0.02053135308900313,0.0009074858065339385,2.053135308900313
223,상암동,중랑구,1,,,,,,
224,상일2동,강동구,1,서울특별시,13268.0,0.0753693096171239,0.06823976696473921,0.0030161976998414734,6.823976696473921
225,상하동,용인시 기흥구,2,경기도,22890.0,0.08737439930100481,0.08221707649260682,0.0036339947809732216,8.221707649260681
226,상현3동,용인시 수지구,1,경기도,27196.0,0.036770113251948816,0.02329941838513704,0.0010298342926230572,2.329941838513704
227,서교동,마포구,1,서울특별시,23472.0,0.04260395364689843,0.03009165360232769,0.001330051089222884,3.009165360232769
228,서농동,용인시 기흥구,1,경기도,24409.0,0.040968495227170304,0.028187518843285436,0.0012458883328732163,2.8187518843285435
229,서림동,관악구,2,서울특별시,23612.0,0.08470269354565475,0.07910645763900064,0.0034965054276438283,7.910645763900064
230,서원동,관악구,1,서울특별시,22832.0,0.04379817799579537,0.03148206748592082,0.0013915073828777004,3.148206748592082
231,서창2동,남동구,1,인천광역시,37436.0,0.02671225558286142,0.011589235993344583,0.0005122442309058306,1.1589235993344584
232,석관동,성북구,1,서울특별시,32781.0,0.030505475732894055,0.016005613841445002,0.0007074481317918691,1.6005613841445003
233,석남1동,서구,2,인천광역시,19690.0,0.1015744032503809,0.0987498851365827,0.004364744923036955,9.874988513658268
234,석남3동,서구,4,인천광역시,12982.0,0.3081189339084887,0.3392259592281213,0.014993787397882964,33.922595922812135
235,석수2동,안양시 만안구,2,경기도,28694.0,0.06970098278385725,0.06164023620404327,0.0027244984402187127,6.164023620404327
236,석촌동,송파구,1,서울특별시,30007.0,0.033325557369947016,0.01928898405965085,0.0008525730954365675,1.9288984059650849
237,선학동,연수구,3,인천광역시,17448.0,0.171939477303989,0.18067467253064595,0.007985820525854552,18.067467253064596
238,성곡동,부천시 오정구,2,경기도,37402.0,0.05347307630607989,0.04274637719908027,0.001889389872199348,4.274637719908027
239,성남동,성남시 중원구,4,경기도,31801.0,0.12578220810666332,0.12693459598641396,0.005610509142599498,12.693459598641397
240,성내2동,강동구,2,서울특별시,24237.0,0.08251846350620952,0.07656339797469972,0.0033841021904817276,7.656339797469972
241,성내3동,강동구,2,서울특별시,21581.0,0.09267411148695612,0.08838743586369203,0.003906724665175188,8.838743586369201
242,성북동,성북구,2,서울특별시,15520.0,0.1288659793814433,0.1305249752968343,0.005769203908120076,13.05249752968343
243,성사1동,고양시 덕양구,1,경기도,23717.0,0.042163848716110806,0.0295792473642786,0.0013074027335011143,2.95792473642786
244,성사2동,고양시 덕양구,1,경기도,10171.0,0.09831874938550782,0.0949593860246911,0.004197204862291347,9.49593860246911
245,성산2동,마포구,1,서울특별시,38053.0,0.026279136993141147,0.0110849638262718,0.0004899554011212136,1.10849638262718
246,성수1가1동,성동구,1,서울특별시,14865.0,0.06727211570803902,0.05881235004786228,0.0025995058721155133,5.881235004786229
247,성수1가2동,성동구,1,서울특별시,14100.0,0.07092198581560284,0.06306182802539281,0.0027873327987223626,6.306182802539281
248,성현동,관악구,2,서울특별시,29597.0,0.06757441632597898,0.05916431320837792,0.002615062643810304,5.916431320837791
249,세곡동,강남구,1,서울특별시,45820.0,0.02182453077258839,0.005898546097712,0.0002607157375188704,0.5898546097712
250,소사본1동,부천시 소사구,4,경기도,27381.0,0.14608670245790875,0.15057475277218577,0.006655404072530611,15.057475277218577
251,소하1동,광명시,3,경기도,28992.0,0.10347682119205298,0.10096483605509372,0.0044626457536351425,10.096483605509372
252,소하2동,광명시,6,경기도,25074.0,0.23929169657812874,0.2590916474115143,0.011451850815588933,25.90916474115143
253,송내1동,부천시 소사구,4,경기도,19724.0,0.20279862096937742,0.21660341726590662,0.009573871043153073,21.66034172659066
254,송내2동,부천시 소사구,3,경기도,23645.0,0.1268767181222246,0.12820891426904968,0.005666834010691996,12.820891426904968
255,송림2동,동구,1,인천광역시,1142.0,0.8756567425569177,1.0,0.0442,100.0
256,송림6동,동구,2,인천광역시,6396.0,0.31269543464665417,0.3445542965463957,0.015229299907350691,34.455429654639566
257,송정동,성동구,1,서울특별시,9074.0,0.11020498126515318,0.10879831155349257,0.004808885370664372,10.879831155349258
258,송중동,강북구,2,서울특별시,27311.0,0.0732305664384314,0.06574966683251457,0.002906135273997144,6.574966683251457
259,송천동,강북구,2,서울특별시,22419.0,0.08921004505107276,0.08435428575199821,0.0037284594302383215,8.435428575199822
260,송현1.2동,동구,1,인천광역시,9400.0,0.10638297872340426,0.10434842288551789,0.0046122002915398915,10.43484228855179
261,수궁동,구로구,2,서울특별시,21733.0,0.09202595131827176,0.08763279466234389,0.0038733695240756,8.763279466234389
262,수동면,남양주시,1,경기도,8425.0,0.11869436201780416,0.11868234454318743,0.005245759628808885,11.868234454318744
263,수유2동,강북구,3,서울특별시,19864.0,0.15102698348771645,0.15632663292689963,0.006909637175368964,15.632663292689964
264,수유3동,강북구,1,서울특별시,22363.0,0.0447167195814515,0.03255150889743918,0.0014387766932668117,3.2551508897439176
265,수진1동,성남시 수정구,4,경기도,10725.0,0.372960372960373,0.4147196779528917,0.018330609765517817,41.471967795289174
266,수진2동,성남시 수정구,1,경기도,14249.0,0.0701803635342831,0.06219837057095268,0.0027491679792361087,6.219837057095268
267,수택1동,구리시,2,경기도,16866.0,0.11858176212498517,0.11855124651758508,0.005239965096077261,11.855124651758507
268,수택2동,구리시,4,경기도,24074.0,0.16615435739802276,0.1739391617005945,0.0076881109471662774,17.393916170059452
269,수택3동,구리시,2,경기도,20897.0,0.0957075178255252,0.0919191761867072,0.004062827587452458,9.191917618670718
270,시흥1동,금천구,4,서울특별시,31189.0,0.1282503446728013,0.12980820290234385,0.005737522568283598,12.980820290234385
271,시흥3동,금천구,2,서울특별시,9965.0,0.20070245860511793,0.21416289320840953,0.009465999879811702,21.416289320840953
272,시흥4동,금천구,1,서울특별시,18327.0,0.05456430403230207,0.044016873971401575,0.0019455458295359498,4.401687397140157
273,시흥5동,금천구,4,서울특별시,17203.0,0.23251758414230075,0.2512046704054803,0.01110324643192223,25.12046704054803
274,신갈동,용인시 기흥구,2,경기도,36044.0,0.055487737210076576,0.04509201057545268,0.0019930668674350087,4.509201057545268
275,신길6동,영등포구,1,서울특별시,17751.0,0.05633485437440144,0.04607829382063627,0.002036660586872123,4.607829382063627
276,신길7동,영등포구,1,서울특별시,19444.0,0.05142974696564493,0.04036736567890974,0.0017842375630078109,4.036736567890975
277,신내1동,중랑구,1,서울특별시,36571.0,0.027344070438325447,0.012324846641133664,0.000544758221538108,1.2324846641133664
278,신내2동,중랑구,1,서울특별시,18931.0,0.05282341133590407,0.04198998398447957,0.0018559572921139971,4.198998398447957
279,신대방1동,동작구,2,서울특별시,22776.0,0.08781173164734808,0.08272625466056302,0.0036565004559968857,8.272625466056303
280,신대방2동,동작구,1,서울특별시,22004.0,0.04544628249409198,0.0334009258462955,0.0014763209224062611,3.3400925846295495
281,신사1동,은평구,1,서울특별시,25673.0,0.03895142756982043,0.0258390833273655,0.0011420874830695552,2.58390833273655
282,신사2동,은평구,2,서울특별시,19253.0,0.10387991481846985,0.10143415069859066,0.0044833894608777075,10.143415069859065
283,신사동,관악구,2,서울특별시,22097.0,0.09051002398515637,0.08586782779290364,0.0037953579884463413,8.586782779290363
284,신월1동,양천구,3,서울특별시,18473.0,0.1623991771775023,0.1695670730567575,0.007494864629108682,16.95670730567575
285,신월2동,양천구,1,서울특별시,20398.0,0.04902441415825081,0.03756688004725106,0.001660456098088497,3.756688004725106
286,신월3동,양천구,4,서울특별시,13596.0,0.2942041776993233,0.32302525938649806,0.014277716464883216,32.30252593864981
287,신월4동,양천구,1,서울특별시,16662.0,0.060016804705317485,0.050365122223971555,0.002226138402299543,5.036512222397156
288,신월5동,양천구,1,서울특별시,13646.0,0.07328154770628756,0.06580902340374498,0.0029087588344455283,6.5809023403744975
289,신월7동,양천구,2,서울특별시,17881.0,0.11185056764163079,0.11071423811002237,0.004893569324462989,11.071423811002237
290,신장2동,하남시,4,경기도,44577.0,0.08973237319694012,0.08496242299729576,0.003755339096480473,8.496242299729575
291,신정2동,양천구,1,서울특별시,18475.0,0.05412719891745602,0.043507960364981745,0.0019230518481321932,4.350796036498174
292,신정4동,양천구,2,서울특별시,31021.0,0.06447245414396699,0.05555275455255745,0.002455431751223039,5.555275455255744
293,신정7동,양천구,1,서울특별시,27700.0,0.036101083032490974,0.02252047855985483,0.0009954051523455836,2.252047855985483
294,신촌동,안양시 동안구,1,경기도,12240.0,0.08169934640522876,0.07560971469856809,0.0033419493896767096,7.560971469856809
295,신현원창동,서구,1,인천광역시,28623.0,0.034936938825420115,0.02116508644319692,0.0009354968207893039,2.116508644319692
296,신흥1동,성남시 수정구,1,경기도,11978.0,0.08348639171814995,0.07769033934500967,0.0034339129990494277,7.769033934500967
297,신흥3동,성남시 수정구,1,경기도,10616.0,0.09419743782969103,0.09016101726666555,0.003985116963186618,9.016101726666555
298,신흥동,부천시 오정구,3,경기도,16388.0,0.18306077617769098,0.1936230003485025,0.00855813661540381,19.36230003485025
299,심곡1동,부천시 원미구,1,경기도,11827.0,0.08455229559482541,0.07893135201576472,0.003488765759096801,7.893135201576472
300,심곡2동,부천시 원미구,1,경기도,18345.0,0.05451076587626056,0.043954540461344734,0.0019427906883914374,4.395454046134473
301,심곡3동,부천시 원미구,3,경기도,10565.0,0.28395646000946523,0.31109402639473865,0.01375035596664745,31.109402639473867
302,심곡본1동,부천시 소사구,1,경기도,15341.0,0.06518479890489538,0.056382124717731616,0.0024920899125237374,5.638212471773161
303,심곡본동,부천시 소사구,2,경기도,13871.0,0.14418571119602047,0.1483614629112312,0.00655757666067642,14.83614629112312
304,십정1동,부평구,2,인천광역시,23648.0,0.08457374830852504,0.07895632902364123,0.0034898697428449427,7.895632902364123
305,십정2동,부평구,1,인천광역시,20410.0,0.04899559039686428,0.03753332106141542,0.0016589727909145618,3.753332106141542
306,쌍문1동,도봉구,3,서울특별시,20472.0,0.1465416178194607,0.1511044025278166,0.006678814591729494,15.11044025278166
307,쌍문2동,도봉구,1,서울특별시,17318.0,0.057743388382030254,0.047718224576971224,0.0021091455263021284,4.771822457697122
308,쌍문3동,도봉구,1,서울특별시,15900.0,0.06289308176100629,0.05371391975517581,0.002374155253178771,5.3713919755175805
309,쌍문4동,도봉구,1,서울특별시,17597.0,0.056827868386656814,0.04665230114855501,0.0020620317107661315,4.6652301148555
310,안암동,성북구,1,서울특별시,15539.0,0.06435420554733252,0.05541507984292033,0.0024493465290570788,5.541507984292033
311,안양2동,안양시 만안구,1,경기도,22127.0,0.045193654810864556,0.033106795988313766,0.0014633203826834686,3.3106795988313764
312,안양4동,안양시 만안구,1,경기도,6481.0,0.15429717636167256,0.16013405954500176,0.007077925431889078,16.013405954500175
313,안양6동,안양시 만안구,1,경기도,27081.0,0.03692625826225029,0.0234812152061259,0.001037869712110765,2.3481215206125903
314,안양7동,안양시 만안구,1,경기도,14622.0,0.0683900971139379,0.06011399564719758,0.002657038607606133,6.011399564719758
315,안양8동,안양시 만안구,1,경기도,7835.0,0.1276324186343331,0.12908876275383788,0.005705723313719635,12.908876275383788
316,안양9동,안양시 만안구,1,경기도,15562.0,0.06425909266161162,0.05530434162447996,0.0024444518998020144,5.530434162447996
317,암사1동,강동구,1,서울특별시,32596.0,0.030678610872499693,0.01620719196373657,0.0007163578847971564,1.620719196373657
318,암사2동,강동구,1,서울특별시,14454.0,0.06918500069185,0.061039487554867794,0.0026979453499251568,6.10394875548678
319,암사3동,강동구,1,서울특별시,16896.0,0.059185606060606064,0.049397372624243464,0.0021833638699915612,4.939737262424346
320,야탑3동,성남시 분당구,2,경기도,26519.0,0.07541762509898564,0.06829601980938696,0.0030186840755749038,6.829601980938696
321,양재1동,서초구,2,서울특별시,40426.0,0.04947311136397368,0.03808929011613198,0.0016835466231330334,3.8089290116131975
322,양재2동,서초구,1,서울특별시,20712.0,0.04828118964851294,0.03670155714714377,0.0016222088259037549,3.6701557147143773
323,양지동,성남시 수정구,1,경기도,8855.0,0.11293054771315642,0.11197163944071883,0.004949146463279773,11.197163944071884
324,양지읍,용인시 처인구,2,경기도,21332.0,0.09375585974123382,0.08964689585769535,0.003962392796910135,8.964689585769534
325,양촌읍,김포시,3,경기도,30521.0,0.098292978604895,0.09492938156934047,0.004195878665364849,9.492938156934047
326,양평1동,영등포구,1,서울특별시,18186.0,0.05498735290883097,0.04450942215291167,0.001967316459158696,4.450942215291167
327,양평2동,영등포구,2,서울특별시,22477.0,0.08897984606486631,0.08408626922168197,0.003716613099598343,8.408626922168198
328,역곡1동,부천시 원미구,1,경기도,16018.0,0.06242976651267325,0.05317449016277328,0.0023503124651945793,5.317449016277329
329,역곡2동,부천시 원미구,2,경기도,16344.0,0.12236906510034265,0.12296073510586797,0.005434864491679365,12.296073510586798
330,역곡3동,부천시 소사구,2,경기도,21929.0,0.09120342924893976,0.08667514704293526,0.003831041499297739,8.667514704293525
331,역촌동,은평구,4,서울특별시,44376.0,0.09013881377321074,0.08543563443417881,0.003776255041990704,8.54356344341788
332,연수1동,연수구,4,인천광역시,16045.0,0.24929884699283264,0.2707427922610235,0.01196683141793724,27.074279226102348
333,연수2동,연수구,1,인천광역시,19066.0,0.0524493863421798,0.04155451342606614,0.0018367094934321237,4.155451342606614
334,연수3동,연수구,1,인천광역시,14281.0,0.07002310762551643,0.06201528035090467,0.0027410753915099867,6.201528035090467
335,연안동,중구,1,인천광역시,5004.0,0.19984012789768185,0.21315889710920483,0.009421623252226854,21.315889710920484
336,연희동,서구,5,인천광역시,36166.0,0.13825139633910302,0.141452247089018,0.006252189321334595,14.145224708901798
337,염창동,강서구,1,서울특별시,41039.0,0.02436706547430493,0.008858773421873746,0.0003915577852468196,0.8858773421873747
338,영덕1동,용인시 기흥구,2,경기도,34192.0,0.058493214787084705,0.0485912339447968,0.0021477325403600187,4.85912339447968
339,영등포본동,영등포구,1,서울특별시,20288.0,0.04929022082018927,0.03787635395259569,0.0016741348447047296,3.787635395259569
340,영흥면,옹진군,1,인천광역시,6442.0,0.1552312946289972,0.16122163660621797,0.007125996337994834,16.122163660621798
341,오금동,송파구,3,서울특별시,36935.0,0.0812237714904562,0.07505601139750981,0.0033174757037699337,7.505601139750981
342,오남읍,남양주시,7,경기도,50456.0,0.13873473917869034,0.14201499444492166,0.006277062754465538,14.201499444492166
343,오류1동,구로구,2,서울특별시,22767.0,0.0878464444151623,0.08276667011043341,0.003658286818881157,8.276667011043342
344,오류2동,구로구,1,서울특별시,35684.0,0.028023764152000898,0.013116201780524544,0.0005797361186991849,1.3116201780524543
345,오류왕길동,서구,1,인천광역시,25311.0,0.03950851408478527,0.026487689115285564,0.001170755858895622,2.648768911528556
346,오정동,부천시 오정구,2,경기도,18607.0,0.10748642983823292,0.10563315112886781,0.004668985279895958,10.563315112886782
347,옥길동,부천시 소사구,1,경기도,31029.0,0.03222791582068388,0.018011019788771752,0.0007960870746637115,1.8011019788771752
348,옥련1동,연수구,1,인천광역시,17247.0,0.05798109816199919,0.04799498578908346,0.002121378371877489,4.799498578908345
349,옥련2동,연수구,1,인천광역시,19620.0,0.05096839959225281,0.03983022724783008,0.0017604960443540897,3.983022724783008
350,와부읍,남양주시,4,경기도,59594.0,0.06712085109239185,0.05863623538240058,0.002591721603902106,5.863623538240057
351,왕십리2동,성동구,1,서울특별시,15684.0,0.06375924509053812,0.0547223781072038,0.002418729112338408,5.47223781072038
352,용답동,성동구,1,서울특별시,13072.0,0.07649938800489596,0.06955549686202203,0.003074352961301374,6.955549686202203
353,용현3동,미추홀구,1,인천광역시,6638.0,0.15064778547755348,0.15588513951868996,0.006890123166726097,15.588513951868995
354,용현5동,미추홀구,1,인천광역시,44255.0,0.02259631680036154,0.006797122658447981,0.0003004328215034008,0.6797122658447982
355,우이동,강북구,2,서울특별시,19307.0,0.10358937173046046,0.10109587661824433,0.0044684377465264,10.109587661824435
356,우장산동,강서구,1,서울특별시,43668.0,0.022900064120179538,0.007150770187883504,0.00031606404230445086,0.7150770187883503
357,원미1동,부천시 원미구,2,경기도,16379.0,0.12210757677513889,0.12265628896214577,0.005421407972126843,12.265628896214578
358,원신동,고양시 덕양구,1,경기도,22334.0,0.04477478284230322,0.03261911090546178,0.001441764702021411,3.261911090546178
359,원종1동,부천시 오정구,1,경기도,22525.0,0.04439511653718091,0.03217707226987194,0.0014222265943283398,3.217707226987194
360,원종2동,부천시 오정구,2,경기도,17177.0,0.11643476742155208,0.11605153928383827,0.005129478036345652,11.605153928383826
361,월계1동,노원구,1,서울특별시,20063.0,0.049842994567113594,0.03851993846242358,0.0017025812800391224,3.851993846242358
362,월계2동,노원구,2,서울특별시,24725.0,0.08088978766430739,0.07466716004876468,0.003300288474155399,7.466716004876468
363,월계3동,노원구,3,서울특별시,27758.0,0.10807695078896173,0.10632068402769403,0.004699374234024076,10.632068402769402
364,월곡1동,성북구,2,서울특별시,24556.0,0.0814464896562958,0.07531531814351429,0.0033289370619433317,7.531531814351429
365,월곶면,김포시,2,경기도,5085.0,0.39331366764995085,0.4384166520929606,0.01937801602250886,43.84166520929606
366,유림1동,용인시 처인구,1,경기도,13408.0,0.07458233890214798,0.06732351114639618,0.002975699192670711,6.732351114639617
367,유림2동,용인시 처인구,1,경기도,38269.0,0.026130810839060336,0.010912270358646203,0.0004823223498521622,1.0912270358646203
368,은행1동,성남시 중원구,1,경기도,9257.0,0.10802635843145728,0.10626178025777602,0.0046967706873937,10.626178025777602
369,은행2동,성남시 중원구,5,경기도,20697.0,0.2415809054452336,0.2617569320326218,0.011569656395841885,26.175693203262178
370,응봉동,성동구,1,서울특별시,14396.0,0.0694637399277577,0.06136401862297587,0.0027122896231355337,6.136401862297587
371,응암1동,은평구,1,서울특별시,31953.0,0.03129596594998905,0.016925967352666434,0.0007481277569878564,1.6925967352666433
372,응암3동,은평구,3,서울특별시,22831.0,0.13140028908063597,0.13347562639881272,0.005899622686827523,13.347562639881271
373,이동읍,용인시 처인구,3,경기도,18846.0,0.1591849729385546,0.16582483299720363,0.007329457618476401,16.582483299720362
374,이문1동,동대문구,2,서울특별시,29193.0,0.06850957421299626,0.060253100680063156,0.0026631870500587918,6.025310068006315
375,이문2동,동대문구,1,서울특별시,17951.0,0.055707202941340316,0.04534753057050543,0.00200436085121634,4.534753057050543
376,이화동,종로구,1,서울특별시,7028.0,0.14228799089356858,0.14615198136938953,0.006459917576527018,14.615198136938954
377,인덕원동,안양시 동안구,1,경기도,17879.0,0.055931539795290565,0.04560872192590037,0.0020159055091247963,4.560872192590037
378,인수동,강북구,1,서울특별시,27979.0,0.035741091532935414,0.02210134694574908,0.0009768795350021094,2.210134694574908
379,인창동,구리시,2,경기도,23521.0,0.08503039836741635,0.07948799845611643,0.0035133695317603464,7.948799845611642
380,인헌동,관악구,1,서울특별시,25008.0,0.0399872040946897,0.02704501926545644,0.0011953898515331747,2.7045019265456443
381,일산1동,고양시 일산서구,2,경기도,24642.0,0.08116224332440548,0.07498437526281876,0.0033143093866165895,7.498437526281876
382,일산2동,고양시 일산서구,1,경기도,18447.0,0.05420935653493793,0.04360361499812943,0.001927279782917321,4.360361499812943
383,일신동,부평구,2,인천광역시,11155.0,0.17929179740026893,0.18923484629358317,0.008364180206176377,18.923484629358317
384,일원1동,강남구,1,서울특별시,14116.0,0.0708415981864551,0.06296823415775864,0.0027831959497729318,6.296823415775863
385,자양1동,광진구,1,서울특별시,21537.0,0.04643172215257464,0.03454825547817173,0.0015270328921351906,3.454825547817173
386,자양2동,광진구,1,서울특별시,26325.0,0.037986704653371325,0.024715873824820808,0.0010924416230570799,2.4715873824820807
387,자양4동,광진구,2,서울특별시,19866.0,0.10067451927917044,0.09770216644926097,0.004318435757057335,9.770216644926096
388,작전1동,계양구,2,인천광역시,25494.0,0.07844983133286264,0.07182636287214095,0.00317472523894863,7.182636287214095
389,작전2동,계양구,1,인천광역시,23435.0,0.042671218263281414,0.030169968582741423,0.001333512611357171,3.0169968582741427
390,작전서운동,계양구,2,인천광역시,31812.0,0.0628693574751666,0.053686297996801594,0.0023729343714586305,5.36862979968016
391,장기본동,김포시,2,경기도,38569.0,0.0518551168036506,0.04086261611403203,0.001806127632240216,4.086261611403203
392,장수서창동,남동구,1,인천광역시,18216.0,0.054896794027228815,0.044403986079381084,0.001962656184708644,4.440398607938108
393,장안1동,동대문구,1,서울특별시,37017.0,0.027014614906664507,0.011941267504038495,0.0005278040236785015,1.1941267504038495
394,장안2동,동대문구,1,서울특별시,32802.0,0.030485945978903726,0.015982875700896793,0.0007064431059796383,1.5982875700896793
395,장위1동,성북구,2,서울특별시,22663.0,0.0882495697833473,0.08323602171029881,0.0036790321595952078,8.323602171029881
396,장위2동,성북구,2,서울특별시,15663.0,0.12768945923514013,0.1291551740972038,0.0057086586950964085,12.915517409720382
397,장지동,송파구,1,서울특별시,30611.0,0.032667995165136715,0.018523396237112445,0.0008187341136803701,1.8523396237112446
398,전농1동,동대문구,1,서울특별시,32249.0,0.031008713448479025,0.016591524442868703,0.0007333453803747967,1.6591524442868704
399,전농2동,동대문구,2,서울특별시,17261.0,0.11586814205434216,0.11539182758218654,0.005100318779132645,11.539182758218654
400,정릉1동,성북구,1,서울특별시,17534.0,0.057032052013231437,0.04689002846457731,0.0020725392581343173,4.689002846457731
401,정릉3동,성북구,1,서울특별시,13783.0,0.0725531451788435,0.06496095747045695,0.0028712743201941976,6.496095747045695
402,정릉4동,성북구,2,서울특별시,23527.0,0.0850087133931228,0.0794627510314169,0.003512253595588627,7.94627510314169
403,정발산동,고양시 일산동구,2,경기도,20990.0,0.09528346831824679,0.09142546298885178,0.004041005464107249,9.142546298885177
404,정자2동,성남시 분당구,1,경기도,14032.0,0.07126567844925884,0.06346198316371786,0.0028050196558363294,6.346198316371786
405,정자3동,성남시 분당구,1,경기도,16436.0,0.06084205402774397,0.0513259451349995,0.002268606774966978,5.132594513499949
406,정자동,성남시 분당구,1,경기도,13748.0,0.07273785277858598,0.0651760091994929,0.0028807796066175864,6.51760091994929
407,제기동,동대문구,1,서울특별시,22197.0,0.04505113303599585,0.032940860454781215,0.0014559860321013299,3.2940860454781213
408,조원동,관악구,1,서울특별시,19847.0,0.050385448682420515,0.03915150801117012,0.0017304966540937195,3.9151508011170124
409,종로5.6가동,종로구,2,서울특별시,5402.0,0.37023324694557574,0.4115445342901583,0.018190268415625,41.15445342901583
410,종암동,성북구,2,서울특별시,36777.0,0.054381814721157246,0.04380440495579536,0.001936154699046155,4.380440495579536
411,주안1동,미추홀구,1,인천광역시,19657.0,0.05087246273592104,0.03971852969525951,0.0017555590125304707,3.9718529695259512
412,주안2동,미추홀구,2,인천광역시,21451.0,0.09323574658524078,0.0890413374851834,0.003935627116845107,8.90413374851834
413,주안4동,미추홀구,1,인천광역시,19802.0,0.0504999495000505,0.039284819249265836,0.00173638901081755,3.9284819249265834
414,주안8동,미추홀구,2,인천광역시,18541.0,0.10786904697696996,0.10607862536684669,0.004688675241214624,10.607862536684667
415,주엽1동,고양시 일산서구,1,경기도,25845.0,0.03869220352099052,0.025537273439811926,0.0011287474860396873,2.5537273439811927
416,죽전3동,용인시 수지구,1,경기도,26309.0,0.03800980653008477,0.024742770923468223,0.0010936304748172955,2.4742770923468225
417,중1동,부천시 원미구,1,경기도,40284.0,0.024823751365306325,0.009390484573028846,0.000415059418127875,0.9390484573028846
418,중계4동,노원구,1,서울특별시,18604.0,0.05375188131584605,0.043070984846506184,0.0019037375302155735,4.307098484650618
419,중계본동,노원구,2,서울특별시,22229.0,0.08997255836969724,0.08524206626461246,0.0037676993288958713,8.524206626461247
420,중곡3동,광진구,1,서울특별시,15131.0,0.06608948516291058,0.05743543462101914,0.0025386462102490463,5.743543462101915
421,중곡4동,광진구,4,서울특별시,26857.0,0.14893696243065122,0.1538932590826721,0.006802082051454107,15.38932590826721
422,중동,부천시 원미구,3,경기도,21210.0,0.14144271570014144,0.14516784269772073,0.006416418647239257,14.516784269772073
423,중앙동,관악구,1,서울특별시,15153.0,0.06599353263380188,0.05732371882091689,0.002533708371884527,5.73237188209169
424,중앙동,용인시 처인구,1,경기도,26797.0,0.03731761018024406,0.023936859190149453,0.001058009176204606,2.393685919014945
425,중화1동,중랑구,1,서울특별시,17818.0,0.056123021663486365,0.0458316608135907,0.002025759407960709,4.58316608135907
426,중화2동,중랑구,1,서울특별시,25604.0,0.03905639743790033,0.02596129785269488,0.001147489365089114,2.596129785269488
427,증산동,은평구,1,서울특별시,15217.0,0.06571597555365709,0.05700056411545527,0.002519424933903123,5.700056411545527
428,진건읍,남양주시,4,경기도,19618.0,0.20389438270975635,0.21787919290918528,0.00963026032658599,21.787919290918527
429,진관동,은평구,2,서울특별시,53688.0,0.037252272388615705,0.023860787577066632,0.0010546468109063451,2.3860787577066627
430,진접읍,남양주시,6,경기도,94674.0,0.06337537233031244,0.05427544197175824,0.002398974535151714,5.427544197175823
431,창2동,도봉구,2,서울특별시,27524.0,0.07266385699752942,0.0650898572453786,0.002876971690245734,6.508985724537859
432,창3동,도봉구,1,서울특별시,12679.0,0.07887057338906854,0.07231622526432928,0.0031963771566833545,7.231622526432928
433,창4동,도봉구,1,서울특별시,25942.0,0.03854752910338447,0.025368831623141543,0.0011213023577428562,2.536883162314154
434,창5동,도봉구,1,서울특별시,23272.0,0.042970092815400485,0.03051794283657645,0.0013488930733766792,3.051794283657645
435,창신1동,종로구,1,서울특별시,4392.0,0.22768670309653916,0.24558016268026264,0.01085464319046761,24.558016268026265
436,창신2동,종로구,4,서울특별시,7154.0,0.5591277606933184,0.6314710118335335,0.02791101872304218,63.14710118335335
437,창신3동,종로구,1,서울특별시,6090.0,0.16420361247947454,0.17166794455399767,0.007587723149286698,17.166794455399767
438,천연동,서대문구,1,서울특별시,16286.0,0.06140243153628883,0.051978382567424805,0.0022974445094801764,5.197838256742481
439,천호1동,강동구,2,서울특별시,24884.0,0.08037293039704228,0.07406539244881147,0.003273690346237467,7.406539244881147
440,천호2동,강동구,3,서울특별시,35248.0,0.08511121198365865,0.07958208829284638,0.00351752830254381,7.958208829284638
441,천호3동,강동구,1,서울특별시,27188.0,0.036780932764454904,0.023312015348526765,0.0010303910784048831,2.3312015348526764
442,철산2동,광명시,1,경기도,17340.0,0.05767012687427912,0.04763292752403119,0.002105375396562179,4.763292752403119
443,철산4동,광명시,1,경기도,8934.0,0.11193194537721066,0.11080898474072885,0.004897757125540215,11.080898474072885
444,청량리동,동대문구,1,서울특별시,17849.0,0.05602554764972827,0.045718173576335834,0.002020743272074044,4.571817357633583
445,청룡동,관악구,1,서울특별시,36033.0,0.027752338134487832,0.012800185360772976,0.0005657681929461656,1.2800185360772975
446,청천2동,부평구,5,인천광역시,32648.0,0.15314873805439844,0.15879695352437923,0.007018825345777562,15.879695352437922
447,청파동,용산구,1,서울특별시,18656.0,0.05360205831903945,0.042896548631875454,0.0018960274495288952,4.289654863187545
448,청학동,연수구,3,인천광역시,21806.0,0.13757681372099423,0.14066684270606816,0.006217474447608213,14.066684270606816
449,춘의동,부천시 원미구,1,경기도,13434.0,0.07443799315170463,0.06715545199097912,0.0029682709780012775,6.715545199097912
450,충현동,서대문구,2,서울특별시,19220.0,0.1040582726326743,0.1016418094867792,0.004492567979315641,10.16418094867792
451,충훈동,안양시 만안구,2,경기도,11658.0,0.171556013038257,0.18022821199797626,0.007966086970310551,18.022821199797626
452,태평1동,성남시 수정구,1,경기도,13514.0,0.07399733609590055,0.06664240292372539,0.0029455942092286623,6.664240292372539
453,태평2동,성남시 수정구,5,경기도,13595.0,0.3677822728944465,0.4086909093810997,0.018064138194644606,40.86909093810996
454,태평3동,성남시 수정구,1,경기도,11497.0,0.08697921196833956,0.0817569670044144,0.0036136579415951167,8.17569670044144
455,태평4동,성남시 수정구,5,경기도,10850.0,0.4608294930875576,0.5170241106809617,0.022852465692098506,51.70241106809617
456,통진읍,김포시,2,경기도,34735.0,0.0575788109975529,0.047526610094722456,0.002100676166186733,4.752661009472246
457,퇴계원읍,남양주시,2,경기도,26167.0,0.07643214736118012,0.06947720979255254,0.0030708926728308223,6.947720979255253
458,평내동,남양주시,4,경기도,37353.0,0.10708644553315665,0.10516745661216241,0.004648401582257579,10.516745661216241
459,포곡읍,용인시 처인구,3,경기도,30694.0,0.09773897178601682,0.09428436141606275,0.004167368774589974,9.428436141606275
460,풍납1동,송파구,1,서울특별시,10668.0,0.09373828271466067,0.08962643124248115,0.003961488260917667,8.962643124248114
461,풍납2동,송파구,2,서울특별시,22805.0,0.08770006577504934,0.08259624409821674,0.00365075398914118,8.259624409821674
462,풍덕천1동,용인시 수지구,1,경기도,33894.0,0.029503746975865938,0.014839319105742389,0.0006558979044738137,1.4839319105742388
463,풍덕천2동,용인시 수지구,1,경기도,41233.0,0.024252419178813087,0.008725292806525705,0.0003856579420484362,0.8725292806525705
464,풍무동,김포시,1,경기도,59672.0,0.016758278589623275,0.0,0.0,0.0
465,풍산동,고양시 일산동구,2,경기도,41995.0,0.04762471722824146,0.035937238141100614,0.0015884259258366472,3.5937238141100614
466,하계1동,노원구,1,서울특별시,24995.0,0.040008001600320066,0.027069233426387996,0.0011964601174463494,2.7069233426387993
467,하성면,김포시,3,경기도,7588.0,0.3953610964681075,0.4408004365611497,0.019483379296002818,44.08004365611497
468,하안1동,광명시,1,경기도,24230.0,0.041271151465125874,0.028539896045775223,0.0012614634052232649,2.853989604577522
469,하안2동,광명시,1,경기도,12430.0,0.08045052292839903,0.07415573203446907,0.0032776833559235333,7.415573203446907
470,하안3동,광명시,2,경기도,18059.0,0.11074810343872861,0.10943065891043942,0.004836835123841423,10.943065891043942
471,하점면,강화군,1,인천광역시,3987.0,0.25081514923501375,0.27250819563033124,0.012044862246860641,27.250819563033126
472,학익1동,미추홀구,1,인천광역시,41346.0,0.024186136506554445,0.008648121085956455,0.00038224695199927535,0.8648121085956455
473,합정동,마포구,3,서울특별시,15564.0,0.19275250578257516,0.20490690643458118,0.009056885264408489,20.490690643458116
474,항동,구로구,1,서울특별시,15850.0,0.06309148264984228,0.05394491433388255,0.002384365213557609,5.394491433388255
475,행당1동,성동구,1,서울특별시,15618.0,0.06402868485081316,0.05503608196345531,0.0024325948227847246,5.50360819634553
476,행신1동,고양시 덕양구,1,경기도,19783.0,0.050548450689986354,0.039341288310476896,0.001738884943323079,3.9341288310476896
477,행신2동,고양시 덕양구,1,경기도,29339.0,0.034084324619107674,0.02017240309111107,0.0008916202166271092,2.0172403091111066
478,행신4동,고양시 덕양구,1,경기도,18793.0,0.053211302080561906,0.04244159818677556,0.0018759186398554799,4.244159818677556
479,행운동,관악구,2,서울특별시,28423.0,0.07036554902719629,0.06241397870239328,0.002758697858645783,6.241397870239328
480,행주동,고양시 덕양구,2,경기도,11760.0,0.17006802721088435,0.17849577692002822,0.007889513339865248,17.84957769200282
481,호계1동,안양시 동안구,1,경기도,27095.0,0.036907178446207785,0.023459000920220238,0.0010368878406737346,2.3459000920220237
482,호계2동,안양시 동안구,1,경기도,27135.0,0.03685277317118113,0.023395657839158767,0.0010340880764908177,2.3395657839158766
483,호계3동,안양시 동안구,3,경기도,23977.0,0.12511990657713642,0.12616349025353407,0.005576426269206207,12.616349025353408
484,호평동,남양주시,4,경기도,55546.0,0.07201238613041443,0.06433136145752281,0.0028434461764225085,6.4331361457522815
485,홍제2동,서대문구,1,서울특별시,11911.0,0.08395600705230459,0.07823710401377562,0.0034580799974088827,7.8237104013775625
486,화곡1동,강서구,2,서울특별시,49454.0,0.04044162251789542,0.027574090444728014,0.0012187747976569784,2.757409044472802
487,화곡4동,강서구,1,서울특별시,18984.0,0.052675937631689845,0.04181828300886828,0.001848368108991978,4.181828300886828
488,화곡6동,강서구,1,서울특별시,25380.0,0.039401103230890466,0.026362632594170522,0.0011652283606623372,2.6362632594170523
489,화곡본동,강서구,1,서울특별시,31763.0,0.03148317224443535,0.0171439282669072,0.0007577616293972983,1.71439282669072
490,화도면,강화군,1,인천광역시,4492.0,0.22261798753339268,0.23967874851340779,0.010593800684292625,23.967874851340778
491,화도읍,남양주시,15,경기도,63471.0,0.23632840194734606,0.2556415368861152,0.011299355930366291,25.56415368861152
492,화수2동,동구,2,인천광역시,6636.0,0.3013863773357444,0.33138736496443355,0.014647321531427964,33.13873649644336
493,효성1동,계양구,5,인천광역시,25559.0,0.1956258069564537,0.20825223920023384,0.009204748972650336,20.825223920023383
494,효성2동,계양구,5,인천광역시,29178.0,0.1713619850572349,0.18000230871701584,0.007956102045292101,18.000230871701586
495,효창동,용산구,1,서울특별시,10403.0,0.09612611746611553,0.09240654420301125,0.004084369253773098,9.240654420301126
496,후암동,용산구,1,서울특별시,15673.0,0.06380399413003254,0.05477447860728821,0.0024210319544421387,5.47744786072882
497,휘경2동,동대문구,2,서울특별시,23531.0,0.08499426288725512,0.07944592656790472,0.003511509954301389,7.944592656790473
498,흑석동,동작구,4,서울특별시,29825.0,0.13411567476948869,0.13663710101166765,0.006039359864715711,13.663710101166766
