시도명,시군구명,행정동,전체인구,공원면적합계,여가환경_원값,여가환경_정규화,여가환경_가중치
서울특별시,종로구,청운효자동,10814,202176.1,18.695773996670983,0.0443631124903159,0.0023201907832435214
서울특별시,종로구,사직동,8907,275981.1,30.98474233748737,0.0735235465536846,0.0038452814847577043
서울특별시,종로구,삼청동,2099,468348.2,223.12920438303956,0.5294622194129038,0.027690874075294872
서울특별시,종로구,부암동,8904,1258.0,0.1412848158131177,0.0003352540621322,1.753378744951406e-05
서울특별시,종로구,평창동,16974,28477.0,1.6776835159655945,0.0039809671723237,0.0002082045831125295
서울특별시,종로구,무악동,7657,7245.8,0.9462975055504768,0.0022454648144289,0.00011743780979463148
서울특별시,종로구,교남동,9428,16264.5,1.7251272804412388,0.0040935462536054,0.0002140924690635624
서울특별시,종로구,가회동,3594,10004.6,2.783695047301057,0.0066054166328787,0.00034546328989955603
서울특별시,종로구,종로1.2.3.4가동,6642,514123.8000000001,77.40496838301718,0.1836738784014286,0.009606143840394715
서울특별시,종로구,종로5.6가동,5402,14821.5,2.7437060348019253,0.0065105268968243,0.00034050055670391087
서울특별시,종로구,이화동,7028,5802.0,0.8255549231644849,0.0019589553195177,0.00010245336321077572
서울특별시,종로구,혜화동,15723,208787.5,13.279113400750491,0.0315099445293921,0.0016479700988872067
서울특별시,종로구,창신1동,4392,0.0,0.0,0.0,0.0
서울특별시,종로구,창신2동,7154,660.0,0.0922560805143975,0.0002189140111826,1.144920278484998e-05
서울특별시,종로구,창신3동,6090,3218.0,0.5284072249589491,0.0012538549709535,6.557661498086805e-05
서울특별시,종로구,숭인1동,5679,45615.0,8.032223983095616,0.0190596257835024,0.0009968184284771754
서울특별시,종로구,숭인2동,10277,8450.0,0.8222243845480198,0.0019510523004011,0.00010204003531097754
서울특별시,중구,소공동,2179,15707.8,7.20871959614502,0.0171055361715364,0.0008946195417713537
서울특별시,중구,회현동,4076,0.0,0.0,0.0,0.0
서울특별시,중구,명동,2468,10822.5,4.385129659643436,0.0104054531473274,0.0005442051996052231
서울특별시,중구,필동,4313,0.0,0.0,0.0,0.0
서울특별시,중구,장충동,4554,0.0,0.0,0.0,0.0
서울특별시,중구,광희동,5705,6894.5,1.208501314636284,0.0028676469760198,0.00014997793684583553
서울특별시,중구,을지로동,3018,17927.9,5.940324718356528,0.0140957680466387,0.000737208668839204
서울특별시,중구,신당동,7367,0.0,0.0,0.0,0.0
서울특별시,중구,다산동,12982,2331.0,0.1795563087351717,0.0004260683042158,2.2283372310486338e-05
서울특별시,중구,약수동,15686,0.0,0.0,0.0,0.0
서울특별시,중구,청구동,10678,1655.7,0.155057126802772,0.000367934312856,1.92429645623688e-05
서울특별시,중구,신당5동,9925,151988.80000000002,15.313732997481113,0.0363378836166337,0.0019004713131499423
서울특별시,중구,동화동,9713,5639.6,0.5806239061052199,0.0013777596833219,7.205683143773537e-05
서울특별시,중구,황학동,13108,1087.0,0.0829264571254195,0.0001967757925685,1.029137395133255e-05
서울특별시,중구,중림동,11853,57109.9,4.818181051210664,0.0114330387183557,0.0005979479249700032
서울특별시,용산구,후암동,15673,2522.0,0.160913673195942,0.0003818312837164,1.996977613836772e-05
서울특별시,용산구,용산2가동,8459,0.0,0.0,0.0,0.0
서울특별시,용산구,남영동,6999,5163.0,0.7376768109729961,0.0017504297683807,9.15474768863106e-05
서울특별시,용산구,청파동,18656,7926.4,0.4248713550600342,0.0010081752016149,5.272756304445927e-05
서울특별시,용산구,원효로1동,17014,19429.0,1.14194193017515,0.0027097085317136,0.00014171775620862127
서울특별시,용산구,원효로2동,13347,2557.0,0.1915786319023001,0.0004545960172248,2.377537170085704e-05
서울특별시,용산구,효창동,10403,175542.9,16.874257425742574,0.0400408445513977,0.0020941361700380994
서울특별시,용산구,용문동,11046,1500.0,0.135795763172189,0.0003222291154347,1.685258273723481e-05
서울특별시,용산구,한강로동,20847,23947.8,1.148740826018132,0.0027258415990659,0.00014256151563114656
서울특별시,용산구,이촌1동,24883,12782.0,0.5136840413133464,0.0012189183990629,6.374943227098966e-05
서울특별시,용산구,이촌2동,7719,480.0,0.0621842207539836,0.0001475566393198,7.71721223642554e-06
서울특별시,용산구,이태원1동,5834,2298.0,0.3938978402468289,0.0009346782967998,4.8883674922629536e-05
서울특별시,용산구,이태원2동,8346,5355.0,0.6416247304097772,0.00152250824688,7.9627181311824e-05
서울특별시,용산구,한남동,13735,188735.0,13.74117218784128,0.0326063616101986,0.0017053127122133869
서울특별시,용산구,서빙고동,12154,55740.0,4.586144479183808,0.0108824402489621,0.0005691516250207177
서울특별시,용산구,보광동,6379,0.0,0.0,0.0,0.0
서울특별시,성동구,왕십리2동,15684,35219.2,2.2455496046926804,0.0053284538919492,0.00027867813854894313
서울특별시,성동구,왕십리도선동,25490,14816.9,0.5812828560219694,0.0013793233024204,7.213860871658692e-05
서울특별시,성동구,마장동,21506,3175.5,0.1476564679624291,0.000350373324972,1.8324524896035602e-05
서울특별시,성동구,사근동,11955,5256.0,0.4396486825595985,0.001043240251197,5.45614651376031e-05
서울특별시,성동구,행당1동,15618,0.0,0.0,0.0,0.0
서울특별시,성동구,행당2동,22317,6324.3,0.2833848635569297,0.0006724425842047,3.516874715390581e-05
서울특별시,성동구,응봉동,14396,2419.7,0.1680814115031953,0.000398839575584,2.08593098030432e-05
서울특별시,성동구,금호1가동,14280,0.0,0.0,0.0,0.0
서울특별시,성동구,금호2.3가동,20512,18122.8,0.883521840873635,0.0020965047406599,0.00010964719793651278
서울특별시,성동구,금호4가동,13803,1681.8,0.1218430775918278,0.0002891208547094,1.5121020701301621e-05
서울특별시,성동구,옥수동,25157,66129.89,2.6286874428588463,0.0062375998313946,0.0003262264711819376
서울특별시,성동구,성수1가1동,14865,3013.8,0.202744702320888,0.0004810919321916,2.516110805362068e-05
서울특별시,성동구,성수1가2동,14100,3618.5,0.2566312056737588,0.0006089589576691,3.184855348609393e-05
서울특별시,성동구,성수2가1동,13601,2341.0,0.1721196970810969,0.0004084220040725,2.136047081299175e-05
서울특별시,성동구,성수2가3동,9424,10455.9,1.1094970288624788,0.0026327201809276,0.00013769126546251347
서울특별시,성동구,송정동,9074,721.8,0.0795459554771875,0.0001887542164134,9.871845518420819e-06
서울특별시,성동구,용답동,13072,6046.9,0.4625841493268053,0.0010976637103377,5.740781205066171e-05
서울특별시,광진구,화양동,22806,6288.5,0.2757388406559677,0.0006542993731175,3.421985721404525e-05
서울특별시,광진구,군자동,18460,880.0,0.0476706392199349,0.0001131174312748,5.91604165567204e-06
서울특별시,광진구,중곡1동,14843,995.7,0.0670821262548002,0.0001591788558024,8.32505415846552e-06
서울특별시,광진구,중곡2동,19755,897.8,0.0454467223487724,0.0001078403095926,5.64004819169298e-06
서울특별시,광진구,중곡3동,15131,2248.6,0.1486088163373207,0.0003526331478653,1.844271363335519e-05
서울특별시,광진구,중곡4동,26857,1473.0,0.0548460364150873,0.0001301438968808,6.80652580686584e-06
서울특별시,광진구,능동,10752,2580.0,0.2399553571428571,0.0005693889166331,2.977904033991113e-05
서울특별시,광진구,광장동,32977,1337.0,0.0405434090426661,9.620526095474608e-05,5.03153514793322e-06
서울특별시,광진구,자양1동,21537,3847.6,0.1786506941542461,0.0004239193757182,2.217098335006186e-05
서울특별시,광진구,자양2동,26325,2935.9,0.1115251661918328,0.0002646375322118,1.384054293467714e-05
서울특별시,광진구,자양3동,26638,2283.0,0.0857046324799159,0.0002033681115488,1.063615223400224e-05
서울특별시,광진구,자양4동,19866,3719.3,0.1872193697775093,0.0004442519450269,2.323437672490687e-05
서울특별시,광진구,구의1동,22830,548.4,0.0240210249671484,5.699937498923808e-05,2.9810673119371516e-06
서울특별시,광진구,구의2동,24787,2996.2,0.1208778795336264,0.0002868305408642,1.500123728719766e-05
서울특별시,광진구,구의3동,27531,15499.2,0.5629726490138389,0.0013358750999888,6.986626772941424e-05
서울특별시,동대문구,신설동,16322,14370.4,0.8804313196912142,0.0020891712577619,0.00010926365678094736
서울특별시,동대문구,용두동,22647,24706.6,1.0909436128405527,0.0025886948689931,0.00013538874164833914
서울특별시,동대문구,제기동,22197,5470.0,0.2464296977068973,0.0005847518483199,3.058252166713077e-05
서울특별시,동대문구,전농1동,32249,8181.9,0.2537101925641105,0.0006020276996644,3.148604869244812e-05
서울특별시,동대문구,전농2동,17261,235440.2,13.640009269451363,0.03236631260612,0.0016927581493000761
서울특별시,동대문구,답십리1동,27207,29191.6,1.072944462822068,0.002545984772201,0.0001331550035861123
서울특별시,동대문구,답십리2동,27265,164053.80000000002,6.017010819732258,0.0142777361289648,0.000746725599544859
서울특별시,동대문구,장안1동,37017,23620.7,0.6381041143258503,0.0015141541938521,7.919026433846482e-05
서울특별시,동대문구,장안2동,32802,23567.1,0.718465337479422,0.0017048429550265,8.916328654788595e-05
서울특별시,동대문구,청량리동,17849,222791.0,12.481987786430611,0.0296184489805434,0.0015490448816824196
서울특별시,동대문구,회기동,10187,400.0,0.0392657308334151,9.31734644571248e-05,4.872972191107627e-06
서울특별시,동대문구,휘경1동,16715,4080.3,0.2441100807657792,0.0005792476404004,3.0294651592940918e-05
서울특별시,동대문구,휘경2동,23531,5373.9,0.2283753346649101,0.0005419107368091,2.834193153511593e-05
서울특별시,동대문구,이문1동,29193,1656.0,0.0567259274483609,0.0001346046813016,7.039824832073679e-06
서울특별시,동대문구,이문2동,17951,0.0,0.0,0.0,0.0
서울특별시,중랑구,면목2동,22929,3055.5,0.1332591914169828,0.000316210096477,1.6537788045747097e-05
서울특별시,중랑구,면목4동,17493,3313.7,0.1894300577373806,0.000449497675889,2.35087284489947e-05
서울특별시,중랑구,면목5동,13962,10084.7,0.7222962326314282,0.0017139332677676,8.963870990424548e-05
서울특별시,중랑구,면목본동,31611,4964.3,0.157043434247572,0.0003726476122695,1.948947012169485e-05
서울특별시,중랑구,면목7동,20542,2935.6,0.1429072144873917,0.0003391038441687,1.773513105002301e-05
서울특별시,중랑구,면목3.8동,23421,0.0,0.0,0.0,0.0
서울특별시,중랑구,상봉1동,22813,1492.3,0.0654144566694428,0.000155221650638,8.1180923283674e-06
서울특별시,중랑구,상봉2동,21554,3076.4,0.1427298877238563,0.0003386830663416,1.771312436966568e-05
서울특별시,중랑구,중화1동,17818,1189.8,0.066775171175216,0.0001584504835656,8.28696029048088e-06
서울특별시,중랑구,중화2동,25604,4802.0,0.1875488204967973,0.0004450336970594,2.327526235620662e-05
서울특별시,중랑구,묵1동,32914,563666.0,17.12541775536246,0.0406368216935056,0.002125305774570343
서울특별시,중랑구,묵2동,17572,1224.5,0.0696847256999772,0.0001653545515492,8.64804304602316e-06
서울특별시,중랑구,망우본동,37969,594766.3999999999,15.664526324106506,0.0371702794197016,0.0019440056136503937
서울특별시,중랑구,망우3동,15180,3531.6,0.2326482213438735,0.0005520498491256,2.887220710926888e-05
서울특별시,중랑구,신내1동,36571,313137.4,8.562451122474092,0.0203177992206574,0.001062620899240382
서울특별시,중랑구,신내2동,18931,5505.5,0.2908192911098198,0.0006900837017047,3.6091377599155804e-05
서울특별시,성북구,성북동,15520,157366.6,10.139600515463918,0.0240602094545263,0.0012583489544717255
서울특별시,성북구,삼선동,21603,11834.0,0.547794287830394,0.0012998584395007,6.798259638588661e-05
서울특별시,성북구,동선동,14843,0.0,0.0,0.0,0.0
서울특별시,성북구,돈암1동,13722,211584.0,15.419326628771316,0.0365884462381129,0.0019135757382533047
서울특별시,성북구,돈암2동,22917,1069.0,0.0466465942313566,0.0001106874798306,5.78895519514038e-06
서울특별시,성북구,안암동,15539,1514.0,0.0974322671986614,0.0002311965597514,1.209158007499822e-05
서울특별시,성북구,보문동,15733,15145.9,0.9626835314307508,0.0022843471366866,0.00011947135524870917
서울특별시,성북구,정릉1동,17534,3871.0,0.2207710733432188,0.0005238666215732,2.739822430827836e-05
서울특별시,성북구,정릉2동,21574,3394.0,0.1573189950866784,0.0003733014892636,1.952366788848628e-05
서울특별시,성북구,정릉3동,13783,263.0,0.0190814771820358,4.527834572983096e-05,2.3680574816701594e-06
서울특별시,성북구,정릉4동,23527,99252.0,4.218642410847112,0.0100103963527882,0.0005235437292508228
서울특별시,성북구,길음1동,35420,12954.0,0.365725578769057,0.0008678284725952,4.538742911672896e-05
서울특별시,성북구,길음2동,21337,149068.1,6.986366405774008,0.0165779153520525,0.0008670249729123457
서울특별시,성북구,종암동,36777,6659.0,0.181064252114093,0.0004296464958307,2.247051173194561e-05
서울특별시,성북구,월곡1동,24556,240528.7,9.79510913829614,0.0232427675171152,0.0012155967411451249
서울특별시,성북구,월곡2동,18396,1300.0,0.070667536420961,0.0001676866583974,8.77001223418402e-06
서울특별시,성북구,장위1동,22663,982.0,0.0433305387636235,0.0001028188277082,5.37742468913886e-06
서울특별시,성북구,장위2동,15663,0.0,0.0,0.0,0.0
서울특별시,성북구,장위3동,18654,5691.2,0.3050927415031628,0.0007239531037171,3.786274732440433e-05
서울특별시,성북구,석관동,32781,335020.4,10.21995668222446,0.0242508862174099,0.0012683213491705377
서울특별시,강북구,삼양동,24436,213534.0,8.738500572925192,0.0207355461176627,0.0010844690619537592
서울특별시,강북구,미아동,20206,4957.9,0.2453677125606255,0.0005822318688574,3.045072674124202e-05
서울특별시,강북구,송중동,27311,9562.3,0.3501263227271062,0.0008308130727152,4.345152370300496e-05
서울특별시,강북구,송천동,22419,2130.1,0.095013158481645,0.0002254562682738,1.179136283071974e-05
서울특별시,강북구,삼각산동,29870,9639.8,0.3227251422832273,0.0007657929429994,4.005097091886862e-05
서울특별시,강북구,번1동,16010,2864.8,0.1789381636477202,0.0004246015107011,2.220665900966753e-05
서울특별시,강북구,번2동,14255,1362921.7,95.61008067344792,0.2268727020812089,0.011865442318847225
서울특별시,강북구,번3동,15489,7744.5,0.5,0.0011864476030309,6.205120963851607e-05
서울특별시,강북구,수유1동,19277,5449.2,0.2826788400684754,0.0006707672644536,3.508112793092328e-05
서울특별시,강북구,수유2동,19864,1618.0,0.0814538864277084,0.0001932815366194,1.0108624365194619e-05
서울특별시,강북구,수유3동,22363,5440.8,0.2432947278987613,0.000577312893491,3.01934643295793e-05
서울특별시,강북구,우이동,19307,35335.0,1.83016522504791,0.0043427902888172,0.00022712793210513956
서울특별시,강북구,인수동,27979,1861.0,0.0665141713427928,0.0001578311583144,8.25456957984312e-06
서울특별시,도봉구,창1동,23169,420268.0,18.139237774612628,0.0430425103569938,0.002251123291670776
서울특별시,도봉구,창2동,27524,314409.0,11.423085307368115,0.027105784364289,0.0014176325222523146
서울특별시,도봉구,창3동,12679,332625.0,26.234324473538923,0.0622513027775309,0.0032557431352648663
서울특별시,도봉구,창4동,25942,16785.0,0.6470202760003084,0.0015353113111459,8.029678157293057e-05
서울특별시,도봉구,창5동,23272,3325.0,0.1428755586112066,0.0003390287280919,1.773120247920637e-05
서울특별시,도봉구,도봉1동,19398,6111.0,0.3150324775750077,0.0007475390557915,3.909629261789545e-05
서울특별시,도봉구,도봉2동,25429,103464.0,4.068740414487396,0.0096546946242471,0.0005049405288481233
서울특별시,도봉구,쌍문1동,20472,383825.0,18.748778819851506,0.0444888873811391,0.002326768810033575
서울특별시,도봉구,쌍문2동,17318,1019.0,0.0588405127612888,0.0001396223706534,7.302249985172821e-06
서울특별시,도봉구,쌍문3동,15900,1344.0,0.0845283018867924,0.0002005768023237,1.049016676152951e-05
서울특별시,도봉구,쌍문4동,17597,0.0,0.0,0.0,0.0
서울특별시,도봉구,방학1동,27644,3411.0,0.1233902474316307,0.0002927921266052,1.531302822145196e-05
서울특별시,도봉구,방학2동,17592,4320.0,0.2455661664392905,0.0005827027791147,3.047535534769881e-05
서울특별시,도봉구,방학3동,25359,973.0,0.038369020860444,9.10456656610338e-05,4.7616883140720675e-06
서울특별시,노원구,월계1동,20063,260500.0,12.984100084733091,0.03080990884609,0.001611358232650507
서울특별시,노원구,월계2동,24725,950643.0,38.44865520728008,0.0912346296208789,0.004771571129171966
서울특별시,노원구,월계3동,27758,0.0,0.0,0.0,0.0
서울특별시,노원구,공릉1동,35202,0.0,0.0,0.0,0.0
서울특별시,노원구,공릉2동,40652,0.0,0.0,0.0,0.0
서울특별시,노원구,하계1동,24995,0.0,0.0,0.0,0.0
서울특별시,노원구,하계2동,19559,0.0,0.0,0.0,0.0
서울특별시,노원구,중계본동,22229,5332422.0,239.8858248234289,0.5692239237257013,0.029770411210854178
서울특별시,노원구,중계1동,25933,0.0,0.0,0.0,0.0
서울특별시,노원구,중계4동,18604,0.0,0.0,0.0,0.0
서울특별시,노원구,중계2.3동,31320,0.0,0.0,0.0,0.0
서울특별시,노원구,상계1동,35918,6691885.3,186.3100757280472,0.442094285536099,0.023121531133537977
서울특별시,노원구,상계2동,18557,0.0,0.0,0.0,0.0
서울특별시,노원구,상계3.4동,26523,0.0,0.0,0.0,0.0
서울특별시,노원구,상계5동,22099,0.0,0.0,0.0,0.0
서울특별시,노원구,상계6.7동,30301,0.0,0.0,0.0,0.0
서울특별시,노원구,상계8동,21172,0.0,0.0,0.0,0.0
서울특별시,노원구,상계9동,18943,0.0,0.0,0.0,0.0
서울특별시,노원구,상계10동,17740,0.0,0.0,0.0,0.0
서울특별시,은평구,녹번동,35111,76243.1,2.171487567998633,0.0051527124401268,0.00026948686061863163
서울특별시,은평구,불광1동,33893,771661.9999999999,22.76759212816805,0.0540251102145009,0.0028255132642183967
서울특별시,은평구,불광2동,26204,8508.1,0.3246870706762326,0.0007704483934778,4.029445097888894e-05
서울특별시,은평구,갈현1동,14003,6178.8,0.4412483039348711,0.0010470359850899,5.475998202020177e-05
서울특별시,은평구,갈현2동,26729,4434.9,0.1659209098731714,0.0003937129316234,2.059118632390382e-05
서울특별시,은평구,구산동,30587,233882.4,7.646464184130513,0.0181442582058467,0.0009489447041657824
서울특별시,은평구,대조동,26992,5470.5,0.2026711618257261,0.0004809174283032,2.515198150025736e-05
서울특별시,은평구,응암1동,31953,210406.8,6.584884048446155,0.0156252397910308,0.0008172000410709108
서울특별시,은평구,응암2동,26701,25873.2,0.9689974158271226,0.0022993293227024,0.00012025492357733552
서울특별시,은평구,응암3동,22831,6155.4,0.2696071131356489,0.0006397494262797,3.345889499442831e-05
서울특별시,은평구,역촌동,44376,76524.5,1.7244569136470165,0.0040919555434531,0.00021400927492259712
서울특별시,은평구,신사1동,25673,2714.5,0.1057336501382775,0.0002508948715325,1.312180178114975e-05
서울특별시,은평구,신사2동,19253,6491.0,0.3371422635433438,0.0008000032609228,4.184017054626244e-05
서울특별시,은평구,증산동,15217,2244.6,0.1475060787277387,0.000350016467078,1.83058612281794e-05
서울특별시,은평구,수색동,21130,4497.0,0.2128253667770941,0.0005050122925537,2.641214290055851e-05
서울특별시,은평구,진관동,53688,687624.5,12.80778758754284,0.0303915377667385,0.0015894774252004234
서울특별시,서대문구,천연동,16286,113021.7,6.939807196364976,0.0164674352272478,0.0008612468623850599
서울특별시,서대문구,북아현동,15111,4626.0,0.3061346039309112,0.0007264253340772,3.799204497223756e-05
서울특별시,서대문구,충현동,19220,381.3,0.0198387096774193,4.707517908800074e-05,2.4620318663024387e-06
서울특별시,서대문구,신촌동,20387,14974.9,0.7345318094864374,0.0017429670094302,9.115717459319947e-05
서울특별시,서대문구,연희동,33044,136983.8,4.1454969132066335,0.0098368297520921,0.0005144661960344169
서울특별시,서대문구,홍1동,24286,0.0,0.0,0.0,0.0
서울특별시,서대문구,홍3동,17276,0.0,0.0,0.0,0.0
서울특별시,서대문구,홍2동,11911,0.0,0.0,0.0,0.0
서울특별시,서대문구,홍은1동,23254,18894.0,0.8125053754192827,0.0019279901102318,0.00010083388276512313
서울특별시,서대문구,홍은2동,27139,1000409.8,36.86244150484543,0.0874707107305822,0.004574718171209449
서울특별시,서대문구,남가좌1동,17109,15129.8,0.884318195101993,0.0020983944057907,0.00010974602742285361
서울특별시,서대문구,남가좌2동,28413,11218.3,0.3948298314151972,0.0009368898141753,4.899933728136819e-05
서울특별시,서대문구,북가좌1동,17191,33653.0,1.9575940899307775,0.0046451656314117,0.00024294216252283192
서울특별시,서대문구,북가좌2동,29548,10386.5,0.3515127927440097,0.0008341030207716,4.362358798635468e-05
서울특별시,마포구,아현동,28884,24439.8,0.8461362692147901,0.0020077926968948,0.00010500755804759805
서울특별시,마포구,공덕동,35842,6829.0,0.1905306623514313,0.0004521092953014,2.364531614426322e-05
서울특별시,마포구,도화동,20197,3583.0,0.1774025845422587,0.0004209577424033,2.201608992769259e-05
서울특별시,마포구,용강동,21162,10831.0,0.5118136282014932,0.0012144801047564,6.351730947875971e-05
서울특별시,마포구,대흥동,14235,533831.1,37.50130663856691,0.0889866707437099,0.0046540028798960275
서울특별시,마포구,염리동,16758,4036.8,0.2408879341210168,0.0005716018240738,2.989477539905974e-05
서울특별시,마포구,신수동,21943,13797.2,0.6287745522490088,0.0014920161207253,7.803244311393319e-05
서울특별시,마포구,서강동,24276,84554.0,3.483028505519855,0.0082648616433247,0.00043225226394588175
서울특별시,마포구,서교동,23472,13509.0,0.5755368098159509,0.0013656885369243,7.14255104811409e-05
서울특별시,마포구,합정동,15564,19416.0,1.2474942174248265,0.0029601730481172,0.00015481705041652956
서울특별시,마포구,망원1동,18400,4766.0,0.2590217391304348,0.0006146314430484,3.2145224471431316e-05
서울특별시,마포구,망원2동,17186,1566.0,0.0911206796229489,0.0002162198238503,1.130829678737069e-05
서울특별시,마포구,연남동,13779,1987.0,0.144204949560926,0.0003421832335035,1.7896183112233048e-05
서울특별시,마포구,성산1동,18309,105730.0,5.774755584685128,0.013702889843078,0.0007166611387929794
서울특별시,마포구,성산2동,38053,37880.0,0.9954537093001866,0.0023621073346548,0.00012353821360244603
서울특별시,마포구,상암동,29076,239869.0,8.249724858990232,0.0195757325692269,0.0010238108133705669
서울특별시,양천구,목1동,30029,23845.5,0.794082387025875,0.0018842742893918,9.854754533519114e-05
서울특별시,양천구,목2동,27813,262132.0,9.424801351885808,0.0223640659459748,0.001169640648974482
서울특별시,양천구,목3동,20586,4869.1,0.2365248226950354,0.0005612486178876,2.935330271552148e-05
서울특별시,양천구,목4동,23650,3763.8,0.1591458773784355,0.0003776364894957,1.975038840062511e-05
서울특별시,양천구,목5동,40466,69888.2,1.7270844659714328,0.0040981904497674,0.00021433536052283504
서울특별시,양천구,신월1동,18473,4968.2,0.2689438640177556,0.0006381756056274,3.3376584174313015e-05
서울특별시,양천구,신월2동,20398,5978.1,0.2930728502794392,0.0006954311614549,3.6371049744091267e-05
서울특별시,양천구,신월3동,13596,2157.5,0.1586863783465725,0.0003765461464458,1.969336345911534e-05
서울특별시,양천구,신월4동,16662,5060.6,0.3037210418917297,0.0007206982042849,3.7692516084100264e-05
서울특별시,양천구,신월5동,13646,3373.4,0.2472079730323904,0.0005865986141088,3.067910751789024e-05
서울특별시,양천구,신월6동,13636,4255.6,0.3120856556174831,0.0007405465560953,3.873058488378419e-05
서울특별시,양천구,신월7동,17881,112077.8,6.267982775012583,0.0148732662785054,0.0007778718263658324
서울특별시,양천구,신정1동,19450,30508.2,1.5685449871465296,0.0037219928804923,0.0001946602276497473
서울특별시,양천구,신정2동,18475,2161.0,0.1169688768606224,0.000277554887161,1.45161205985203e-05
서울특별시,양천구,신정3동,47123,1515092.9,32.151877002737514,0.0762930348056853,0.003990125720337342
서울특별시,양천구,신정4동,31021,9670.1,0.3117275394087876,0.0007396967838605,3.868614179590415e-05
서울특별시,양천구,신정6동,23894,48918.2,2.0473005775508497,0.004858029725838,0.0002540749546613274
서울특별시,양천구,신정7동,27700,149587.9,5.400285198555957,0.01281431085902,0.000670188457926746
서울특별시,강서구,염창동,41039,117178.6,2.8552986183873874,0.0067753244034463,0.0003543494663002415
서울특별시,강서구,등촌1동,24877,3878.0,0.155886963862202,0.0003699034292361,1.934594934904803e-05
서울특별시,강서구,등촌2동,18964,853.9,0.0450274203754482,0.0001068453499502,5.58801180239546e-06
서울특별시,강서구,등촌3동,28443,43523.3,1.530193720774883,0.0036309893443726,0.000189900742710687
서울특별시,강서구,화곡1동,49454,13264.5,0.2682189509443118,0.0006364554628706,3.328662070813238e-05
서울특별시,강서구,화곡2동,16678,3003.1,0.1800635567813886,0.0004272719506729,2.234632302019267e-05
서울특별시,강서구,화곡3동,20498,6424.0,0.3133964289198946,0.0007436568837809,3.889325502174107e-05
서울특별시,강서구,화곡4동,18984,922117.1,48.57338284871471,0.1152595473039208,0.006028074323995058
서울특별시,강서구,화곡본동,31763,15179.0,0.4778830714982842,0.0011339664494163,5.930644530447249e-05
서울특별시,강서구,화곡6동,25380,77987.2,3.072781717888101,0.007291389007651,0.0003813396451001473
서울특별시,강서구,화곡8동,22343,34883.0,1.561249608378463,0.0037046817111871,0.00019375485349508535
서울특별시,강서구,가양1동,33399,731348.3,21.89731129674541,0.0519600250016906,0.002717509307588418
서울특별시,강서구,가양2동,12885,34417.4,2.671121459060924,0.0063382913050145,0.00033149263525225837
서울특별시,강서구,가양3동,13360,26738.0,2.001347305389221,0.0047489874266228,0.00024837204241237246
서울특별시,강서구,발산1동,34614,126549.1,3.656009129254059,0.0086753265361252,0.000453719577839348
서울특별시,강서구,우장산동,43668,378781.2,8.674113767518548,0.0205827629757796,0.0010764785036332732
서울특별시,강서구,공항동,28555,33209.6,1.163004727718438,0.0027596883430303,0.0001443317003404847
서울특별시,강서구,방화1동,40180,35822.5,0.8915505226480837,0.0021155559611535,0.00011064357676832805
서울특별시,강서구,방화2동,22698,398099.8,17.538981408053573,0.0416181649023778,0.0021766300243943586
서울특별시,강서구,방화3동,21268,272045.5,12.791306187699831,0.0303524291320619,0.0015874320436068373
서울특별시,구로구,신도림동,35634,11484.0,0.3222764775214682,0.0007647283085371,3.9995290536490325e-05
서울특별시,구로구,구로1동,20057,0.0,0.0,0.0,0.0
서울특별시,구로구,구로2동,21691,6786.389999999999,0.3128666267115393,0.0007423997186605,3.882750528594415e-05
서울특별시,구로구,구로3동,22661,1437.0,0.0634129120515423,0.0001504721950095,7.86969579899685e-06
서울특별시,구로구,구로4동,17688,8451.0,0.4777815468113975,0.0011337255419735,5.929384584521405e-05
서울특별시,구로구,구로5동,28473,24012.5,0.8433428160011238,0.0020011641251557,0.00010466088374564312
서울특별시,구로구,가리봉동,8746,0.0,0.0,0.0,0.0
서울특별시,구로구,고척1동,26107,5247.0,0.2009805799210939,0.0004769058546062,2.494217619590426e-05
서울특별시,구로구,고척2동,24885,274168.3,11.017412095639942,0.0261431643449515,0.0013672874952409635
서울특별시,구로구,개봉1동,33099,84361.1,2.548750717544337,0.0060479183591075,0.00031630613018132224
서울특별시,구로구,개봉2동,29119,1797.4,0.0617260208111542,0.000146469378872,7.6603485150056e-06
서울특별시,구로구,개봉3동,18606,418929.2,22.515812103622487,0.0534276626012746,0.0027942667540466616
서울특별시,구로구,오류1동,22767,2397.2,0.1052927482760135,0.0002498486576172,1.306708479337956e-05
서울특별시,구로구,오류2동,35684,179774.6,5.0379609909203005,0.0119545534836812,0.0006252231471965268
서울특별시,구로구,수궁동,21733,60057.4,2.763419684350987,0.0065573053213333,0.0003429470683057316
서울특별시,구로구,항동,15850,206713.9,13.04188643533123,0.0309470298004002,0.0016185296585609305
서울특별시,금천구,가산동,25415,3650.6,0.1436395829234704,0.0003408416777198,1.782601974474554e-05
서울특별시,금천구,독산1동,47430,44901.8,0.946696183849884,0.0022464108362544,0.00011748728673610511
서울특별시,금천구,독산2동,17094,6005.0,0.3512928512928513,0.0008335811227565,4.359629272016495e-05
서울특별시,금천구,독산3동,22590,12462.1,0.5516644532979195,0.0013090419365853,6.846289328341119e-05
서울특별시,금천구,독산4동,13789,35649.7,2.58537239828849,0.0061348177697833,0.0003208509693596666
서울특별시,금천구,시흥1동,31189,7957.5,0.2551380294334541,0.0006054158069267,3.166324670226641e-05
서울특별시,금천구,시흥2동,19807,0.0,0.0,0.0,0.0
서울특별시,금천구,시흥3동,9965,10259.9,1.0295935775213243,0.0024431176642923,0.00012777505384248727
서울특별시,금천구,시흥4동,18327,13248.3,0.7228842691111474,0.0017153286167113,8.971168665400099e-05
서울특별시,금천구,시흥5동,17203,11954.4,0.6949020519676801,0.0016489297477966,8.623902580976218e-05
서울특별시,영등포구,영등포본동,20288,66957.0,3.300325315457413,0.0078313261194933,0.0004095783560494996
서울특별시,영등포구,영등포동,31180,14886.0,0.477421423989737,0.0011328710082564,5.924915373180972e-05
서울특별시,영등포구,여의동,34000,26438.0,0.7775882352941177,0.0018451353958194,9.650058120135462e-05
서울특별시,영등포구,당산1동,21095,11154.0,0.5287508888362171,0.0012546704493203,6.561926449945169e-05
서울특별시,영등포구,당산2동,36279,11776.0,0.3245954960169795,0.0007702310964079,4.028308634213317e-05
서울특별시,영등포구,도림동,17595,4930.0,0.2801932367149758,0.0006648691881719,3.477265854139037e-05
서울특별시,영등포구,문래동,31124,29271.0,0.9404639506490168,0.002231622399969,0.00011671385151837871
서울특별시,영등포구,양평1동,18186,1467.0,0.080666446717255,0.0001914130247054,1.0010901192092421e-05
서울특별시,영등포구,양평2동,22477,13089.0,0.5823286025715175,0.0013818047493946,7.226838839333757e-05
서울특별시,영등포구,신길1동,18950,17402.0,0.918311345646438,0.0021790565897566,0.00011396465964427016
서울특별시,영등포구,신길3동,15974,3393.4,0.2124327031426067,0.0005040805428978,2.636341239355494e-05
서울특별시,영등포구,신길4동,11784,15909.0,1.350050916496945,0.0032035293476949,0.00016754458488444325
서울특별시,영등포구,신길5동,9523,23873.0,2.506878084637194,0.005948558989217,0.00031110963513604907
서울특별시,영등포구,신길6동,17751,2361.0,0.1330065911779618,0.0003156107025808,1.650643974497584e-05
서울특별시,영등포구,신길7동,19444,4643.1,0.238793458136186,0.0005666318520502,2.9634845862225458e-05
서울특별시,영등포구,대림1동,13208,10242.0,0.7754391278013325,0.0018400357889525,9.623387176221574e-05
서울특별시,영등포구,대림2동,11444,1632.0,0.1426074799021321,0.0003383926054083,1.769793326285409e-05
서울특별시,영등포구,대림3동,20753,12667.0,0.6103695851202235,0.0014483430624577,7.57483421665377e-05
서울특별시,동작구,노량진1동,32739,131913.5,4.0292464644613455,0.0095609796195618,0.0005000392341030822
서울특별시,동작구,노량진2동,7766,413203.0,53.206670100437805,0.1262538524118419,0.006603076481139331
서울특별시,동작구,상도1동,43831,5474.2,0.1248933403299034,0.0002963588085378,1.549956568652694e-05
서울특별시,동작구,상도2동,26850,7998.8,0.2979068901303538,0.0007069018314431,3.697096578447413e-05
서울특별시,동작구,상도3동,23357,361516.3,15.477856745301194,0.0367273320710369,0.0019208394673152298
서울특별시,동작구,상도4동,28748,259.0,0.0090093223876443,2.137817790350678e-05,1.1180787043534046e-06
서울특별시,동작구,흑석동,29825,388345.8,13.020814752724224,0.0308970289057584,0.0016159146117711643
서울특별시,동작구,사당1동,22166,2172.3,0.0980014436524406,0.00023254715583,1.2162216249909e-05
서울특별시,동작구,사당2동,27649,44874.3,1.62299902347282,0.0038512066022416,0.0002014181052972357
서울특별시,동작구,사당3동,23130,1111398.3,48.05007782101168,0.1140177993123762,0.005963130904037275
서울특별시,동작구,사당4동,13534,3165.8,0.2339145854883996,0.0005550547985333,2.9029365963291588e-05
서울특별시,동작구,사당5동,13785,39143.7,2.839586507072905,0.0067380412098311,0.00035239955527416653
서울특별시,동작구,대방동,33586,4796.6,0.1428154588221283,0.0003388861175905,1.772374394998315e-05
서울특별시,동작구,신대방1동,22776,6365.0,0.2794608359676853,0.0006631312779497,3.468176583676931e-05
서울특별시,동작구,신대방2동,22004,0.0,0.0,0.0,0.0
서울특별시,관악구,보라매동,22926,1088.0,0.0474570356800139,0.000112610572459,5.8895329396057e-06
서울특별시,관악구,청림동,14203,0.0,0.0,0.0,0.0
서울특별시,관악구,성현동,29597,0.0,0.0,0.0,0.0
서울특별시,관악구,행운동,28423,66322.0,2.333391971290856,0.0055368946225392,0.00028957958875880016
서울특별시,관악구,낙성대동,17563,597.0,0.0339919148209303,8.065925172344759e-05,4.218478865136309e-06
서울특별시,관악구,청룡동,36033,7567.0,0.2100019426636694,0.0004983126030102,2.6061749137433463e-05
서울특별시,관악구,은천동,31380,89101.0,2.8394200127469724,0.0067376461362432,0.00035237889292551937
서울특별시,관악구,중앙동,15153,0.0,0.0,0.0,0.0
서울특별시,관악구,인헌동,25008,3491.0,0.1395953294945617,0.0003312450881462,1.732411811004626e-05
서울특별시,관악구,남현동,17191,7463.0,0.4341225059624222,0.0010301272132417,5.387565325254091e-05
서울특별시,관악구,서원동,22832,129263.0,5.661483882270497,0.0134341079634359,0.0007026038464876975
서울특별시,관악구,신원동,17201,417.0,0.0242427765827568,5.752556833485154e-05,3.0085872239127354e-06
서울특별시,관악구,서림동,23612,3792.0,0.1605963069625614,0.0003810782069026,1.993039022100598e-05
서울특별시,관악구,신사동,22097,990.0,0.0448024618726524,0.0001063115469973,5.56009390795879e-06
서울특별시,관악구,신림동,23306,1931.0,0.0828542006350296,0.0001966043354889,1.0282406746069469e-05
서울특별시,관악구,난향동,14356,978.0,0.0681248258567846,0.0001616530726893,8.45445570165039e-06
서울특별시,관악구,조원동,19847,991.0,0.0499319796442787,0.000118483355127,6.1966794731421e-06
서울특별시,관악구,대학동,24842,1861.0,0.074913453023106,0.000177761773548,9.296940756560401e-06
서울특별시,관악구,삼성동,20033,2010.0,0.1003344481605351,0.0002380831310429,1.245174775354367e-05
서울특별시,관악구,미성동,28412,2771.0,0.0975292130085879,0.000231426601999,1.21036112845477e-05
서울특별시,관악구,난곡동,24180,11476.0,0.4746071133167907,0.0011261929439522,5.889989096870006e-05
서울특별시,서초구,서초1동,19923,2615.0,0.1312553330321738,0.000311455150522,1.62891043723006e-05
서울특별시,서초구,서초2동,24794,24572.0,0.9910462208598856,0.0023516488264641,0.00012299123362407243
서울특별시,서초구,서초3동,31992,9735.0,0.3042948237059265,0.0007220597284012,3.776372379538276e-05
서울특별시,서초구,서초4동,30006,8539.0,0.2845764180497234,0.0006752700181484,3.531662194916132e-05
서울특별시,서초구,잠원동,34920,21340.0,0.6111111111111112,0.0014501026259266,7.584036733596117e-05
서울특별시,서초구,반포본동,210,20029.0,95.37619047619047,0.2263177051533919,0.011836415979522395
서울특별시,서초구,반포1동,33193,19284.0,0.5809658662971109,0.0013785711190219,7.209926952484537e-05
서울특별시,서초구,반포2동,26488,51278.0,1.935895499848988,0.0045936771510283,0.0002402493149987801
서울특별시,서초구,반포3동,23614,19170.0,0.8118065554332176,0.001926331883637,0.00010074715751421511
서울특별시,서초구,반포4동,18257,7621.0,0.41742893136879,0.0009905151101165,5.1803940259092955e-05
서울특별시,서초구,방배본동,19885,985.0,0.0495348252451596,0.0001175409493573,6.14739165138679e-06
서울특별시,서초구,방배1동,16275,467154.0,28.70377880184332,0.068111059114753,0.003562208391701582
서울특별시,서초구,방배2동,17434,77992.0,4.473557416542389,0.0106152829477557,0.0005551792981676231
서울특별시,서초구,방배3동,15437,6845.0,0.4434151713415819,0.0010521777343715,5.502889550762945e-05
서울특별시,서초구,방배4동,25493,6789.0,0.2663083983838701,0.000631921921859,3.30495165132257e-05
서울특별시,서초구,양재1동,40426,194555.0,4.81262059070895,0.0114198443282877,0.0005972578583694466
서울특별시,서초구,양재2동,20712,98862.0,4.773174971031287,0.0113262440064544,0.0005923625615375652
서울특별시,서초구,내곡동,16632,118600.0,7.130832130832131,0.0169207173784831,0.0008849535188946661
서울특별시,강남구,신사동,15039,9041.2,0.6011835893343973,0.0014265456570946,7.460833786604759e-05
서울특별시,강남구,논현1동,20678,36436.8,1.7621046522874555,0.0041812896819921,0.00021868145036818684
서울특별시,강남구,논현2동,20046,4118.4,0.2054474708171206,0.0004875053185994,2.549652816274862e-05
서울특별시,강남구,압구정동,25534,45749.1,1.7916934283700163,0.0042515007469116,0.0002223534890634767
서울특별시,강남구,청담동,25949,80034.9,3.0843153878762184,0.0073187571978741,0.0003827710014488154
서울특별시,강남구,삼성1동,12733,102538.7,8.052988298122987,0.019108897327088,0.0009993953302067024
서울특별시,강남구,삼성2동,30310,8234.7,0.2716826129990102,0.0006446743699557,3.371646954868311e-05
서울특별시,강남구,대치1동,23642,47310.6,2.0011251163184163,0.0047484601952418,0.00024834446821114613
서울특별시,강남구,대치2동,38402,12386.1,0.3225378886516327,0.0007653486097547,4.0027732290170805e-05
서울특별시,강남구,대치4동,18014,3267.8,0.1814033529477073,0.0004304511465731,2.2512594965773128e-05
서울특별시,강남구,역삼1동,34163,42944.8,1.2570558791675204,0.0029828618694284,0.00015600367577110532
서울특별시,강남구,역삼2동,36032,14734.1,0.4089170737122558,0.0009703173638886,5.0747598131373776e-05
서울특별시,강남구,도곡1동,20808,269720.5,12.962346212995,0.0307582891881295,0.0016086585245391727
서울특별시,강남구,도곡2동,31963,21207.8,0.6635109345180364,0.0015744419156874,8.234331219045102e-05
서울특별시,강남구,개포1동,26618,23063.8,0.8664738147118491,0.0020560515611078,0.00010753149664593794
서울특별시,강남구,개포2동,41336,384327.5,9.297646119605186,0.0220623399048704,0.001153860377024722
서울특별시,강남구,개포3동,15532,31159.8,2.0061679114087045,0.0047604262195367,0.0002489702912817694
서울특별시,강남구,개포4동,22959,20092.2,0.8751339344048086,0.0020766011176111,0.00010860623845106053
서울특별시,강남구,세곡동,45820,326592.9,7.127736796158883,0.0169133724736758,0.0008845693803732443
서울특별시,강남구,일원본동,22318,107110.3,4.799278609194372,0.0113881852043123,0.0005956020861855333
서울특별시,강남구,일원1동,14116,17179.2,1.2170019835647492,0.0028878181725685,0.00015103289042533256
서울특별시,강남구,수서동,13490,58462.6,4.333773165307635,0.0102835895681178,0.0005378317344125609
서울특별시,송파구,풍납1동,10668,24037.0,2.253187101612298,0.0053465768717761,0.00027962597039389
서울특별시,송파구,풍납2동,22805,7100.6,0.3113615435211576,0.0007388283139733,3.864072082080359e-05
서울특별시,송파구,거여1동,11757,20253.2,1.7226503359700605,0.0040876687239441,0.00021378507426227642
서울특별시,송파구,거여2동,22945,15631.9,0.6812769666594028,0.0016165988481864,8.454811976014872e-05
서울특별시,송파구,마천1동,15138,33379.5,2.205013872374158,0.0052322668470564,0.0002736475561010497
서울특별시,송파구,마천2동,16971,196454.7,11.575905957221142,0.0274684117517125,0.0014365979346145637
서울특별시,송파구,방이1동,14837,34794.3,2.3451034575722858,0.0055646847521922,0.00029103301253965205
서울특별시,송파구,방이2동,26239,14745.3,0.5619612027897405,0.0013334750440925,6.974074480603775e-05
서울특별시,송파구,오륜동,17416,1447122.3,83.09154225999082,0.1971675222930158,0.010311861415924726
서울특별시,송파구,오금동,36935,343265.2,9.293764721808582,0.0220531297546461,0.001153378686167991
서울특별시,송파구,송파1동,22912,17211.5,0.7512002444134078,0.001782519458761,9.32257676932003e-05
서울특별시,송파구,송파2동,19239,9410.0,0.4891106606372473,0.0011606083418598,6.0699816279267544e-05
서울특별시,송파구,석촌동,30007,52338.5,1.7442096844069717,0.0041388267984959,0.00021646064156133555
서울특별시,송파구,삼전동,28271,176423.4,6.240437197127799,0.0148079035087944,0.000774453353509947
서울특별시,송파구,가락본동,24472,59183.5,2.418416966328865,0.0057386500256603,0.00030013139634203366
서울특별시,송파구,가락1동,27035,20776.9,0.7685185870168301,0.0018236140709016,9.537501590815367e-05
서울특별시,송파구,가락2동,28411,32031.300000000003,1.1274259969730036,0.0026752637434067,0.0001399162937801704
서울특별시,송파구,문정1동,19657,4671.8,0.2376659714096759,0.000563956444202,2.9494922031764597e-05
서울특별시,송파구,문정2동,28651,128711.3,4.492384209975219,0.010659956955638,0.0005575157487798674
서울특별시,송파구,장지동,30611,221679.4,7.241821567410409,0.0171840836804632,0.0008987275764882253
서울특별시,송파구,위례동,44841,252799.6,5.637688722374612,0.0133776445425915,0.0006996508095775354
서울특별시,송파구,잠실본동,27231,12804.1,0.4702030773750505,0.0011157426281787,5.8353339453746005e-05
서울특별시,송파구,잠실2동,34587,11704.9,0.3384190591840865,0.0008030329631778,4.1998623974198936e-05
서울특별시,송파구,잠실3동,33454,33650.4,1.0058707478926288,0.0023868258755922,0.00012483099329347206
서울특별시,송파구,잠실4동,28472,17816.2,0.625744591177297,0.0014848263406237,7.765641761461951e-05
서울특별시,송파구,잠실6동,16166,307271.1,19.00724359767413,0.0451021972133702,0.0023588449142592613
서울특별시,송파구,잠실7동,9314,66027.8,7.089091689929139,0.0168216716863655,0.0008797734291969156
서울특별시,강동구,강일동,34257,176616.9,5.155644101935371,0.0122338031736433,0.0006398279059815446
서울특별시,강동구,상일1동,38927,674044.6,17.31560613455956,0.0410881187867511,0.0021489086125470827
서울특별시,강동구,상일2동,13268,31464.2,2.37143503165511,0.0056271668181014,0.0002943008245867032
서울특별시,강동구,명일1동,24668,42948.9,1.7410775093238204,0.0041313944752565,0.00021607193105591495
서울특별시,강동구,명일2동,16843,4027.7,0.2391319836133705,0.0005674351375322,2.967685769293406e-05
서울특별시,강동구,고덕1동,23691,54315.6,2.2926681018108144,0.0054402611478777,0.0002845256580340037
서울특별시,강동구,고덕2동,26205,255756.0,9.759816828849456,0.0231590225652184,0.0012112168801609224
서울특별시,강동구,암사1동,32596,8918.6,0.2736102589274757,0.0006492484717383,3.395569507191309e-05
서울특별시,강동구,암사2동,14454,2659.7,0.1840113463401134,0.0004366396415914,2.2836253255230222e-05
서울특별시,강동구,암사3동,16896,11413.7,0.6755267518939394,0.0016029541911356,8.383450419639187e-05
서울특별시,강동구,천호1동,24884,4322.0,0.1736859025880083,0.0004121384456116,2.155484070548668e-05
서울특별시,강동구,천호2동,35248,8277.7,0.2348416931457104,0.0005572547278488,2.9144422266492237e-05
서울특별시,강동구,천호3동,27188,2642.0,0.0971752243636898,0.0002305866240405,1.205968043731815e-05
서울특별시,강동구,성내1동,18894,12734.2,0.6739811580395894,0.0015992866588881,8.364269225984763e-05
서울특별시,강동구,성내2동,24237,2290.3,0.0944960184841358,0.0002242291492529,1.172718450592667e-05
서울특별시,강동구,성내3동,21581,3622.2,0.1678420833140262,0.0003982716748712,2.082960859576376e-05
서울특별시,강동구,길동,48131,3979.6,0.0826826785231971,0.000196197331492,1.02611204370316e-05
서울특별시,강동구,둔촌1동,32897,0.0,0.0,0.0,0.0
서울특별시,강동구,둔촌2동,25198,634959.0,25.198785617906186,0.0597940775913092,0.003127230258025471
인천광역시,중구,연안동,5004,0.0,0.0,0.0,0.0
인천광역시,중구,신포동,4424,68112.0,15.396021699819167,0.0365331460839247,0.0019106835401892619
인천광역시,중구,신흥동,14123,95000.0,6.726616158040076,0.0159615552344313,0.0008347893387607569
인천광역시,중구,도원동,3401,494.0,0.1452513966480447,0.0003446663427799,1.8026049727388768e-05
인천광역시,중구,율목동,2971,9785.0,3.293503870750589,0.0078151395460501,0.0004087317982584202
인천광역시,중구,동인천동,5194,0.0,0.0,0.0,0.0
인천광역시,중구,개항동,6449,590614.0,91.58226081563032,0.217315107649713,0.01136558013007999
인천광역시,중구,영종동,29464,2774335.2,94.16016834102636,0.2234322120583959,0.011685504690654104
인천광역시,중구,영종1동,35690,1932408.0,54.14424208461754,0.1284786124784399,0.006719431432622406
인천광역시,중구,영종2동,27501,939369.5,34.15764881277045,0.0810525211181664,0.004239046854480103
인천광역시,중구,용유동,3361,0.0,0.0,0.0,0.0
인천광역시,중구,운서1동,17497,157313.0,8.99085557524147,0.0213343580928847,0.0011157869282578698
인천광역시,중구,운서2동,22446,873267.4,38.90525706139179,0.0923180979715795,0.0048282365239136074
인천광역시,동구,만석동,6055,5014.5,0.8281585466556565,0.0019651334452183,0.0001027764791849171
인천광역시,동구,화수1.화평동,5175,20830.0,4.02512077294686,0.0095511897859454,0.0004995272258049444
인천광역시,동구,화수2동,6636,827.3,0.1246684749849306,0.0002958252266387,1.547165935320401e-05
인천광역시,동구,송현1.2동,9400,5247.8,0.5582765957446809,0.001324731857699,6.928347615765769e-05
인천광역시,동구,송현3동,2593,8111.0,3.1280370227535674,0.0074225040556758,0.00038819696211184434
인천광역시,동구,송림1동,6511,73323.7,11.261511288588542,0.0267223861497028,0.0013975807956294565
인천광역시,동구,송림2동,1142,0.0,0.0,0.0,0.0
인천광역시,동구,송림3.5동,5130,0.0,0.0,0.0,0.0
인천광역시,동구,송림4동,5866,96151.2,16.39127173542448,0.0388947701222454,0.0020341964773934345
인천광역시,동구,송림6동,6396,1354.8,0.2118198874296435,0.0005026263954303,2.628736048100469e-05
인천광역시,동구,금창동,2129,1028.8,0.4832315641146077,0.0011466578619053,5.99702061776472e-05
인천광역시,미추홀구,숭의2동,13397,29775.0,2.222512502799134,0.0052737892633045,0.0002758191784708253
인천광역시,미추홀구,숭의1.3동,17419,0.0,0.0,0.0,0.0
인천광역시,미추홀구,숭의4동,16542,0.0,0.0,0.0,0.0
인천광역시,미추홀구,용현1.4동,16837,3439.3,0.204270356951951,0.0004847121507518,2.5350445484319138e-05
인천광역시,미추홀구,용현2동,22590,5701.1,0.2523727312970341,0.0005988540442354,3.132006651351142e-05
인천광역시,미추홀구,용현3동,6638,0.0,0.0,0.0,0.0
인천광역시,미추홀구,용현5동,44255,87149.0,1.969246412834708,0.0046728153725699,0.0002443882439854058
인천광역시,미추홀구,학익1동,41346,242183.4,5.857480772021477,0.013899188043529,0.0007269275346765666
인천광역시,미추홀구,학익2동,16767,16023.9,0.9556808015745214,0.0022677303925815,0.00011860229953201246
인천광역시,미추홀구,도화1동,20410,0.0,0.0,0.0,0.0
인천광역시,미추홀구,도화2.3동,29660,50204.2,1.692656776803776,0.0040164971511857,0.0002100628010070121
인천광역시,미추홀구,주안1동,19657,7974.2,0.4056671923487815,0.0009626057359809,5.034427999180107e-05
인천광역시,미추홀구,주안2동,21451,344718.1,16.070024707472843,0.0381324845896574,0.0019943289440390822
인천광역시,미추홀구,주안3동,12107,85752.0,7.08284463533493,0.0168068480804669,0.0008789981546084188
인천광역시,미추홀구,주안4동,19802,56544.1,2.8554741945258053,0.0067757410272235,0.00035437125572378907
인천광역시,미추홀구,주안5동,18996,7958.8,0.4189724152453148,0.0009941776356077,5.1995490342282714e-05
인천광역시,미추홀구,주안6동,20874,3422.2,0.1639455782312925,0.00038902567664,2.0346042888272e-05
인천광역시,미추홀구,주안7동,12063,0.0,0.0,0.0,0.0
인천광역시,미추홀구,주안8동,18541,1653.2,0.0891645542311633,0.0002115781432857,1.106553689384211e-05
인천광역시,미추홀구,관교동,13791,356685.5,25.86364295555072,0.061371714380521,0.003209740662101248
인천광역시,미추홀구,문학동,13798,15363.8,1.113480214523844,0.0026421718630883,0.0001381855884395181
인천광역시,연수구,옥련1동,17247,23087.3,1.3386270075955238,0.0031764216090283,0.0001661268501521801
인천광역시,연수구,옥련2동,19620,2362.0,0.1203873598369011,0.0002856665890274,1.4940362606133019e-05
인천광역시,연수구,선학동,17448,914748.4,52.42712058688675,0.1244040631082488,0.006506332500561412
인천광역시,연수구,연수1동,16045,1065301.2,66.39459021502026,0.1575474048296609,0.008239729272591265
인천광역시,연수구,연수2동,19066,77465.1,4.062996957935592,0.0096410660037291,0.000504227751995032
인천광역시,연수구,연수3동,14281,150563.1,10.542896155731391,0.0250171877459426,0.001308398919112798
인천광역시,연수구,청학동,21806,372630.8,17.08845271943502,0.0405491075369615,0.0021207183241830864
인천광역시,연수구,동춘1동,25419,610973.2,24.03608324481687,0.0570351067041289,0.0029829360806259415
인천광역시,연수구,동춘2동,16455,18138.1,1.1022850197508356,0.0026156068390805,0.00013679623768391013
인천광역시,연수구,동춘3동,17385,27584.3,1.5866724187517975,0.0037650073760466,0.00019690988576723717
인천광역시,연수구,송도1동,36414,4486491.45,123.20787197231834,0.2923593687521933,0.015290394985739711
인천광역시,연수구,송도2동,37355,15742372.4,421.4261116316424,1.0,0.0523
인천광역시,연수구,송도3동,49623,4211516.1,84.87024363702315,0.2013881942635914,0.010532602559985829
인천광역시,연수구,송도4동,55361,344292.0,6.219035060782861,0.014757118482062,0.0007717972966118426
인천광역시,연수구,송도5동,46515,155746.0,3.348296248521982,0.0079451561165926,0.000415531664897793
인천광역시,남동구,구월1동,30213,224561.0,7.4325952404594045,0.017636769614684,0.0009224030508479733
인천광역시,남동구,구월2동,36606,4871.0,0.1330656176583073,0.000315750766233,1.65137650739859e-05
인천광역시,남동구,구월3동,27759,11593.0,0.4176303180950322,0.0009909929797137,5.18289328390265e-05
인천광역시,남동구,구월4동,12687,39010.0,3.074800977378419,0.0072961804988154,0.00038159024008804543
인천광역시,남동구,간석1동,18135,10762.0,0.5934381031155225,0.0014081664299772,7.364710428780756e-05
인천광역시,남동구,간석2동,20388,2116.0,0.1037865411026093,0.0002462745858361,1.288016083922803e-05
인천광역시,남동구,간석3동,24734,94681.0,3.8279695965068328,0.0090833707045014,0.00047506028784542325
인천광역시,남동구,간석4동,27702,8081.0,0.291711789762472,0.000692201507479,3.62021388411517e-05
인천광역시,남동구,만수1동,15092,6834.0,0.452822687516565,0.001074500784404,5.6196391024329204e-05
인천광역시,남동구,만수2동,22023,4352.0,0.1976115878853925,0.0004689115895555,2.4524076133752647e-05
인천광역시,남동구,만수3동,15703,2417.0,0.15391963319111,0.0003652351597179,1.910179885324617e-05
인천광역시,남동구,만수4동,18198,21508.0,1.1818881195735795,0.0028044966530375,0.00014667517495386124
인천광역시,남동구,만수5동,13898,3154.0,0.2269391279320765,0.0005385027687378,2.8163694804986943e-05
인천광역시,남동구,만수6동,21717,31539.0,1.4522724133167564,0.0034460902474551,0.00018023051994190174
인천광역시,남동구,장수서창동,18216,2752509.9,151.10396903820816,0.3585538837476787,0.018752368120003596
인천광역시,남동구,서창2동,37436,489304.0,13.070413505716422,0.0310147215489602,0.0016220699370106185
인천광역시,남동구,남촌도림동,18714,100540.0,5.372448434327242,0.0127482571346294,0.0006667338481411176
인천광역시,남동구,논현1동,30871,1587200.0,51.41394836578018,0.12199991160187,0.006380595376777801
인천광역시,남동구,논현2동,30529,355876.0,11.656981886075537,0.0276607964346181,0.0014466596535305267
인천광역시,남동구,논현고잔동,39253,966424.0,24.620385703003592,0.0584215952060503,0.003055449429276431
인천광역시,부평구,부평1동,34426,1200.0,0.0348573752396444,8.271289860205051e-05,4.325884596887242e-06
인천광역시,부평구,부평2동,16647,1553036.0,93.29224484892173,0.2213727205647524,0.01157779328553655
인천광역시,부평구,부평3동,14817,182463.0,12.314436120672202,0.0292208664360976,0.0015282513146079044
인천광역시,부평구,부평4동,32890,61177.0,1.8600486470051687,0.0044137005175203,0.00023083653706631167
인천광역시,부평구,부평5동,32928,17415.0,0.528881195335277,0.0012549796529873,6.563543585123579e-05
인천광역시,부평구,부평6동,19061,7129.0,0.3740097581449032,0.0008874859621223,4.641551581899629e-05
인천광역시,부평구,산곡1동,14226,223875.0,15.737030788696751,0.0373423249161458,0.0019530035931144254
인천광역시,부평구,산곡2동,28614,15020.0,0.5249178723701684,0.0012455751029233,6.514357788288859e-05
인천광역시,부평구,산곡3동,19701,55945.0,2.8397035683467844,0.0067383189839667,0.0003524140828614584
인천광역시,부평구,산곡4동,16205,0.0,0.0,0.0,0.0
인천광역시,부평구,청천1동,22590,232822.0,10.306418769366976,0.0244560516894965,0.001279051503360667
인천광역시,부평구,청천2동,32648,0.0,0.0,0.0,0.0
인천광역시,부평구,갈산1동,13986,47153.0,3.3714428714428712,0.0080000806271581,0.0004184042168003686
인천광역시,부평구,갈산2동,17053,58749.0,3.4450829766023574,0.0081748208796649,0.00042754313200647423
인천광역시,부평구,삼산1동,31291,91159.0,2.913265795276597,0.0069128744395957,0.00036154333319085515
인천광역시,부평구,삼산2동,26874,98397.0,3.661419959812458,0.008688165870018,0.0004543910750019414
인천광역시,부평구,부개1동,14731,11585.0,0.7864367660036657,0.0018661320319208,9.759870526945783e-05
인천광역시,부평구,부개2동,18727,32084.0,1.7132482511881242,0.0040653585620381,0.00021261825279459263
인천광역시,부평구,부개3동,27273,62381.0,2.287280460528728,0.0054274768397075,0.00028385703871670225
인천광역시,부평구,일신동,11155,11045.0,0.9901389511429852,0.0023494959705022,0.00012287863925726505
인천광역시,부평구,십정1동,23648,73000.0,3.086941813261164,0.0073249894300792,0.00038309694719314215
인천광역시,부평구,십정2동,20410,121310.0,5.943655071043606,0.0141036706245644,0.0007376219736647181
인천광역시,계양구,효성1동,25559,29083.0,1.1378770687429085,0.0027000630415077,0.0001412132970708527
인천광역시,계양구,효성2동,29178,142179.0,4.87281513469052,0.0115626796731326,0.0006047281469048349
인천광역시,계양구,계산1동,17252,4132.0,0.2395084627869232,0.0005683284831583,2.9723579669179092e-05
인천광역시,계양구,계산2동,13780,368034.1,26.70784470246734,0.0633749166587284,0.003314508141251495
인천광역시,계양구,계산3동,16960,2769.1000000000004,0.1632724056603773,0.0003874283086736,2.026250054362928e-05
인천광역시,계양구,계산4동,22090,44634.9,2.020593028519692,0.0047946555107763,0.00025076048321360047
인천광역시,계양구,작전1동,25494,21373.1,0.8383580450302032,0.0019893357860155,0.00010404226160861066
인천광역시,계양구,작전2동,23435,7437.0,0.3173458502240239,0.0007530284466602,3.9383387760328463e-05
인천광역시,계양구,작전서운동,31812,131113.4,4.121507607192254,0.0097799056428538,0.0005114890651212537
인천광역시,계양구,계양1동,18527,82289.0,4.441571760133859,0.0105393843370012,0.0005512098008251628
인천광역시,계양구,계양2동,30345,23637.2,0.7789487559729774,0.0018483637688161,9.666942510908203e-05
인천광역시,계양구,계양3동,22940,51498.703,2.244930383609416,0.0053269845452093,0.0002786012917144464
인천광역시,서구,검암경서동,43147,103661.0,2.4025077062136417,0.0057008990186009,0.0002981570186728271
인천광역시,서구,연희동,36166,1250700.5,34.582218105402866,0.0820599795572949,0.004291736930846523
인천광역시,서구,청라1동,30511,176843.5,5.79605715971289,0.013753436248343,0.0007193047157883389
인천광역시,서구,청라2동,47831,982727.6,20.54583011017959,0.0487531017730058,0.002549787222728203
인천광역시,서구,청라3동,36498,689117.3,18.880960600580856,0.0448025408949605,0.0023431728888064344
인천광역시,서구,가정1동,41263,0.0,0.0,0.0,0.0
인천광역시,서구,가정2동,17092,0.0,0.0,0.0,0.0
인천광역시,서구,가정3동,8333,33837.0,4.060602424096964,0.0096353840258627,0.0005039305845526192
인천광역시,서구,석남1동,19690,51186.0,2.5995937023869984,0.0061685634341026,0.000322615867603566
인천광역시,서구,석남2동,11679,0.0,0.0,0.0,0.0
인천광역시,서구,석남3동,12982,2290.0,0.1763980896626097,0.0004185741813188,2.1891429682973238e-05
인천광역시,서구,신현원창동,28623,57685.0,2.0153373161443597,0.0047821842560764,0.00025010823659279573
인천광역시,서구,가좌1동,12291,6840.0,0.5565047595801806,0.0013205274761583,6.906358700307909e-05
인천광역시,서구,가좌2동,18007,18045.0,1.0021102904426056,0.0023779027041364,0.0001243643114263337
인천광역시,서구,가좌3동,14862,54809.0,3.687861660610954,0.0087509092550829,0.0004576725540408357
인천광역시,서구,가좌4동,12134,32678.8,2.693159716499093,0.0063905857804395,0.00033422763631698585
인천광역시,서구,검단동,32148,44410.0,1.3814234166977728,0.0032779730030236,0.00017143798805813428
인천광역시,서구,불로대곡동,44880,11532.0,0.256951871657754,0.0006097198644452,3.188834891048396e-05
인천광역시,서구,원당동,22416,44933.0,2.004505710206995,0.0047564819902737,0.0002487640080913145
인천광역시,서구,당하동,43035,45281.0,1.0521900778436155,0.0024967367915809,0.00013057933419968108
인천광역시,서구,오류왕길동,25311,936662.0,37.00612381968314,0.0878116538066564,0.004592549494088129
인천광역시,서구,마전동,21118,9748.0,0.4615967421157306,0.0010953206965001,5.728527242695523e-05
인천광역시,서구,아라1동,45695,206939.6,4.528714301345881,0.0107461644552872,0.0005620244010115205
인천광역시,서구,아라2동,30837,188012.4,6.096974413853488,0.0144674813581145,0.0007566492750293883
인천광역시,강화군,강화읍,21470,225300.0,10.493712156497438,0.0249004792699454,0.0013022950658181443
인천광역시,강화군,선원면,10094,0.0,0.0,0.0,0.0
인천광역시,강화군,불은면,4967,0.0,0.0,0.0,0.0
인천광역시,강화군,길상면,7210,0.0,0.0,0.0,0.0
인천광역시,강화군,화도면,4492,0.0,0.0,0.0,0.0
인천광역시,강화군,양도면,4192,0.0,0.0,0.0,0.0
인천광역시,강화군,내가면,2886,0.0,0.0,0.0,0.0
인천광역시,강화군,하점면,3987,0.0,0.0,0.0,0.0
인천광역시,강화군,양사면,1919,0.0,0.0,0.0,0.0
인천광역시,강화군,송해면,3175,0.0,0.0,0.0,0.0
인천광역시,강화군,교동면,2639,0.0,0.0,0.0,0.0
인천광역시,강화군,삼산면,2013,0.0,0.0,0.0,0.0
인천광역시,강화군,서도면,362,0.0,0.0,0.0,0.0
인천광역시,강화군,서도면볼음출장소,271,0.0,0.0,0.0,0.0
인천광역시,옹진군,북도면,1153,0.0,0.0,0.0,0.0
인천광역시,옹진군,북도면장봉출장소,944,0.0,0.0,0.0,0.0
인천광역시,옹진군,백령면,4508,0.0,0.0,0.0,0.0
인천광역시,옹진군,대청면,1147,0.0,0.0,0.0,0.0
인천광역시,옹진군,대청면소청출장소,230,0.0,0.0,0.0,0.0
인천광역시,옹진군,덕적면,1854,0.0,0.0,0.0,0.0
인천광역시,옹진군,영흥면,6442,0.0,0.0,0.0,0.0
인천광역시,옹진군,자월면,930,0.0,0.0,0.0,0.0
인천광역시,옹진군,자월면이작출장소,361,0.0,0.0,0.0,0.0
인천광역시,옹진군,연평면,1886,0.0,0.0,0.0,0.0
경기도,성남시,신흥1동,11978,0.0,0.0,0.0,0.0
경기도,성남시,신흥2동,31529,206051.6,6.535304005835897,0.0155075915456046,0.0008110470378351206
경기도,성남시,신흥3동,10616,0.0,0.0,0.0,0.0
경기도,성남시,태평1동,13514,37281.0,2.7586946869912685,0.0065460933977498,0.00034236068470231454
경기도,성남시,태평2동,13595,394759.3,29.03709452004413,0.0689019823845768,0.003603573678713367
경기도,성남시,태평3동,11497,0.0,0.0,0.0,0.0
경기도,성남시,태평4동,10850,0.0,0.0,0.0,0.0
경기도,성남시,수진1동,10725,0.0,0.0,0.0,0.0
경기도,성남시,수진2동,14249,51400.0,3.607270685662152,0.008559675316975,0.0004476710190777925
경기도,성남시,단대동,14120,215038.6,15.229362606232296,0.0361376815197058,0.0018900007434806132
경기도,성남시,산성동,4376,183.0,0.0418190127970749,9.923213498841732e-05,5.189840659894226e-06
경기도,성남시,양지동,8855,348806.5,39.39090909090909,0.0934704993442353,0.004888507115703506
경기도,성남시,복정동,13217,15219.4,1.1515018536732995,0.0027323932283526,0.00014290416584284096
경기도,성남시,위례동,45254,689117.7000000001,15.227774340389802,0.0361339127313022,0.0018898036358471048
경기도,성남시,신촌동,4457,994.0,0.2230199685887368,0.0005292030143202,2.767731764894646e-05
경기도,성남시,고등동,11689,100741.1,8.618453246642142,0.0204506863926251,0.0010695708983342925
경기도,성남시,시흥동,3566,174107.0,48.82417274256871,0.1158546454407757,0.006059197956552569
경기도,성남시,성남동,31801,37308.3,1.1731800886764567,0.0027838334082675,0.00014559448725239024
경기도,성남시,중앙동,16544,8749.0,0.5288322050290135,0.0012548634041244,6.562935603570612e-05
경기도,성남시,금광1동,19574,419120.5,21.41210278941453,0.0508086760607047,0.002657293757974856
경기도,성남시,금광2동,23318,72501.0,3.1092289218629383,0.0073778744032373,0.00038586283128931077
경기도,성남시,은행1동,9257,200832.1,21.695160419142272,0.0514803421533249,0.0026924218946188924
경기도,성남시,은행2동,20697,9462.2,0.4571773687007779,0.00108483398651,5.6736817494473e-05
경기도,성남시,상대원1동,22321,98278.0,4.40293893642758,0.0104477126948319,0.0005464153739397084
경기도,성남시,상대원2동,2896,0.0,0.0,0.0,0.0
경기도,성남시,상대원3동,11019,0.0,0.0,0.0,0.0
경기도,성남시,하대원동,19474,796278.7,40.88932422717469,0.0970260814377704,0.005074464059195392
경기도,성남시,도촌동,25778,289302.3,11.222837303126695,0.0266306168350011,0.0013927812604705575
경기도,성남시,분당동,24346,164199.90000000002,6.744430296557957,0.0160038263183205,0.0008370001164481622
경기도,성남시,수내1동,17919,72711.0,4.0577599196383725,0.0096286390606597,0.0005035778228725023
경기도,성남시,수내2동,10348,426763.6,41.24116737533823,0.0978609683573334,0.005118128645088537
경기도,성남시,수내3동,13215,62050.9,4.695489973514945,0.0111419056482649,0.0005827216654042543
경기도,성남시,정자동,13748,33468.1,2.434397730578993,0.0057765707045386,0.00030211464784736877
경기도,성남시,정자1동,30399,2000.0,0.065791637882825,0.0001561166621311,8.16490142945653e-06
경기도,성남시,정자2동,14032,47146.8,3.359948688711517,0.0079728061360572,0.0004169777609157915
경기도,성남시,정자3동,16436,442718.5,26.93590289608177,0.0639160748530592,0.0033428107148149957
경기도,성남시,서현1동,30642,912800.0,29.78917825207232,0.0706865982668636,0.0036969090893569662
경기도,성남시,서현2동,17273,290625.10000000003,16.825398020031265,0.0399249063018143,0.0020880725995848877
경기도,성남시,이매1동,24586,115427.3,4.694838525990401,0.0111403598315569,0.0005826408191904259
경기도,성남시,이매2동,12766,12846.9,1.0063371455428485,0.0023879325883405,0.00012488887437020816
경기도,성남시,야탑1동,16463,120021.9,7.290402721253721,0.017299361667523,0.000904756615211453
경기도,성남시,야탑2동,15596,15403.7,0.9876699153629136,0.0023436372073361,0.00012257222594367804
경기도,성남시,야탑3동,26519,1673971.0,63.12345865228704,0.1497853524260538,0.007833773931882615
경기도,성남시,판교동,26320,1260495.2,47.89115501519757,0.113640692148326,0.00594340819935745
경기도,성남시,삼평동,23527,372793.1,15.845330896416884,0.0375993097225709,0.0019664438984904583
경기도,성남시,백현동,26202,472604.5,18.036962827265093,0.0427998226247327,0.00223843072327352
경기도,성남시,금곡동,26677,10757.0,0.403231247891442,0.0009568254950559,5.0041973391423573e-05
경기도,성남시,구미1동,16024,188645.3,11.772672241637546,0.0279353175247188,0.0014610171065427933
경기도,성남시,구미동,27879,327201.3,11.736479070267944,0.0278494349218837,0.0014565254464145175
경기도,성남시,운중동,38518,239596.9,6.220387870605951,0.0147603285580059,0.0007719651835837086
경기도,안양시,안양1동,18600,0.0,0.0,0.0,0.0
경기도,안양시,안양2동,22127,12188.1,0.5508247842002983,0.0013070494898089,6.835868831700547e-05
경기도,안양시,안양3동,14741,3298.5,0.2237636523980734,0.0005309676980662,2.776961060886226e-05
경기도,안양시,안양4동,6481,21132.6,3.260700509180681,0.0077373006066381,0.0004046608217271726
경기도,안양시,안양5동,14552,1615.2,0.110995052226498,0.0002633796273248,1.377475450908704e-05
경기도,안양시,안양6동,27081,10133.4,0.374188545474687,0.0008879102057201,4.6437703759161233e-05
경기도,안양시,안양7동,14622,11881.2,0.812556421830119,0.0019281112380154,0.00010084021774820542
경기도,안양시,안양8동,7835,23632.800000000003,3.016311423101468,0.0071573909158669,0.0003743315448998389
경기도,안양시,안양9동,15562,144389.0,9.27830613031744,0.0220164481370043,0.001151460237565325
경기도,안양시,석수1동,18220,3290983.8,180.6247969264544,0.4286037147226745,0.022415974279995875
경기도,안양시,석수2동,28694,82272.1,2.867223112845892,0.0068036199791816,0.00035582932491119766
경기도,안양시,충훈동,11658,113943.7,9.77386344141362,0.0231923537048333,0.0012129600987627817
경기도,안양시,박달동,13377,5686.0,0.4250579352620169,0.0010086179368817,5.2750718098912915e-05
경기도,안양시,호현동,20028,7354.1,0.3671909326942281,0.0008713056038995,4.556928308394385e-05
경기도,안양시,비산1동,28176,64025.5,2.2723417092561045,0.0053920287484281,0.00028200310354278965
경기도,안양시,비산2동,12967,2660.4,0.2051669622888871,0.0004868397012575,2.5461716375767252e-05
경기도,안양시,비산3동,17932,33842.6,1.887274146776712,0.0044783037754108,0.00023421528745398484
경기도,안양시,부흥동,15873,17249.6,1.0867258867258869,0.0025786866469151,0.0001348653116336597
경기도,안양시,달안동,9397,63705.2,6.779312546557412,0.0160865982421208,0.0008413290880629178
경기도,안양시,관양동,32075,85984.0,2.6807170693686677,0.006361060682713,0.0003326834737058899
경기도,안양시,인덕원동,17879,24739.1,1.383695956149673,0.0032833655009946,0.00017172001570201758
경기도,안양시,부림동,26438,40473.9,1.530898706407444,0.0036326622014004,0.00018998823313324091
경기도,안양시,평촌동,14871,3878.4,0.2608029049828525,0.0006188579629608,3.236627146284984e-05
경기도,안양시,평안동,22337,136693.9,6.119617674710122,0.0145212114432508,0.0007594593584820168
경기도,안양시,귀인동,16044,14046.0,0.8754674644727001,0.0020773925495103,0.0001086476303393887
경기도,안양시,호계1동,27095,22516.3,0.8310131020483483,0.001971907006025,0.00010313073641510751
경기도,안양시,호계2동,27135,314195.10000000003,11.578960751796574,0.0274756604591161,0.001436977042011772
경기도,안양시,호계3동,23977,5685.9,0.2371397589356466,0.000562707797145,2.94296177906835e-05
경기도,안양시,범계동,15041,37234.4,2.4755268931587,0.0058741658972534,0.0003072188764263528
경기도,안양시,신촌동,12240,8192.2,0.6692973856209151,0.0015881725577695,8.306142477134484e-05
경기도,안양시,갈산동,10338,199860.2,19.33257883536467,0.0458741836392491,0.0023992198043327278
경기도,부천시,심곡1동,11827,3194.2,0.2700769425889913,0.0006408642823372,3.3517201966235556e-05
경기도,부천시,심곡2동,18345,3166.6,0.1726137912237667,0.000409594437695,2.1421789091448498e-05
경기도,부천시,심곡3동,10565,8826.5,0.8354472314245149,0.0019824287303648,0.00010368102259807903
경기도,부천시,원미1동,16379,236027.0,14.410342511752852,0.0341942326638472,0.0017883583683192083
경기도,부천시,원미2동,10999,3054.8,0.2777343394854077,0.0006590344827236,3.4467503446444276e-05
경기도,부천시,소사동,5723,2311.7,0.403931504455705,0.0009584871305002,5.012887692516046e-05
경기도,부천시,역곡1동,16018,5222.6,0.3260456985890873,0.0007736722751391,4.046305998977493e-05
경기도,부천시,역곡2동,16344,45250.99999999999,2.768661282427802,0.0065697430842819,0.0003435975633079434
경기도,부천시,춘의동,13434,177526.4,13.214708947446775,0.0313571195108987,0.001639977350420002
경기도,부천시,도당동,19766,350922.6,17.753850045532733,0.0421280256621851,0.0022032957421322806
경기도,부천시,약대동,16861,19157.1,1.1361781626238063,0.0026960317153221,0.00014100245871134583
경기도,부천시,중동,21210,27115.0,1.2784064120697785,0.003033524446599,0.0001586533285571277
경기도,부천시,중1동,40284,156308.8,3.880170787409393,0.0092072386601448,0.000481538581925573
경기도,부천시,중2동,29125,102272.0,3.5114849785407727,0.0083323858717375,0.0004357837810918712
경기도,부천시,중3동,21598,44201.0,2.0465320863042877,0.0048562061766431,0.00025397958303843414
경기도,부천시,중4동,16767,26013.4,1.551464185602672,0.0036814619283931,0.00019254045885495913
경기도,부천시,상동,17353,57321.0,3.303232870397049,0.007838225442671,0.0004099391906516933
경기도,부천시,상1동,23294,40788.2,1.7510174293809564,0.0041549808639087,0.000217305499182425
경기도,부천시,상2동,27631,206551.0,7.475335673699829,0.0177381881838252,0.0009277072420140579
경기도,부천시,상3동,30021,17875.0,0.5954165417541054,0.0014128610575382,7.389263330924786e-05
경기도,부천시,심곡본1동,15341,14257.0,0.9293396779870934,0.0022052256666986,0.00011533330236833678
경기도,부천시,심곡본동,13871,224356.5,16.174500756974982,0.0383803953066693,0.0020072946745388043
경기도,부천시,소사본동,25875,100369.3,3.879006763285025,0.0092044765528804,0.00048139412371564494
경기도,부천시,소사본1동,27381,32336.2,1.1809722070048574,0.002802323288494,0.00014656150798823621
경기도,부천시,범박동,28186,41802.9,1.4831086354927978,0.0035192613712297,0.0001840573697153133
경기도,부천시,옥길동,31029,300573.9,9.686870347094654,0.0229859282083633,0.0012021640452974007
경기도,부천시,괴안동,18029,37838.5,2.098757557268845,0.0049801317463292,0.0002604608903330172
경기도,부천시,역곡3동,21929,26285.5,1.198663869761503,0.0028443037502365,0.00014875708613736895
경기도,부천시,송내1동,19724,24004.8,1.2170350841614277,0.0028878967168157,0.00015103699828946111
경기도,부천시,송내2동,23645,57003.1,2.4107887502643264,0.00572054906833,0.00029918471627365896
경기도,부천시,성곡동,37402,264963.7,7.084212074220631,0.0168100928696434,0.0008791678570823499
경기도,부천시,원종1동,22525,3156.4,0.1401287458379578,0.0003325108292303,1.739031636874469e-05
경기도,부천시,원종2동,17177,1514.0,0.0881411189381149,0.0002091496385851,1.093852609800073e-05
경기도,부천시,고강본동,24725,94352.8,3.816088978766431,0.0090551792436202,0.00047358587444133645
경기도,부천시,고강1동,12066,22758.4,1.886159456323554,0.0044756587317783,0.0002340769516720051
경기도,부천시,오정동,18607,155342.5,8.34860536357285,0.019810365644524,0.0010360821232086052
경기도,부천시,신흥동,16388,17149.6,1.046473029045643,0.0024831708338954,0.00012986983461272942
경기도,광명시,광명1동,14881,0.0,0.0,0.0,0.0
경기도,광명시,광명2동,6709,893.0,0.1331047846176777,0.0003158437053231,1.651862578839813e-05
경기도,광명시,광명3동,9004,0.0,0.0,0.0,0.0
경기도,광명시,광명4동,7235,0.0,0.0,0.0,0.0
경기도,광명시,광명5동,11313,37628.0,3.326085034915584,0.0078924512343051,0.0004127751995541567
경기도,광명시,광명6동,12467,7144.0,0.573032806609449,0.0013597467997197,7.111475762534031e-05
경기도,광명시,광명7동,25238,1336489.0,52.955424360091925,0.1256576725990317,0.006571896276929359
경기도,광명시,철산1동,9849,2615.0,0.2655091887501269,0.0006300254811505,3.295033266417115e-05
경기도,광명시,철산2동,17340,36181.0,2.086562860438293,0.0049511950086806,0.00025894749895399535
경기도,광명시,철산3동,35204,88096.0,2.50244290421543,0.0059380347708562,0.0003105592185157793
경기도,광명시,철산4동,8934,1500.0,0.1678979180658159,0.0003984041648861,2.083653782354303e-05
경기도,광명시,하안1동,24230,50957.0,2.1030540652084198,0.0049903269094218,0.0002609940973627601
경기도,광명시,하안2동,12430,127174.0,10.231214802896218,0.0242776005579812,0.0012697185091824167
경기도,광명시,하안3동,18059,12000.0,0.6644886206323717,0.0015767618623811,8.246464540253152e-05
경기도,광명시,하안4동,11223,4500.0,0.4009623095429029,0.0009514415421258,4.976039265317934e-05
경기도,광명시,소하1동,28992,123223.0,4.250241445916115,0.0100853775516196,0.0005274652459497051
경기도,광명시,소하2동,25074,164474.0,6.559543750498524,0.0155651099195107,0.0008140552487904097
경기도,광명시,일직동,21008,152540.0,7.261043412033511,0.0172296951034211,0.0009011130539089236
경기도,광명시,학온동,1636,0.0,0.0,0.0,0.0
경기도,고양시,주교동,10235,112132.2,10.955759648265754,0.0259968695481354,0.0013596362773674814
경기도,고양시,원신동,22334,223160.1,9.99194501656667,0.0237098384290444,0.0012400245498390221
경기도,고양시,흥도동,29407,252200.5,8.57620634542796,0.020350438923263,0.001064327955686655
경기도,고양시,성사1동,23717,125562.1,5.294181388877177,0.0125625376376883,0.0006570207184510981
경기도,고양시,성사2동,10171,548149.2,53.893343820666594,0.1278832571907014,0.006688294351073683
경기도,고양시,효자동,26242,64415.0,2.454652846581816,0.0058246339722,0.00030462835674606003
경기도,고양시,삼송1동,22174,171701.7,7.743379633805358,0.0183742284117735,0.0009609721459357541
경기도,고양시,삼송2동,28012,247320.2,8.829080394116806,0.0209504825411342,0.0010957102369013186
경기도,고양시,창릉동,22684,151349.0,6.67205960148122,0.0158320982429135,0.0008280187381043761
경기도,고양시,고양동,27072,43299.3,1.5994126773049646,0.0037952386744914,0.0001984909826759002
경기도,고양시,관산동,33060,55373.8,1.6749485783424078,0.0039744774519487,0.00020786517073691704
경기도,고양시,능곡동,17027,3364.7,0.1976096787455218,0.0004689070593666,2.4523839204873178e-05
경기도,고양시,화정1동,34750,119603.1,3.4418158273381296,0.0081670682768383,0.00042713767087864307
경기도,고양시,화정2동,31386,82971.4,2.6435799401006816,0.0062729381667061,0.000328074666118729
경기도,고양시,행주동,11760,591556.4,50.3024149659864,0.1193623593261217,0.0062426513927561645
경기도,고양시,행신1동,19783,25659.2,1.2970328059444978,0.0030777229273306,0.00016096490909939037
경기도,고양시,행신2동,29339,53462.4,1.822229796516582,0.0043239603484972,0.00022614312622640354
경기도,고양시,행신3동,22218,48290.0,2.1734629579620126,0.005157399833501,0.0002697320112921023
경기도,고양시,행신4동,18793,90816.7,4.832474857659767,0.0114669564231551,0.0005997218209310118
경기도,고양시,화전동,27684,89619.5,3.237230891489669,0.007681609663331,0.0004017481853922113
경기도,고양시,대덕동,16834,39113.2,2.323464417250802,0.0055133375771496,0.00028834755528492405
경기도,고양시,식사동,40393,124959.0,3.093580570890996,0.0073407425062332,0.00038392083307599637
경기도,고양시,중산1동,19931,110287.7,5.533475490442025,0.0131303574641304,0.0006867176953740199
경기도,고양시,중산2동,22745,175761.0,7.727456583864585,0.0183364446829031,0.0009589960569158321
경기도,고양시,정발산동,20990,47457.0,2.2609337779895187,0.0053649589230145,0.00028058735167365835
경기도,고양시,풍산동,41995,114387.1,2.723826646029289,0.0064633551905063,0.00033803347646347946
경기도,고양시,백석1동,28056,177198.0,6.315868263473054,0.0149868935245132,0.0007838145313320403
경기도,고양시,백석2동,19903,23338.0,1.1725870471788171,0.0027824261829408,0.00014552088936780382
경기도,고양시,마두1동,22432,685225.0,30.546763552068477,0.0724842687934073,0.003790927257895202
경기도,고양시,마두2동,15156,89919.0,5.932897862232779,0.0140781448953466,0.0007362869780266272
경기도,고양시,장항1동,18380,81511.2,4.434776931447225,0.0105232609205846,0.0005503665461465745
경기도,고양시,장항2동,26566,1111128.1,41.825193856809456,0.0992468019954296,0.005190607744360968
경기도,고양시,고봉동,20836,0.0,0.0,0.0,0.0
경기도,고양시,일산1동,24642,0.0,0.0,0.0,0.0
경기도,고양시,일산2동,18447,27167.0,1.4727055889846588,0.0034945760320421,0.00018276632647580183
경기도,고양시,일산3동,33027,76667.0,2.3213431434886607,0.0055083040168087,0.000288084300079095
경기도,고양시,탄현1동,28899,25743.8,0.8908197515484965,0.0021138219179146,0.00011055288630693357
경기도,고양시,탄현2동,18381,93981.3,5.112959033784887,0.0121325159800586,0.0006345305857570648
경기도,고양시,주엽1동,25845,74403.0,2.8788160185722576,0.0068311287296041,0.00035726803255829443
경기도,고양시,주엽2동,26254,16777.0,0.6390264340671897,0.0015163427619448,7.930472644971303e-05
경기도,고양시,대화동,33291,333749.4,10.025214021807695,0.0237887822920912,0.0012441533138763698
경기도,고양시,송포동,19915,78858.3,3.959743911624404,0.009396057345126,0.0004914137991500898
경기도,고양시,덕이동,30556,92418.7,3.0245680062835447,0.0071769829225181,0.00037535620684769666
경기도,고양시,가좌동,18108,50155.0,2.769770267285178,0.0065723745891335,0.00034373519101168207
경기도,구리시,갈매동,30447,274300.6,9.00911748283903,0.0213776916858765,0.001118053275171341
경기도,구리시,동구동,34990,88139.8,2.5189997142040585,0.0059773223459059,0.0003126139586908785
경기도,구리시,인창동,23521,100292.0,4.26393435653246,0.0101178693935781,0.0005291645692841346
경기도,구리시,교문1동,14580,308049.0,21.128189300411524,0.0501349791037132,0.0026220594071242
경기도,구리시,교문2동,20571,3804.0,0.1849205191774828,0.0004387970134587,2.2949083803890012e-05
경기도,구리시,수택1동,16866,41764.0,2.4762243566939404,0.0058758209051325,0.0003073054333384297
경기도,구리시,수택2동,24074,10976.0,0.4559275567001745,0.0010818683136053,5.658171280155719e-05
경기도,구리시,수택3동,20897,85430.9,4.08818969230033,0.0097008457223308,0.0005073542312779009
경기도,남양주시,와부읍,59594,30144.0,0.505822733832265,0.0012002643402276,6.277382499390348e-05
경기도,남양주시,진접읍,94674,450974.0,4.763440860215054,0.0113031459815633,0.0005911545348357606
경기도,남양주시,화도읍,63471,898928.0,14.162814513714926,0.033606874663937,0.001757639544923905
경기도,남양주시,화도읍동부출장소,12867,0.0,0.0,0.0,0.0
경기도,남양주시,화도읍남부출장소,35261,0.0,0.0,0.0,0.0
경기도,남양주시,진건읍,19618,453608.0,23.122030788051788,0.054866156011382,0.0028694999593952787
경기도,남양주시,오남읍,50456,46408.0,0.9197716822578088,0.0021825218155009,0.00011414589095069707
경기도,남양주시,퇴계원읍,26167,18594.0,0.7105896740168915,0.0016861548309517,8.818589765877392e-05
경기도,남양주시,별내면,17798,93718.0,5.265647825598382,0.0124948304821722,0.000653479634217606
경기도,남양주시,수동면,8425,0.0,0.0,0.0,0.0
경기도,남양주시,조안면,3696,9344.0,2.528138528138528,0.0059990077936801,0.0003137481076094692
경기도,남양주시,호평동,55546,100811.0,1.8149101645483023,0.0043065916288895,0.00022523474219092083
경기도,남양주시,평내동,37353,62503.0,1.6733060262897224,0.0039705798480572,0.00020766132605339155
경기도,남양주시,금곡동,16899,1235419.0,73.10604177761998,0.17347297606827,0.00907263664837052
경기도,남양주시,양정동,2140,54947.0,25.676168224299065,0.0609268564894762,0.003186474594399605
경기도,남양주시,다산1동,105649,273543.0,2.589167905044061,0.0061438241095681,0.00032132200093041164
경기도,남양주시,다산2동,36550,489365.0,13.38891928864569,0.031770502394376,0.001661597275225865
경기도,남양주시,별내동,82978,552102.0,6.653594928776302,0.0157882835095705,0.0008257272275505372
경기도,하남시,천현동,5707,5563.0,0.974767828981952,0.0023130219084145,0.00012097104581007835
경기도,하남시,신장1동,7011,0.0,0.0,0.0,0.0
경기도,하남시,신장2동,44577,942627.0,21.146039437378025,0.0501773356081486,0.0026242746523061715
경기도,하남시,덕풍1동,13958,100640.0,7.210202034675455,0.0171090538428186,0.0008948035159794127
경기도,하남시,덕풍2동,17165,2020.0,0.1176813282842994,0.0002792454597288,1.460453754381624e-05
경기도,하남시,덕풍3동,27612,229064.0,8.295813414457482,0.0196850958815495,0.0010295305146050388
경기도,하남시,감북동,3228,0.0,0.0,0.0,0.0
경기도,하남시,감일동,39608,109325.0,2.760174712179358,0.0065496053424234,0.00034254435940874383
경기도,하남시,위례동,35322,80807.0,2.287724364418776,0.0054285301771201,0.00028391212826338124
경기도,하남시,춘궁동,836,0.0,0.0,0.0,0.0
경기도,하남시,초이동,2934,3444.0,1.1738241308793456,0.0027853616529232,0.00014567441444788336
경기도,하남시,미사1동,53906,11193.0,0.2076392238340815,0.0004927061188262,2.5768530014610256e-05
경기도,하남시,미사2동,46360,547714.0,11.814365832614325,0.0280342520468711,0.0014661913820513586
경기도,하남시,미사3동,29516,226028.0,7.65781271174956,0.0181711870726298,0.0009503530838985385
경기도,용인시,포곡읍,30694,29870.5,0.9731706522447384,0.0023092319753916,0.00012077283231298068
경기도,용인시,모현읍,34446,2256452.1,65.5069412994252,0.1554411069731794,0.008129569894697283
경기도,용인시,이동읍,18846,218126.0,11.57412713573172,0.0274641907947278,0.001436377178564264
경기도,용인시,남사읍,23460,120074.1,5.118248081841433,0.0121450663368366,0.0006351869694165541
경기도,용인시,양지읍,21332,67996.1,3.187516407275455,0.0075636424020673,0.0003955784976281198
경기도,용인시,원삼면,7406,0.0,0.0,0.0,0.0
경기도,용인시,백암면,7509,3318.1,0.4418830736449594,0.0010485422270919,5.483875847690637e-05
경기도,용인시,중앙동,26797,338978.7,12.649874986005896,0.0300168277115748,0.001569880089315362
경기도,용인시,역북동,34637,199506.3,5.759918584172994,0.0136676831956905,0.0007148198311346132
경기도,용인시,삼가동,14080,26229.8,1.8629119318181817,0.0044204947923267,0.00023119187763868642
경기도,용인시,유림1동,13408,3681.7,0.2745897971360381,0.0006515728132575,3.407725813336725e-05
경기도,용인시,유림2동,38269,35682.9,0.932423110089106,0.0022125423279516,0.00011571596375186867
경기도,용인시,동부동,12235,4350.0,0.3555373927257866,0.0008436529747747,4.412305058071681e-05
경기도,용인시,신갈동,36044,235653.6,6.537942514704251,0.0155138524506495,0.0008113744831689688
경기도,용인시,영덕1동,34192,513498.0,15.018074403369209,0.0356363167560346,0.0018637793663406094
경기도,용인시,영덕2동,19070,89869.4,4.712606187729418,0.0111825206309204,0.000584845828997137
경기도,용인시,구갈동,39803,252155.2,6.335080270331383,0.0150324816034861,0.000786198787862323
경기도,용인시,상갈동,12445,277631.2,22.30865407794295,0.0529360983152424,0.0027685579418871777
경기도,용인시,보라동,32397,147200.2,4.543636756489799,0.0107815738775609,0.0005638763137964351
경기도,용인시,기흥동,20649,45342.8,2.1958835778972348,0.0052106016150622,0.00027251446446775306
경기도,용인시,서농동,24409,234069.6,9.589479290425665,0.0227548294368802,0.0011900775795488344
경기도,용인시,구성동,38324,260988.0,6.810040705563094,0.0161595129433165,0.0008451425269354529
경기도,용인시,마북동,33539,53543.0,1.5964399654133994,0.0037881847406949,0.00019812206193834327
경기도,용인시,동백1동,30852,154340.7,5.002615713730067,0.0118706828448796,0.0006208367127872031
경기도,용인시,동백2동,26037,426924.0,16.396819910127896,0.0389079353594015,0.0020348850192966985
경기도,용인시,동백3동,27475,77626.4,2.825346678798908,0.0067042515895846,0.0003506323581352746
경기도,용인시,상하동,22890,26490.0,1.1572739187418086,0.0027460897338828,0.00014362049308207044
경기도,용인시,보정동,36223,118939.0,3.2835215194765754,0.0077914524725668,0.0004074929643152436
경기도,용인시,풍덕천1동,33894,147086.1,4.339591078066914,0.0102973948654136,0.0005385537514611313
경기도,용인시,풍덕천2동,41233,75999.4,1.8431693061382872,0.0043736476104958,0.00022874177002893035
경기도,용인시,신봉동,41042,181065.0,4.411700209541445,0.0104685022778028,0.0005475026691290864
경기도,용인시,죽전1동,28936,146882.0,5.076098977052806,0.0120450509281439,0.000629956163541926
경기도,용인시,죽전2동,17050,0.0,0.0,0.0,0.0
경기도,용인시,죽전3동,26309,185644.0,7.056292523471056,0.0167438427015143,0.0008757029732891978
경기도,용인시,동천동,50755,164126.0,3.233691261944636,0.0076732104933524,0.00040130890880233055
경기도,용인시,상현1동,19698,0.0,0.0,0.0,0.0
경기도,용인시,상현2동,32628,128083.2,3.925560867966164,0.0093149445647008,0.0004871716007338518
경기도,용인시,상현3동,27196,179328.5,6.593929254302103,0.0156467031166442,0.0008183225730004916
경기도,용인시,성복동,54567,142866.5,2.618184983598145,0.006212678596163,0.00032492309057932493
경기도,김포시,통진읍,34735,180957.0,5.20964445084209,0.0123619403426897,0.0006465294799226712
경기도,김포시,고촌읍,51748,385835.0,7.456036948287856,0.0176923943308121,0.0009253122235014728
경기도,김포시,양촌읍,30521,338727.0,11.098161921300088,0.0263347752191508,0.0013773087439615868
경기도,김포시,대곶면,8942,23990.0,2.6828450011183183,0.0063661100417605,0.00033294755518407416
경기도,김포시,월곶면,5085,1249823.0,245.78623402163225,0.5832249764259212,0.03050266626707568
경기도,김포시,하성면,7588,180503.0,23.787954665260937,0.0564463235872137,0.0029521427236112764
경기도,김포시,김포본동,56968,274825.0,4.824199550624912,0.0114473199867634,0.0005986948353077258
경기도,김포시,장기본동,38569,222791.0,5.77642666390106,0.0137068551389385,0.0007168685237664836
경기도,김포시,사우동,20677,66241.0,3.2036078734826137,0.0076018257650888,0.00039757548751414423
경기도,김포시,풍무동,59672,178880.0,2.997720874111811,0.0071132774912913,0.000372024412794535
경기도,김포시,장기동,40266,153187.0,3.8043759002632496,0.0090273853357918,0.0004721322530619111
경기도,김포시,구래동,45630,40664.0,0.8911680911680911,0.002114648491328,0.00011059611609645441
경기도,김포시,마산동,35457,764694.0,21.56679922159235,0.0511757544830144,0.0026764919594616534
경기도,김포시,운양동,48756,1395814.0,28.628558536385267,0.0679325693074489,0.0035528733747795774
