시도명,시군구명,읍면동명,PM10_평균,PM10_정규화,미세먼지_지수값
서울특별시,종로구,청운효자동,38.69,0.673167451,0.068595763
서울특별시,종로구,사직동,38.69,0.673167451,0.068595763
서울특별시,종로구,삼청동,38.69,0.673167451,0.068595763
서울특별시,종로구,부암동,38.69,0.673167451,0.068595763
서울특별시,종로구,평창동,38.69,0.673167451,0.068595763
서울특별시,종로구,무악동,38.69,0.673167451,0.068595763
서울특별시,종로구,교남동,38.69,0.673167451,0.068595763
서울특별시,종로구,가회동,38.69,0.673167451,0.068595763
서울특별시,종로구,종로1.2.3.4가동,38.69,0.673167451,0.068595763
서울특별시,종로구,종로5.6가동,38.69,0.673167451,0.068595763
서울특별시,종로구,이화동,38.69,0.673167451,0.068595763
서울특별시,종로구,혜화동,38.69,0.673167451,0.068595763
서울특별시,종로구,창신1동,38.69,0.673167451,0.068595763
서울특별시,종로구,창신2동,38.69,0.673167451,0.068595763
서울특별시,종로구,창신3동,38.69,0.673167451,0.068595763
서울특별시,종로구,숭인1동,38.69,0.673167451,0.068595763
서울특별시,종로구,숭인2동,38.69,0.673167451,0.068595763
서울특별시,중구,소공동,39.03,0.661735037,0.0674308
서울특별시,중구,회현동,39.03,0.661735037,0.0674308
서울특별시,중구,명동,39.03,0.661735037,0.0674308
서울특별시,중구,필동,39.03,0.661735037,0.0674308
서울특별시,중구,장충동,39.03,0.661735037,0.0674308
서울특별시,중구,광희동,39.03,0.661735037,0.0674308
서울특별시,중구,을지로동,39.03,0.661735037,0.0674308
서울특별시,중구,신당동,39.03,0.661735037,0.0674308
서울특별시,중구,다산동,39.03,0.661735037,0.0674308
서울특별시,중구,약수동,39.03,0.661735037,0.0674308
서울특별시,중구,청구동,39.03,0.661735037,0.0674308
서울특별시,중구,신당5동,39.03,0.661735037,0.0674308
서울특별시,중구,동화동,39.03,0.661735037,0.0674308
서울특별시,중구,황학동,39.03,0.661735037,0.0674308
서울특별시,중구,중림동,39.03,0.661735037,0.0674308
서울특별시,용산구,후암동,44.38,0.481842636,0.049099765
서울특별시,용산구,용산2가동,44.38,0.481842636,0.049099765
서울특별시,용산구,남영동,44.38,0.481842636,0.049099765
서울특별시,용산구,청파동,44.38,0.481842636,0.049099765
서울특별시,용산구,원효로1동,44.38,0.481842636,0.049099765
서울특별시,용산구,원효로2동,44.38,0.481842636,0.049099765
서울특별시,용산구,효창동,44.38,0.481842636,0.049099765
서울특별시,용산구,용문동,44.38,0.481842636,0.049099765
서울특별시,용산구,한강로동,44.38,0.481842636,0.049099765
서울특별시,용산구,이촌1동,44.38,0.481842636,0.049099765
서울특별시,용산구,이촌2동,44.38,0.481842636,0.049099765
서울특별시,용산구,이태원1동,44.38,0.481842636,0.049099765
서울특별시,용산구,이태원2동,44.38,0.481842636,0.049099765
서울특별시,용산구,한남동,44.38,0.481842636,0.049099765
서울특별시,용산구,서빙고동,44.38,0.481842636,0.049099765
서울특별시,용산구,보광동,44.38,0.481842636,0.049099765
서울특별시,성동구,왕십리2동,45.13,0.456624075,0.046529993
서울특별시,성동구,왕십리도선동,45.13,0.456624075,0.046529993
서울특별시,성동구,마장동,45.13,0.456624075,0.046529993
서울특별시,성동구,사근동,45.13,0.456624075,0.046529993
서울특별시,성동구,행당1동,45.13,0.456624075,0.046529993
서울특별시,성동구,행당2동,45.13,0.456624075,0.046529993
서울특별시,성동구,응봉동,45.13,0.456624075,0.046529993
서울특별시,성동구,금호1가동,45.13,0.456624075,0.046529993
서울특별시,성동구,금호2.3가동,45.13,0.456624075,0.046529993
서울특별시,성동구,금호4가동,45.13,0.456624075,0.046529993
서울특별시,성동구,옥수동,45.13,0.456624075,0.046529993
서울특별시,성동구,성수1가1동,45.13,0.456624075,0.046529993
서울특별시,성동구,성수1가2동,45.13,0.456624075,0.046529993
서울특별시,성동구,성수2가1동,45.13,0.456624075,0.046529993
서울특별시,성동구,성수2가3동,45.13,0.456624075,0.046529993
서울특별시,성동구,송정동,45.13,0.456624075,0.046529993
서울특별시,성동구,용답동,45.13,0.456624075,0.046529993
서울특별시,광진구,화양동,34.23,0.823133826,0.083877337
서울특별시,광진구,군자동,34.23,0.823133826,0.083877337
서울특별시,광진구,중곡1동,34.23,0.823133826,0.083877337
서울특별시,광진구,중곡2동,34.23,0.823133826,0.083877337
서울특별시,광진구,중곡3동,34.23,0.823133826,0.083877337
서울특별시,광진구,중곡4동,34.23,0.823133826,0.083877337
서울특별시,광진구,능동,34.23,0.823133826,0.083877337
서울특별시,광진구,광장동,34.23,0.823133826,0.083877337
서울특별시,광진구,자양1동,34.23,0.823133826,0.083877337
서울특별시,광진구,자양2동,34.23,0.823133826,0.083877337
서울특별시,광진구,자양3동,34.23,0.823133826,0.083877337
서울특별시,광진구,자양4동,34.23,0.823133826,0.083877337
서울특별시,광진구,구의1동,34.23,0.823133826,0.083877337
서울특별시,광진구,구의2동,34.23,0.823133826,0.083877337
서울특별시,광진구,구의3동,34.23,0.823133826,0.083877337
서울특별시,동대문구,신설동,36.56,0.744788164,0.075893914
서울특별시,동대문구,용두동,36.56,0.744788164,0.075893914
서울특별시,동대문구,제기동,36.56,0.744788164,0.075893914
서울특별시,동대문구,전농1동,36.56,0.744788164,0.075893914
서울특별시,동대문구,전농2동,36.56,0.744788164,0.075893914
서울특별시,동대문구,답십리1동,36.56,0.744788164,0.075893914
서울특별시,동대문구,답십리2동,36.56,0.744788164,0.075893914
서울특별시,동대문구,장안1동,36.56,0.744788164,0.075893914
서울특별시,동대문구,장안2동,36.56,0.744788164,0.075893914
서울특별시,동대문구,청량리동,36.56,0.744788164,0.075893914
서울특별시,동대문구,회기동,36.56,0.744788164,0.075893914
서울특별시,동대문구,휘경1동,36.56,0.744788164,0.075893914
서울특별시,동대문구,휘경2동,36.56,0.744788164,0.075893914
서울특별시,동대문구,이문1동,36.56,0.744788164,0.075893914
서울특별시,동대문구,이문2동,36.56,0.744788164,0.075893914
서울특별시,중랑구,면목2동,28.97,1,0.1019
서울특별시,중랑구,면목4동,28.97,1,0.1019
서울특별시,중랑구,면목5동,28.97,1,0.1019
서울특별시,중랑구,면목본동,28.97,1,0.1019
서울특별시,중랑구,면목7동,28.97,1,0.1019
서울특별시,중랑구,면목3.8동,28.97,1,0.1019
서울특별시,중랑구,상봉1동,28.97,1,0.1019
서울특별시,중랑구,상봉2동,28.97,1,0.1019
서울특별시,중랑구,중화1동,28.97,1,0.1019
서울특별시,중랑구,중화2동,28.97,1,0.1019
서울특별시,중랑구,묵1동,28.97,1,0.1019
서울특별시,중랑구,묵2동,28.97,1,0.1019
서울특별시,중랑구,망우본동,28.97,1,0.1019
서울특별시,중랑구,망우3동,28.97,1,0.1019
서울특별시,중랑구,신내1동,28.97,1,0.1019
서울특별시,중랑구,신내2동,28.97,1,0.1019
서울특별시,성북구,성북동,44.56,0.475790182,0.04848302
서울특별시,성북구,삼선동,44.56,0.475790182,0.04848302
서울특별시,성북구,동선동,44.56,0.475790182,0.04848302
서울특별시,성북구,돈암1동,44.56,0.475790182,0.04848302
서울특별시,성북구,돈암2동,44.56,0.475790182,0.04848302
서울특별시,성북구,안암동,44.56,0.475790182,0.04848302
서울특별시,성북구,보문동,44.56,0.475790182,0.04848302
서울특별시,성북구,정릉1동,44.56,0.475790182,0.04848302
서울특별시,성북구,정릉2동,44.56,0.475790182,0.04848302
서울특별시,성북구,정릉3동,44.56,0.475790182,0.04848302
서울특별시,성북구,정릉4동,44.56,0.475790182,0.04848302
서울특별시,성북구,길음1동,44.56,0.475790182,0.04848302
서울특별시,성북구,길음2동,44.56,0.475790182,0.04848302
서울특별시,성북구,종암동,44.56,0.475790182,0.04848302
서울특별시,성북구,월곡1동,44.56,0.475790182,0.04848302
서울특별시,성북구,월곡2동,44.56,0.475790182,0.04848302
서울특별시,성북구,장위1동,44.56,0.475790182,0.04848302
서울특별시,성북구,장위2동,44.56,0.475790182,0.04848302
서울특별시,성북구,장위3동,44.56,0.475790182,0.04848302
서울특별시,성북구,석관동,44.56,0.475790182,0.04848302
서울특별시,강북구,삼양동,36.06,0.761600538,0.077607095
서울특별시,강북구,미아동,36.06,0.761600538,0.077607095
서울특별시,강북구,송중동,36.06,0.761600538,0.077607095
서울특별시,강북구,송천동,36.06,0.761600538,0.077607095
서울특별시,강북구,삼각산동,36.06,0.761600538,0.077607095
서울특별시,강북구,번1동,36.06,0.761600538,0.077607095
서울특별시,강북구,번2동,36.06,0.761600538,0.077607095
서울특별시,강북구,번3동,36.06,0.761600538,0.077607095
서울특별시,강북구,수유1동,36.06,0.761600538,0.077607095
서울특별시,강북구,수유2동,36.06,0.761600538,0.077607095
서울특별시,강북구,수유3동,36.06,0.761600538,0.077607095
서울특별시,강북구,우이동,36.06,0.761600538,0.077607095
서울특별시,강북구,인수동,36.06,0.761600538,0.077607095
서울특별시,도봉구,창1동,39.34,0.651311365,0.066368628
서울특별시,도봉구,창2동,39.34,0.651311365,0.066368628
서울특별시,도봉구,창3동,39.34,0.651311365,0.066368628
서울특별시,도봉구,창4동,39.34,0.651311365,0.066368628
서울특별시,도봉구,창5동,39.34,0.651311365,0.066368628
서울특별시,도봉구,도봉1동,39.34,0.651311365,0.066368628
서울특별시,도봉구,도봉2동,39.34,0.651311365,0.066368628
서울특별시,도봉구,쌍문1동,39.34,0.651311365,0.066368628
서울특별시,도봉구,쌍문2동,39.34,0.651311365,0.066368628
서울특별시,도봉구,쌍문3동,39.34,0.651311365,0.066368628
서울특별시,도봉구,쌍문4동,39.34,0.651311365,0.066368628
서울특별시,도봉구,방학1동,39.34,0.651311365,0.066368628
서울특별시,도봉구,방학2동,39.34,0.651311365,0.066368628
서울특별시,도봉구,방학3동,39.34,0.651311365,0.066368628
서울특별시,노원구,월계1동,39.01,0.662407532,0.067499328
서울특별시,노원구,월계2동,39.01,0.662407532,0.067499328
서울특별시,노원구,월계3동,39.01,0.662407532,0.067499328
서울특별시,노원구,공릉1동,39.01,0.662407532,0.067499328
서울특별시,노원구,공릉2동,39.01,0.662407532,0.067499328
서울특별시,노원구,하계1동,39.01,0.662407532,0.067499328
서울특별시,노원구,하계2동,39.01,0.662407532,0.067499328
서울특별시,노원구,중계본동,39.01,0.662407532,0.067499328
서울특별시,노원구,중계1동,39.01,0.662407532,0.067499328
서울특별시,노원구,중계4동,39.01,0.662407532,0.067499328
서울특별시,노원구,중계2.3동,39.01,0.662407532,0.067499328
서울특별시,노원구,상계1동,39.01,0.662407532,0.067499328
서울특별시,노원구,상계2동,39.01,0.662407532,0.067499328
서울특별시,노원구,상계3.4동,39.01,0.662407532,0.067499328
서울특별시,노원구,상계5동,39.01,0.662407532,0.067499328
서울특별시,노원구,상계6.7동,39.01,0.662407532,0.067499328
서울특별시,노원구,상계8동,39.01,0.662407532,0.067499328
서울특별시,노원구,상계9동,39.01,0.662407532,0.067499328
서울특별시,노원구,상계10동,39.01,0.662407532,0.067499328
서울특별시,은평구,녹번동,37.38,0.717215871,0.073084297
서울특별시,은평구,불광1동,37.38,0.717215871,0.073084297
서울특별시,은평구,불광2동,37.38,0.717215871,0.073084297
서울특별시,은평구,갈현1동,37.38,0.717215871,0.073084297
서울특별시,은평구,갈현2동,37.38,0.717215871,0.073084297
서울특별시,은평구,구산동,37.38,0.717215871,0.073084297
서울특별시,은평구,대조동,37.38,0.717215871,0.073084297
서울특별시,은평구,응암1동,37.38,0.717215871,0.073084297
서울특별시,은평구,응암2동,37.38,0.717215871,0.073084297
서울특별시,은평구,응암3동,37.38,0.717215871,0.073084297
서울특별시,은평구,역촌동,37.38,0.717215871,0.073084297
서울특별시,은평구,신사1동,37.38,0.717215871,0.073084297
서울특별시,은평구,신사2동,37.38,0.717215871,0.073084297
서울특별시,은평구,증산동,37.38,0.717215871,0.073084297
서울특별시,은평구,수색동,37.38,0.717215871,0.073084297
서울특별시,은평구,진관동,37.38,0.717215871,0.073084297
서울특별시,서대문구,천연동,38.28,0.686953598,0.070000572
서울특별시,서대문구,북아현동,38.28,0.686953598,0.070000572
서울특별시,서대문구,충현동,38.28,0.686953598,0.070000572
서울특별시,서대문구,신촌동,38.28,0.686953598,0.070000572
서울특별시,서대문구,연희동,38.28,0.686953598,0.070000572
서울특별시,서대문구,홍제1동,38.28,0.686953598,0.070000572
서울특별시,서대문구,홍제3동,38.28,0.686953598,0.070000572
서울특별시,서대문구,홍제2동,38.28,0.686953598,0.070000572
서울특별시,서대문구,홍은1동,38.28,0.686953598,0.070000572
서울특별시,서대문구,홍은2동,38.28,0.686953598,0.070000572
서울특별시,서대문구,남가좌1동,38.28,0.686953598,0.070000572
서울특별시,서대문구,남가좌2동,38.28,0.686953598,0.070000572
서울특별시,서대문구,북가좌1동,38.28,0.686953598,0.070000572
서울특별시,서대문구,북가좌2동,38.28,0.686953598,0.070000572
서울특별시,마포구,아현동,38.84,0.668123739,0.068081809
서울특별시,마포구,공덕동,38.84,0.668123739,0.068081809
서울특별시,마포구,도화동,38.84,0.668123739,0.068081809
서울특별시,마포구,용강동,38.84,0.668123739,0.068081809
서울특별시,마포구,대흥동,38.84,0.668123739,0.068081809
서울특별시,마포구,염리동,38.84,0.668123739,0.068081809
서울특별시,마포구,신수동,38.84,0.668123739,0.068081809
서울특별시,마포구,서강동,38.84,0.668123739,0.068081809
서울특별시,마포구,서교동,38.84,0.668123739,0.068081809
서울특별시,마포구,합정동,38.84,0.668123739,0.068081809
서울특별시,마포구,망원1동,38.84,0.668123739,0.068081809
서울특별시,마포구,망원2동,38.84,0.668123739,0.068081809
서울특별시,마포구,연남동,38.84,0.668123739,0.068081809
서울특별시,마포구,성산1동,38.84,0.668123739,0.068081809
서울특별시,마포구,성산2동,38.84,0.668123739,0.068081809
서울특별시,마포구,상암동,38.84,0.668123739,0.068081809
서울특별시,양천구,목1동,36.69,0.740416947,0.075448487
서울특별시,양천구,목2동,36.69,0.740416947,0.075448487
서울특별시,양천구,목3동,36.69,0.740416947,0.075448487
서울특별시,양천구,목4동,36.69,0.740416947,0.075448487
서울특별시,양천구,목5동,36.69,0.740416947,0.075448487
서울특별시,양천구,신월1동,36.69,0.740416947,0.075448487
서울특별시,양천구,신월2동,36.69,0.740416947,0.075448487
서울특별시,양천구,신월3동,36.69,0.740416947,0.075448487
서울특별시,양천구,신월4동,36.69,0.740416947,0.075448487
서울특별시,양천구,신월5동,36.69,0.740416947,0.075448487
서울특별시,양천구,신월6동,36.69,0.740416947,0.075448487
서울특별시,양천구,신월7동,36.69,0.740416947,0.075448487
서울특별시,양천구,신정1동,36.69,0.740416947,0.075448487
서울특별시,양천구,신정2동,36.69,0.740416947,0.075448487
서울특별시,양천구,신정3동,36.69,0.740416947,0.075448487
서울특별시,양천구,신정4동,36.69,0.740416947,0.075448487
서울특별시,양천구,신정6동,36.69,0.740416947,0.075448487
서울특별시,양천구,신정7동,36.69,0.740416947,0.075448487
서울특별시,강서구,염창동,37.7,0.706455952,0.071987861
서울특별시,강서구,등촌1동,37.7,0.706455952,0.071987861
서울특별시,강서구,등촌2동,37.7,0.706455952,0.071987861
서울특별시,강서구,등촌3동,37.7,0.706455952,0.071987861
서울특별시,강서구,화곡1동,37.7,0.706455952,0.071987861
서울특별시,강서구,화곡2동,37.7,0.706455952,0.071987861
서울특별시,강서구,화곡3동,37.7,0.706455952,0.071987861
서울특별시,강서구,화곡4동,37.7,0.706455952,0.071987861
서울특별시,강서구,화곡본동,37.7,0.706455952,0.071987861
서울특별시,강서구,화곡6동,37.7,0.706455952,0.071987861
서울특별시,강서구,화곡8동,37.7,0.706455952,0.071987861
서울특별시,강서구,가양1동,37.7,0.706455952,0.071987861
서울특별시,강서구,가양2동,37.7,0.706455952,0.071987861
서울특별시,강서구,가양3동,37.7,0.706455952,0.071987861
서울특별시,강서구,발산1동,37.7,0.706455952,0.071987861
서울특별시,강서구,우장산동,37.7,0.706455952,0.071987861
서울특별시,강서구,공항동,37.7,0.706455952,0.071987861
서울특별시,강서구,방화1동,37.7,0.706455952,0.071987861
서울특별시,강서구,방화2동,37.7,0.706455952,0.071987861
서울특별시,강서구,방화3동,37.7,0.706455952,0.071987861
서울특별시,구로구,신도림동,42.71,0.537995965,0.054821789
서울특별시,구로구,구로1동,42.71,0.537995965,0.054821789
서울특별시,구로구,구로2동,42.71,0.537995965,0.054821789
서울특별시,구로구,구로3동,42.71,0.537995965,0.054821789
서울특별시,구로구,구로4동,42.71,0.537995965,0.054821789
서울특별시,구로구,구로5동,42.71,0.537995965,0.054821789
서울특별시,구로구,가리봉동,42.71,0.537995965,0.054821789
서울특별시,구로구,고척1동,42.71,0.537995965,0.054821789
서울특별시,구로구,고척2동,42.71,0.537995965,0.054821789
서울특별시,구로구,개봉1동,42.71,0.537995965,0.054821789
서울특별시,구로구,개봉2동,42.71,0.537995965,0.054821789
서울특별시,구로구,개봉3동,42.71,0.537995965,0.054821789
서울특별시,구로구,오류1동,42.71,0.537995965,0.054821789
서울특별시,구로구,오류2동,42.71,0.537995965,0.054821789
서울특별시,구로구,수궁동,42.71,0.537995965,0.054821789
서울특별시,구로구,항동,42.71,0.537995965,0.054821789
서울특별시,금천구,가산동,47.15,0.388702085,0.039608742
서울특별시,금천구,독산1동,47.15,0.388702085,0.039608742
서울특별시,금천구,독산2동,47.15,0.388702085,0.039608742
서울특별시,금천구,독산3동,47.15,0.388702085,0.039608742
서울특별시,금천구,독산4동,47.15,0.388702085,0.039608742
서울특별시,금천구,시흥1동,47.15,0.388702085,0.039608742
서울특별시,금천구,시흥2동,47.15,0.388702085,0.039608742
서울특별시,금천구,시흥3동,47.15,0.388702085,0.039608742
서울특별시,금천구,시흥4동,47.15,0.388702085,0.039608742
서울특별시,금천구,시흥5동,47.15,0.388702085,0.039608742
서울특별시,영등포구,영등포본동,39.33,0.651647613,0.066402892
서울특별시,영등포구,영등포동,39.33,0.651647613,0.066402892
서울특별시,영등포구,여의동,39.33,0.651647613,0.066402892
서울특별시,영등포구,당산1동,39.33,0.651647613,0.066402892
서울특별시,영등포구,당산2동,39.33,0.651647613,0.066402892
서울특별시,영등포구,도림동,39.33,0.651647613,0.066402892
서울특별시,영등포구,문래동,39.33,0.651647613,0.066402892
서울특별시,영등포구,양평1동,39.33,0.651647613,0.066402892
서울특별시,영등포구,양평2동,39.33,0.651647613,0.066402892
서울특별시,영등포구,신길1동,39.33,0.651647613,0.066402892
서울특별시,영등포구,신길3동,39.33,0.651647613,0.066402892
서울특별시,영등포구,신길4동,39.33,0.651647613,0.066402892
서울특별시,영등포구,신길5동,39.33,0.651647613,0.066402892
서울특별시,영등포구,신길6동,39.33,0.651647613,0.066402892
서울특별시,영등포구,신길7동,39.33,0.651647613,0.066402892
서울특별시,영등포구,대림1동,39.33,0.651647613,0.066402892
서울특별시,영등포구,대림2동,39.33,0.651647613,0.066402892
서울특별시,영등포구,대림3동,39.33,0.651647613,0.066402892
서울특별시,동작구,노량진1동,39.37,0.650302623,0.066265837
서울특별시,동작구,노량진2동,39.37,0.650302623,0.066265837
서울특별시,동작구,상도1동,39.37,0.650302623,0.066265837
서울특별시,동작구,상도2동,39.37,0.650302623,0.066265837
서울특별시,동작구,상도3동,39.37,0.650302623,0.066265837
서울특별시,동작구,상도4동,39.37,0.650302623,0.066265837
서울특별시,동작구,흑석동,39.37,0.650302623,0.066265837
서울특별시,동작구,사당1동,39.37,0.650302623,0.066265837
서울특별시,동작구,사당2동,39.37,0.650302623,0.066265837
서울특별시,동작구,사당3동,39.37,0.650302623,0.066265837
서울특별시,동작구,사당4동,39.37,0.650302623,0.066265837
서울특별시,동작구,사당5동,39.37,0.650302623,0.066265837
서울특별시,동작구,대방동,39.37,0.650302623,0.066265837
서울특별시,동작구,신대방1동,39.37,0.650302623,0.066265837
서울특별시,동작구,신대방2동,39.37,0.650302623,0.066265837
서울특별시,관악구,보라매동,39.18,0.656691325,0.066916846
서울특별시,관악구,청림동,39.18,0.656691325,0.066916846
서울특별시,관악구,성현동,39.18,0.656691325,0.066916846
서울특별시,관악구,행운동,39.18,0.656691325,0.066916846
서울특별시,관악구,낙성대동,39.18,0.656691325,0.066916846
서울특별시,관악구,청룡동,39.18,0.656691325,0.066916846
서울특별시,관악구,은천동,39.18,0.656691325,0.066916846
서울특별시,관악구,중앙동,39.18,0.656691325,0.066916846
서울특별시,관악구,인헌동,39.18,0.656691325,0.066916846
서울특별시,관악구,남현동,39.18,0.656691325,0.066916846
서울특별시,관악구,서원동,39.18,0.656691325,0.066916846
서울특별시,관악구,신원동,39.18,0.656691325,0.066916846
서울특별시,관악구,서림동,39.18,0.656691325,0.066916846
서울특별시,관악구,신사동,39.18,0.656691325,0.066916846
서울특별시,관악구,신림동,39.18,0.656691325,0.066916846
서울특별시,관악구,난향동,39.18,0.656691325,0.066916846
서울특별시,관악구,조원동,39.18,0.656691325,0.066916846
서울특별시,관악구,대학동,39.18,0.656691325,0.066916846
서울특별시,관악구,삼성동,39.18,0.656691325,0.066916846
서울특별시,관악구,미성동,39.18,0.656691325,0.066916846
서울특별시,관악구,난곡동,39.18,0.656691325,0.066916846
서울특별시,서초구,서초1동,47.59,0.373907196,0.038101143
서울특별시,서초구,서초2동,47.59,0.373907196,0.038101143
서울특별시,서초구,서초3동,47.59,0.373907196,0.038101143
서울특별시,서초구,서초4동,47.59,0.373907196,0.038101143
서울특별시,서초구,잠원동,47.59,0.373907196,0.038101143
서울특별시,서초구,반포본동,47.59,0.373907196,0.038101143
서울특별시,서초구,반포1동,47.59,0.373907196,0.038101143
서울특별시,서초구,반포2동,47.59,0.373907196,0.038101143
서울특별시,서초구,반포3동,47.59,0.373907196,0.038101143
서울특별시,서초구,반포4동,47.59,0.373907196,0.038101143
서울특별시,서초구,방배본동,47.59,0.373907196,0.038101143
서울특별시,서초구,방배1동,47.59,0.373907196,0.038101143
서울특별시,서초구,방배2동,47.59,0.373907196,0.038101143
서울특별시,서초구,방배3동,47.59,0.373907196,0.038101143
서울특별시,서초구,방배4동,47.59,0.373907196,0.038101143
서울특별시,서초구,양재1동,47.59,0.373907196,0.038101143
서울특별시,서초구,양재2동,47.59,0.373907196,0.038101143
서울특별시,서초구,내곡동,47.59,0.373907196,0.038101143
서울특별시,강남구,신사동,43.16,0.522864829,0.053279926
서울특별시,강남구,논현1동,43.16,0.522864829,0.053279926
서울특별시,강남구,논현2동,43.16,0.522864829,0.053279926
서울특별시,강남구,압구정동,43.16,0.522864829,0.053279926
서울특별시,강남구,청담동,43.16,0.522864829,0.053279926
서울특별시,강남구,삼성1동,43.16,0.522864829,0.053279926
서울특별시,강남구,삼성2동,43.16,0.522864829,0.053279926
서울특별시,강남구,대치1동,43.16,0.522864829,0.053279926
서울특별시,강남구,대치2동,43.16,0.522864829,0.053279926
서울특별시,강남구,대치4동,43.16,0.522864829,0.053279926
서울특별시,강남구,역삼1동,43.16,0.522864829,0.053279926
서울특별시,강남구,역삼2동,43.16,0.522864829,0.053279926
서울특별시,강남구,도곡1동,43.16,0.522864829,0.053279926
서울특별시,강남구,도곡2동,43.16,0.522864829,0.053279926
서울특별시,강남구,개포1동,43.16,0.522864829,0.053279926
서울특별시,강남구,개포2동,43.16,0.522864829,0.053279926
서울특별시,강남구,개포3동,43.16,0.522864829,0.053279926
서울특별시,강남구,개포4동,43.16,0.522864829,0.053279926
서울특별시,강남구,세곡동,43.16,0.522864829,0.053279926
서울특별시,강남구,일원본동,43.16,0.522864829,0.053279926
서울특별시,강남구,일원1동,43.16,0.522864829,0.053279926
서울특별시,강남구,수서동,43.16,0.522864829,0.053279926
서울특별시,송파구,풍납1동,40.31,0.61869536,0.063045057
서울특별시,송파구,풍납2동,40.31,0.61869536,0.063045057
서울특별시,송파구,거여1동,40.31,0.61869536,0.063045057
서울특별시,송파구,거여2동,40.31,0.61869536,0.063045057
서울특별시,송파구,마천1동,40.31,0.61869536,0.063045057
서울특별시,송파구,마천2동,40.31,0.61869536,0.063045057
서울특별시,송파구,방이1동,40.31,0.61869536,0.063045057
서울특별시,송파구,방이2동,40.31,0.61869536,0.063045057
서울특별시,송파구,오륜동,40.31,0.61869536,0.063045057
서울특별시,송파구,오금동,40.31,0.61869536,0.063045057
서울특별시,송파구,송파1동,40.31,0.61869536,0.063045057
서울특별시,송파구,송파2동,40.31,0.61869536,0.063045057
서울특별시,송파구,석촌동,40.31,0.61869536,0.063045057
서울특별시,송파구,삼전동,40.31,0.61869536,0.063045057
서울특별시,송파구,가락본동,40.31,0.61869536,0.063045057
서울특별시,송파구,가락1동,40.31,0.61869536,0.063045057
서울특별시,송파구,가락2동,40.31,0.61869536,0.063045057
서울특별시,송파구,문정1동,40.31,0.61869536,0.063045057
서울특별시,송파구,문정2동,40.31,0.61869536,0.063045057
서울특별시,송파구,장지동,40.31,0.61869536,0.063045057
서울특별시,송파구,위례동,40.31,0.61869536,0.063045057
서울특별시,송파구,잠실본동,40.31,0.61869536,0.063045057
서울특별시,송파구,잠실2동,40.31,0.61869536,0.063045057
서울특별시,송파구,잠실3동,40.31,0.61869536,0.063045057
서울특별시,송파구,잠실4동,40.31,0.61869536,0.063045057
서울특별시,송파구,잠실6동,40.31,0.61869536,0.063045057
서울특별시,송파구,잠실7동,40.31,0.61869536,0.063045057
서울특별시,강동구,강일동,38.73,0.671822461,0.068458709
서울특별시,강동구,상일1동,38.73,0.671822461,0.068458709
서울특별시,강동구,상일2동,38.73,0.671822461,0.068458709
서울특별시,강동구,명일1동,38.73,0.671822461,0.068458709
서울특별시,강동구,명일2동,38.73,0.671822461,0.068458709
서울특별시,강동구,고덕1동,38.73,0.671822461,0.068458709
서울특별시,강동구,고덕2동,38.73,0.671822461,0.068458709
서울특별시,강동구,암사1동,38.73,0.671822461,0.068458709
서울특별시,강동구,암사2동,38.73,0.671822461,0.068458709
서울특별시,강동구,암사3동,38.73,0.671822461,0.068458709
서울특별시,강동구,천호1동,38.73,0.671822461,0.068458709
서울특별시,강동구,천호2동,38.73,0.671822461,0.068458709
서울특별시,강동구,천호3동,38.73,0.671822461,0.068458709
서울특별시,강동구,성내1동,38.73,0.671822461,0.068458709
서울특별시,강동구,성내2동,38.73,0.671822461,0.068458709
서울특별시,강동구,성내3동,38.73,0.671822461,0.068458709
서울특별시,강동구,길동,38.73,0.671822461,0.068458709
서울특별시,강동구,둔촌1동,38.73,0.671822461,0.068458709
서울특별시,강동구,둔촌2동,38.73,0.671822461,0.068458709
경기도,성남시 수정구,신흥1동,37.81,0.702757229,0.071610962
경기도,성남시 수정구,신흥2동,37.81,0.702757229,0.071610962
경기도,성남시 수정구,신흥3동,37.81,0.702757229,0.071610962
경기도,성남시 수정구,태평1동,37.81,0.702757229,0.071610962
경기도,성남시 수정구,태평2동,37.81,0.702757229,0.071610962
경기도,성남시 수정구,태평3동,37.81,0.702757229,0.071610962
경기도,성남시 수정구,태평4동,37.81,0.702757229,0.071610962
경기도,성남시 수정구,수진1동,37.81,0.702757229,0.071610962
경기도,성남시 수정구,수진2동,37.81,0.702757229,0.071610962
경기도,성남시 수정구,단대동,37.81,0.702757229,0.071610962
경기도,성남시 수정구,산성동,37.81,0.702757229,0.071610962
경기도,성남시 수정구,양지동,37.81,0.702757229,0.071610962
경기도,성남시 수정구,복정동,37.81,0.702757229,0.071610962
경기도,성남시 수정구,위례동,37.81,0.702757229,0.071610962
경기도,성남시 수정구,신촌동,37.81,0.702757229,0.071610962
경기도,성남시 수정구,고등동,37.81,0.702757229,0.071610962
경기도,성남시 수정구,시흥동,37.81,0.702757229,0.071610962
경기도,성남시 중원구,성남동,37.87,0.700739744,0.07140538
경기도,성남시 중원구,중앙동,37.87,0.700739744,0.07140538
경기도,성남시 중원구,금광1동,37.87,0.700739744,0.07140538
경기도,성남시 중원구,금광2동,37.87,0.700739744,0.07140538
경기도,성남시 중원구,은행1동,37.87,0.700739744,0.07140538
경기도,성남시 중원구,은행2동,37.87,0.700739744,0.07140538
경기도,성남시 중원구,상대원1동,37.87,0.700739744,0.07140538
경기도,성남시 중원구,상대원2동,37.87,0.700739744,0.07140538
경기도,성남시 중원구,상대원3동,37.87,0.700739744,0.07140538
경기도,성남시 중원구,하대원동,37.87,0.700739744,0.07140538
경기도,성남시 중원구,도촌동,37.87,0.700739744,0.07140538
경기도,성남시 분당구,분당동,43.41,0.514458642,0.052423336
경기도,성남시 분당구,수내1동,43.41,0.514458642,0.052423336
경기도,성남시 분당구,수내2동,43.41,0.514458642,0.052423336
경기도,성남시 분당구,수내3동,43.41,0.514458642,0.052423336
경기도,성남시 분당구,정자동,43.41,0.514458642,0.052423336
경기도,성남시 분당구,정자1동,43.41,0.514458642,0.052423336
경기도,성남시 분당구,정자2동,43.41,0.514458642,0.052423336
경기도,성남시 분당구,정자3동,43.41,0.514458642,0.052423336
경기도,성남시 분당구,서현1동,43.41,0.514458642,0.052423336
경기도,성남시 분당구,서현2동,43.41,0.514458642,0.052423336
경기도,성남시 분당구,이매1동,43.41,0.514458642,0.052423336
경기도,성남시 분당구,이매2동,43.41,0.514458642,0.052423336
경기도,성남시 분당구,야탑1동,43.41,0.514458642,0.052423336
경기도,성남시 분당구,야탑2동,43.41,0.514458642,0.052423336
경기도,성남시 분당구,야탑3동,43.41,0.514458642,0.052423336
경기도,성남시 분당구,판교동,43.41,0.514458642,0.052423336
경기도,성남시 분당구,삼평동,43.41,0.514458642,0.052423336
경기도,성남시 분당구,백현동,43.41,0.514458642,0.052423336
경기도,성남시 분당구,금곡동,43.41,0.514458642,0.052423336
경기도,성남시 분당구,구미1동,43.41,0.514458642,0.052423336
경기도,성남시 분당구,구미동,43.41,0.514458642,0.052423336
경기도,성남시 분당구,운중동,43.41,0.514458642,0.052423336
경기도,안양시 만안구,안양1동,48.06,0.358103564,0.036490753
경기도,안양시 만안구,안양2동,48.06,0.358103564,0.036490753
경기도,안양시 만안구,안양3동,48.06,0.358103564,0.036490753
경기도,안양시 만안구,안양4동,48.06,0.358103564,0.036490753
경기도,안양시 만안구,안양5동,48.06,0.358103564,0.036490753
경기도,안양시 만안구,안양6동,48.06,0.358103564,0.036490753
경기도,안양시 만안구,안양7동,48.06,0.358103564,0.036490753
경기도,안양시 만안구,안양8동,48.06,0.358103564,0.036490753
경기도,안양시 만안구,안양9동,48.06,0.358103564,0.036490753
경기도,안양시 만안구,석수1동,48.06,0.358103564,0.036490753
경기도,안양시 만안구,석수2동,48.06,0.358103564,0.036490753
경기도,안양시 만안구,충훈동,48.06,0.358103564,0.036490753
경기도,안양시 만안구,박달동,48.06,0.358103564,0.036490753
경기도,안양시 만안구,호현동,48.06,0.358103564,0.036490753
경기도,안양시 동안구,비산1동,58.71,0,0
경기도,안양시 동안구,비산2동,58.71,0,0
경기도,안양시 동안구,비산3동,58.71,0,0
경기도,안양시 동안구,부흥동,58.71,0,0
경기도,안양시 동안구,달안동,58.71,0,0
경기도,안양시 동안구,관양동,58.71,0,0
경기도,안양시 동안구,인덕원동,58.71,0,0
경기도,안양시 동안구,부림동,58.71,0,0
경기도,안양시 동안구,평촌동,58.71,0,0
경기도,안양시 동안구,평안동,58.71,0,0
경기도,안양시 동안구,귀인동,58.71,0,0
경기도,안양시 동안구,호계1동,58.71,0,0
경기도,안양시 동안구,호계2동,58.71,0,0
경기도,안양시 동안구,호계3동,58.71,0,0
경기도,안양시 동안구,범계동,58.71,0,0
경기도,안양시 동안구,신촌동,58.71,0,0
경기도,안양시 동안구,갈산동,58.71,0,0
경기도,부천시 원미구,심곡1동,41,0.595494284,0.060680868
경기도,부천시 원미구,심곡2동,41,0.595494284,0.060680868
경기도,부천시 원미구,심곡3동,41,0.595494284,0.060680868
경기도,부천시 원미구,원미1동,41,0.595494284,0.060680868
경기도,부천시 원미구,원미2동,41,0.595494284,0.060680868
경기도,부천시 원미구,소사동,41,0.595494284,0.060680868
경기도,부천시 원미구,역곡1동,41,0.595494284,0.060680868
경기도,부천시 원미구,역곡2동,41,0.595494284,0.060680868
경기도,부천시 원미구,춘의동,41,0.595494284,0.060680868
경기도,부천시 원미구,도당동,41,0.595494284,0.060680868
경기도,부천시 원미구,약대동,41,0.595494284,0.060680868
경기도,부천시 원미구,중동,41,0.595494284,0.060680868
경기도,부천시 원미구,중1동,41,0.595494284,0.060680868
경기도,부천시 원미구,중2동,41,0.595494284,0.060680868
경기도,부천시 원미구,중3동,41,0.595494284,0.060680868
경기도,부천시 원미구,중4동,41,0.595494284,0.060680868
경기도,부천시 원미구,상동,41,0.595494284,0.060680868
경기도,부천시 원미구,상1동,41,0.595494284,0.060680868
경기도,부천시 원미구,상2동,41,0.595494284,0.060680868
경기도,부천시 원미구,상3동,41,0.595494284,0.060680868
경기도,부천시 소사구,심곡본1동,41,0.595494284,0.060680868
경기도,부천시 소사구,심곡본동,41,0.595494284,0.060680868
경기도,부천시 소사구,소사본동,41,0.595494284,0.060680868
경기도,부천시 소사구,소사본1동,41,0.595494284,0.060680868
경기도,부천시 소사구,범박동,41,0.595494284,0.060680868
경기도,부천시 소사구,옥길동,41,0.595494284,0.060680868
경기도,부천시 소사구,괴안동,41,0.595494284,0.060680868
경기도,부천시 소사구,역곡3동,41,0.595494284,0.060680868
경기도,부천시 소사구,송내1동,41,0.595494284,0.060680868
경기도,부천시 소사구,송내2동,41,0.595494284,0.060680868
경기도,부천시 오정구,성곡동,41,0.595494284,0.060680868
경기도,부천시 오정구,원종1동,41,0.595494284,0.060680868
경기도,부천시 오정구,원종2동,41,0.595494284,0.060680868
경기도,부천시 오정구,고강본동,41,0.595494284,0.060680868
경기도,부천시 오정구,고강1동,41,0.595494284,0.060680868
경기도,부천시 오정구,오정동,41,0.595494284,0.060680868
경기도,부천시 오정구,신흥동,41,0.595494284,0.060680868
경기도,광명시,광명1동,41.18,0.589441829,0.060064122
경기도,광명시,광명2동,41.18,0.589441829,0.060064122
경기도,광명시,광명3동,41.18,0.589441829,0.060064122
경기도,광명시,광명4동,41.18,0.589441829,0.060064122
경기도,광명시,광명5동,41.18,0.589441829,0.060064122
경기도,광명시,광명6동,41.18,0.589441829,0.060064122
경기도,광명시,광명7동,41.18,0.589441829,0.060064122
경기도,광명시,철산1동,41.18,0.589441829,0.060064122
경기도,광명시,철산2동,41.18,0.589441829,0.060064122
경기도,광명시,철산3동,41.18,0.589441829,0.060064122
경기도,광명시,철산4동,41.18,0.589441829,0.060064122
경기도,광명시,하안1동,41.18,0.589441829,0.060064122
경기도,광명시,하안2동,41.18,0.589441829,0.060064122
경기도,광명시,하안3동,41.18,0.589441829,0.060064122
경기도,광명시,하안4동,41.18,0.589441829,0.060064122
경기도,광명시,소하1동,41.18,0.589441829,0.060064122
경기도,광명시,소하2동,41.18,0.589441829,0.060064122
경기도,광명시,일직동,41.18,0.589441829,0.060064122
경기도,광명시,학온동,41.18,0.589441829,0.060064122
경기도,고양시 덕양구,주교동,37.82,0.702420982,0.071576698
경기도,고양시 덕양구,원신동,37.82,0.702420982,0.071576698
경기도,고양시 덕양구,흥도동,37.82,0.702420982,0.071576698
경기도,고양시 덕양구,성사1동,37.82,0.702420982,0.071576698
경기도,고양시 덕양구,성사2동,37.82,0.702420982,0.071576698
경기도,고양시 덕양구,효자동,37.82,0.702420982,0.071576698
경기도,고양시 덕양구,삼송1동,37.82,0.702420982,0.071576698
경기도,고양시 덕양구,삼송2동,37.82,0.702420982,0.071576698
경기도,고양시 덕양구,창릉동,37.82,0.702420982,0.071576698
경기도,고양시 덕양구,고양동,37.82,0.702420982,0.071576698
경기도,고양시 덕양구,관산동,37.82,0.702420982,0.071576698
경기도,고양시 덕양구,능곡동,37.82,0.702420982,0.071576698
경기도,고양시 덕양구,화정1동,37.82,0.702420982,0.071576698
경기도,고양시 덕양구,화정2동,37.82,0.702420982,0.071576698
경기도,고양시 덕양구,행주동,37.82,0.702420982,0.071576698
경기도,고양시 덕양구,행신1동,37.82,0.702420982,0.071576698
경기도,고양시 덕양구,행신2동,37.82,0.702420982,0.071576698
경기도,고양시 덕양구,행신3동,37.82,0.702420982,0.071576698
경기도,고양시 덕양구,행신4동,37.82,0.702420982,0.071576698
경기도,고양시 덕양구,화전동,37.82,0.702420982,0.071576698
경기도,고양시 덕양구,대덕동,37.82,0.702420982,0.071576698
경기도,고양시 일산동구,식사동,41.56,0.576664425,0.058762105
경기도,고양시 일산동구,중산1동,41.56,0.576664425,0.058762105
경기도,고양시 일산동구,중산2동,41.56,0.576664425,0.058762105
경기도,고양시 일산동구,정발산동,41.56,0.576664425,0.058762105
경기도,고양시 일산동구,풍산동,41.56,0.576664425,0.058762105
경기도,고양시 일산동구,백석1동,41.56,0.576664425,0.058762105
경기도,고양시 일산동구,백석2동,41.56,0.576664425,0.058762105
경기도,고양시 일산동구,마두1동,41.56,0.576664425,0.058762105
경기도,고양시 일산동구,마두2동,41.56,0.576664425,0.058762105
경기도,고양시 일산동구,장항1동,41.56,0.576664425,0.058762105
경기도,고양시 일산동구,장항2동,41.56,0.576664425,0.058762105
경기도,고양시 일산동구,고봉동,41.56,0.576664425,0.058762105
경기도,고양시 일산서구,일산1동,38.86,0.667451244,0.068013282
경기도,고양시 일산서구,일산2동,38.86,0.667451244,0.068013282
경기도,고양시 일산서구,일산3동,38.86,0.667451244,0.068013282
경기도,고양시 일산서구,탄현1동,38.86,0.667451244,0.068013282
경기도,고양시 일산서구,탄현2동,38.86,0.667451244,0.068013282
경기도,고양시 일산서구,주엽1동,38.86,0.667451244,0.068013282
경기도,고양시 일산서구,주엽2동,38.86,0.667451244,0.068013282
경기도,고양시 일산서구,대화동,38.86,0.667451244,0.068013282
경기도,고양시 일산서구,송포동,38.86,0.667451244,0.068013282
경기도,고양시 일산서구,덕이동,38.86,0.667451244,0.068013282
경기도,고양시 일산서구,가좌동,38.86,0.667451244,0.068013282
경기도,구리시,갈매동,37.66,0.707800941,0.072124916
경기도,구리시,동구동,37.66,0.707800941,0.072124916
경기도,구리시,인창동,37.66,0.707800941,0.072124916
경기도,구리시,교문1동,37.66,0.707800941,0.072124916
경기도,구리시,교문2동,37.66,0.707800941,0.072124916
경기도,구리시,수택1동,37.66,0.707800941,0.072124916
경기도,구리시,수택2동,37.66,0.707800941,0.072124916
경기도,구리시,수택3동,37.66,0.707800941,0.072124916
경기도,남양주시,와부읍,42.56,0.543039677,0.055335743
경기도,남양주시,진접읍,42.56,0.543039677,0.055335743
경기도,남양주시,화도읍,42.56,0.543039677,0.055335743
경기도,남양주시,화도읍동부출장소,42.56,0.543039677,0.055335743
경기도,남양주시,화도읍남부출장소,42.56,0.543039677,0.055335743
경기도,남양주시,진건읍,42.56,0.543039677,0.055335743
경기도,남양주시,오남읍,42.56,0.543039677,0.055335743
경기도,남양주시,퇴계원읍,42.56,0.543039677,0.055335743
경기도,남양주시,별내면,42.56,0.543039677,0.055335743
경기도,남양주시,수동면,42.56,0.543039677,0.055335743
경기도,남양주시,조안면,42.56,0.543039677,0.055335743
경기도,남양주시,호평동,42.56,0.543039677,0.055335743
경기도,남양주시,평내동,42.56,0.543039677,0.055335743
경기도,남양주시,금곡동,42.56,0.543039677,0.055335743
경기도,남양주시,양정동,42.56,0.543039677,0.055335743
경기도,남양주시,다산1동,42.56,0.543039677,0.055335743
경기도,남양주시,다산2동,42.56,0.543039677,0.055335743
경기도,남양주시,별내동,42.56,0.543039677,0.055335743
경기도,하남시,천현동,35.88,0.767652993,0.07822384
경기도,하남시,신장1동,35.88,0.767652993,0.07822384
경기도,하남시,신장2동,35.88,0.767652993,0.07822384
경기도,하남시,덕풍1동,35.88,0.767652993,0.07822384
경기도,하남시,덕풍2동,35.88,0.767652993,0.07822384
경기도,하남시,덕풍3동,35.88,0.767652993,0.07822384
경기도,하남시,감북동,35.88,0.767652993,0.07822384
경기도,하남시,감일동,35.88,0.767652993,0.07822384
경기도,하남시,위례동,35.88,0.767652993,0.07822384
경기도,하남시,춘궁동,35.88,0.767652993,0.07822384
경기도,하남시,초이동,35.88,0.767652993,0.07822384
경기도,하남시,미사1동,35.88,0.767652993,0.07822384
경기도,하남시,미사2동,35.88,0.767652993,0.07822384
경기도,하남시,미사3동,35.88,0.767652993,0.07822384
경기도,용인시 처인구,포곡읍,36.24,0.755548083,0.07699035
경기도,용인시 처인구,모현읍,36.24,0.755548083,0.07699035
경기도,용인시 처인구,이동읍,36.24,0.755548083,0.07699035
경기도,용인시 처인구,남사읍,36.24,0.755548083,0.07699035
경기도,용인시 처인구,양지읍,36.24,0.755548083,0.07699035
경기도,용인시 처인구,원삼면,36.24,0.755548083,0.07699035
경기도,용인시 처인구,백암면,36.24,0.755548083,0.07699035
경기도,용인시 처인구,중앙동,36.24,0.755548083,0.07699035
경기도,용인시 처인구,역북동,36.24,0.755548083,0.07699035
경기도,용인시 처인구,삼가동,36.24,0.755548083,0.07699035
경기도,용인시 처인구,유림1동,36.24,0.755548083,0.07699035
경기도,용인시 처인구,유림2동,36.24,0.755548083,0.07699035
경기도,용인시 처인구,동부동,36.24,0.755548083,0.07699035
경기도,용인시 기흥구,신갈동,42.95,0.529926026,0.053999462
경기도,용인시 기흥구,영덕1동,42.95,0.529926026,0.053999462
경기도,용인시 기흥구,영덕2동,42.95,0.529926026,0.053999462
경기도,용인시 기흥구,구갈동,42.95,0.529926026,0.053999462
경기도,용인시 기흥구,상갈동,42.95,0.529926026,0.053999462
경기도,용인시 기흥구,보라동,42.95,0.529926026,0.053999462
경기도,용인시 기흥구,기흥동,42.95,0.529926026,0.053999462
경기도,용인시 기흥구,서농동,42.95,0.529926026,0.053999462
경기도,용인시 기흥구,구성동,42.95,0.529926026,0.053999462
경기도,용인시 기흥구,마북동,42.95,0.529926026,0.053999462
경기도,용인시 기흥구,동백1동,42.95,0.529926026,0.053999462
경기도,용인시 기흥구,동백2동,42.95,0.529926026,0.053999462
경기도,용인시 기흥구,동백3동,42.95,0.529926026,0.053999462
경기도,용인시 기흥구,상하동,42.95,0.529926026,0.053999462
경기도,용인시 기흥구,보정동,42.95,0.529926026,0.053999462
경기도,용인시 수지구,풍덕천1동,40.96,0.596839274,0.060817922
경기도,용인시 수지구,풍덕천2동,40.96,0.596839274,0.060817922
경기도,용인시 수지구,신봉동,40.96,0.596839274,0.060817922
경기도,용인시 수지구,죽전1동,40.96,0.596839274,0.060817922
경기도,용인시 수지구,죽전2동,40.96,0.596839274,0.060817922
경기도,용인시 수지구,죽전3동,40.96,0.596839274,0.060817922
경기도,용인시 수지구,동천동,40.96,0.596839274,0.060817922
경기도,용인시 수지구,상현1동,40.96,0.596839274,0.060817922
경기도,용인시 수지구,상현2동,40.96,0.596839274,0.060817922
경기도,용인시 수지구,상현3동,40.96,0.596839274,0.060817922
경기도,용인시 수지구,성복동,40.96,0.596839274,0.060817922
경기도,김포시,통진읍,43.65,0.506388702,0.051601009
경기도,김포시,고촌읍,43.65,0.506388702,0.051601009
경기도,김포시,양촌읍,43.65,0.506388702,0.051601009
경기도,김포시,대곶면,43.65,0.506388702,0.051601009
경기도,김포시,월곶면,43.65,0.506388702,0.051601009
경기도,김포시,하성면,43.65,0.506388702,0.051601009
경기도,김포시,김포본동,43.65,0.506388702,0.051601009
경기도,김포시,장기본동,43.65,0.506388702,0.051601009
경기도,김포시,사우동,43.65,0.506388702,0.051601009
경기도,김포시,풍무동,43.65,0.506388702,0.051601009
경기도,김포시,장기동,43.65,0.506388702,0.051601009
경기도,김포시,구래동,43.65,0.506388702,0.051601009
경기도,김포시,마산동,43.65,0.506388702,0.051601009
경기도,김포시,운양동,43.65,0.506388702,0.051601009
인천광역시,중구,연안동,38.38,0.683591123,0.069657935
인천광역시,중구,신포동,38.38,0.683591123,0.069657935
인천광역시,중구,신흥동,38.38,0.683591123,0.069657935
인천광역시,중구,도원동,38.38,0.683591123,0.069657935
인천광역시,중구,율목동,38.38,0.683591123,0.069657935
인천광역시,중구,동인천동,38.38,0.683591123,0.069657935
인천광역시,중구,개항동,38.38,0.683591123,0.069657935
인천광역시,중구,영종동,38.38,0.683591123,0.069657935
인천광역시,중구,영종1동,38.38,0.683591123,0.069657935
인천광역시,중구,영종2동,38.38,0.683591123,0.069657935
인천광역시,중구,용유동,38.38,0.683591123,0.069657935
인천광역시,중구,운서1동,38.38,0.683591123,0.069657935
인천광역시,중구,운서2동,38.38,0.683591123,0.069657935
인천광역시,동구,만석동,34.37,0.818426362,0.083397646
인천광역시,동구,화수1.화평동,34.37,0.818426362,0.083397646
인천광역시,동구,화수2동,34.37,0.818426362,0.083397646
인천광역시,동구,송현1.2동,34.37,0.818426362,0.083397646
인천광역시,동구,송현3동,34.37,0.818426362,0.083397646
인천광역시,동구,송림1동,34.37,0.818426362,0.083397646
인천광역시,동구,송림2동,34.37,0.818426362,0.083397646
인천광역시,동구,송림3.5동,34.37,0.818426362,0.083397646
인천광역시,동구,송림4동,34.37,0.818426362,0.083397646
인천광역시,동구,송림6동,34.37,0.818426362,0.083397646
인천광역시,동구,금창동,34.37,0.818426362,0.083397646
인천광역시,미추홀구,숭의2동,42.05,0.560188299,0.057083188
인천광역시,미추홀구,숭의1.3동,42.05,0.560188299,0.057083188
인천광역시,미추홀구,숭의4동,42.05,0.560188299,0.057083188
인천광역시,미추홀구,용현1.4동,42.05,0.560188299,0.057083188
인천광역시,미추홀구,용현2동,42.05,0.560188299,0.057083188
인천광역시,미추홀구,용현3동,42.05,0.560188299,0.057083188
인천광역시,미추홀구,용현5동,42.05,0.560188299,0.057083188
인천광역시,미추홀구,학익1동,42.05,0.560188299,0.057083188
인천광역시,미추홀구,학익2동,42.05,0.560188299,0.057083188
인천광역시,미추홀구,도화1동,42.05,0.560188299,0.057083188
인천광역시,미추홀구,도화2.3동,42.05,0.560188299,0.057083188
인천광역시,미추홀구,주안1동,42.05,0.560188299,0.057083188
인천광역시,미추홀구,주안2동,42.05,0.560188299,0.057083188
인천광역시,미추홀구,주안3동,42.05,0.560188299,0.057083188
인천광역시,미추홀구,주안4동,42.05,0.560188299,0.057083188
인천광역시,미추홀구,주안5동,42.05,0.560188299,0.057083188
인천광역시,미추홀구,주안6동,42.05,0.560188299,0.057083188
인천광역시,미추홀구,주안7동,42.05,0.560188299,0.057083188
인천광역시,미추홀구,주안8동,42.05,0.560188299,0.057083188
인천광역시,미추홀구,관교동,42.05,0.560188299,0.057083188
인천광역시,미추홀구,문학동,42.05,0.560188299,0.057083188
인천광역시,연수구,옥련1동,37.72,0.705783457,0.071919334
인천광역시,연수구,옥련2동,37.72,0.705783457,0.071919334
인천광역시,연수구,선학동,37.72,0.705783457,0.071919334
인천광역시,연수구,연수1동,37.72,0.705783457,0.071919334
인천광역시,연수구,연수2동,37.72,0.705783457,0.071919334
인천광역시,연수구,연수3동,37.72,0.705783457,0.071919334
인천광역시,연수구,청학동,37.72,0.705783457,0.071919334
인천광역시,연수구,동춘1동,37.72,0.705783457,0.071919334
인천광역시,연수구,동춘2동,37.72,0.705783457,0.071919334
인천광역시,연수구,동춘3동,37.72,0.705783457,0.071919334
인천광역시,연수구,송도1동,37.72,0.705783457,0.071919334
인천광역시,연수구,송도2동,37.72,0.705783457,0.071919334
인천광역시,연수구,송도3동,37.72,0.705783457,0.071919334
인천광역시,연수구,송도4동,37.72,0.705783457,0.071919334
인천광역시,연수구,송도5동,37.72,0.705783457,0.071919334
인천광역시,남동구,구월1동,42.04,0.560524546,0.057117451
인천광역시,남동구,구월2동,42.04,0.560524546,0.057117451
인천광역시,남동구,구월3동,42.04,0.560524546,0.057117451
인천광역시,남동구,구월4동,42.04,0.560524546,0.057117451
인천광역시,남동구,간석1동,42.04,0.560524546,0.057117451
인천광역시,남동구,간석2동,42.04,0.560524546,0.057117451
인천광역시,남동구,간석3동,42.04,0.560524546,0.057117451
인천광역시,남동구,간석4동,42.04,0.560524546,0.057117451
인천광역시,남동구,만수1동,42.04,0.560524546,0.057117451
인천광역시,남동구,만수2동,42.04,0.560524546,0.057117451
인천광역시,남동구,만수3동,42.04,0.560524546,0.057117451
인천광역시,남동구,만수4동,42.04,0.560524546,0.057117451
인천광역시,남동구,만수5동,42.04,0.560524546,0.057117451
인천광역시,남동구,만수6동,42.04,0.560524546,0.057117451
인천광역시,남동구,장수서창동,42.04,0.560524546,0.057117451
인천광역시,남동구,서창2동,42.04,0.560524546,0.057117451
인천광역시,남동구,남촌도림동,42.04,0.560524546,0.057117451
인천광역시,남동구,논현1동,42.04,0.560524546,0.057117451
인천광역시,남동구,논현2동,42.04,0.560524546,0.057117451
인천광역시,남동구,논현고잔동,42.04,0.560524546,0.057117451
인천광역시,부평구,부평1동,38.45,0.681237391,0.06941809
인천광역시,부평구,부평2동,38.45,0.681237391,0.06941809
인천광역시,부평구,부평3동,38.45,0.681237391,0.06941809
인천광역시,부평구,부평4동,38.45,0.681237391,0.06941809
인천광역시,부평구,부평5동,38.45,0.681237391,0.06941809
인천광역시,부평구,부평6동,38.45,0.681237391,0.06941809
인천광역시,부평구,산곡1동,38.45,0.681237391,0.06941809
인천광역시,부평구,산곡2동,38.45,0.681237391,0.06941809
인천광역시,부평구,산곡3동,38.45,0.681237391,0.06941809
인천광역시,부평구,산곡4동,38.45,0.681237391,0.06941809
인천광역시,부평구,청천1동,38.45,0.681237391,0.06941809
인천광역시,부평구,청천2동,38.45,0.681237391,0.06941809
인천광역시,부평구,갈산1동,38.45,0.681237391,0.06941809
인천광역시,부평구,갈산2동,38.45,0.681237391,0.06941809
인천광역시,부평구,삼산1동,38.45,0.681237391,0.06941809
인천광역시,부평구,삼산2동,38.45,0.681237391,0.06941809
인천광역시,부평구,부개1동,38.45,0.681237391,0.06941809
인천광역시,부평구,부개2동,38.45,0.681237391,0.06941809
인천광역시,부평구,부개3동,38.45,0.681237391,0.06941809
인천광역시,부평구,일신동,38.45,0.681237391,0.06941809
인천광역시,부평구,십정1동,38.45,0.681237391,0.06941809
인천광역시,부평구,십정2동,38.45,0.681237391,0.06941809
인천광역시,계양구,효성1동,40.83,0.601210491,0.061263349
인천광역시,계양구,효성2동,40.83,0.601210491,0.061263349
인천광역시,계양구,계산1동,40.83,0.601210491,0.061263349
인천광역시,계양구,계산2동,40.83,0.601210491,0.061263349
인천광역시,계양구,계산3동,40.83,0.601210491,0.061263349
인천광역시,계양구,계산4동,40.83,0.601210491,0.061263349
인천광역시,계양구,작전1동,40.83,0.601210491,0.061263349
인천광역시,계양구,작전2동,40.83,0.601210491,0.061263349
인천광역시,계양구,작전서운동,40.83,0.601210491,0.061263349
인천광역시,계양구,계양1동,40.83,0.601210491,0.061263349
인천광역시,계양구,계양2동,40.83,0.601210491,0.061263349
인천광역시,계양구,계양3동,40.83,0.601210491,0.061263349
인천광역시,서구,검암경서동,42.46,0.546402152,0.055678379
인천광역시,서구,연희동,42.46,0.546402152,0.055678379
인천광역시,서구,청라1동,42.46,0.546402152,0.055678379
인천광역시,서구,청라2동,42.46,0.546402152,0.055678379
인천광역시,서구,청라3동,42.46,0.546402152,0.055678379
인천광역시,서구,가정1동,42.46,0.546402152,0.055678379
인천광역시,서구,가정2동,42.46,0.546402152,0.055678379
인천광역시,서구,가정3동,42.46,0.546402152,0.055678379
인천광역시,서구,석남1동,42.46,0.546402152,0.055678379
인천광역시,서구,석남2동,42.46,0.546402152,0.055678379
인천광역시,서구,석남3동,42.46,0.546402152,0.055678379
인천광역시,서구,신현원창동,42.46,0.546402152,0.055678379
인천광역시,서구,가좌1동,42.46,0.546402152,0.055678379
인천광역시,서구,가좌2동,42.46,0.546402152,0.055678379
인천광역시,서구,가좌3동,42.46,0.546402152,0.055678379
인천광역시,서구,가좌4동,42.46,0.546402152,0.055678379
인천광역시,서구,검단동,42.46,0.546402152,0.055678379
인천광역시,서구,불로대곡동,42.46,0.546402152,0.055678379
인천광역시,서구,원당동,42.46,0.546402152,0.055678379
인천광역시,서구,당하동,42.46,0.546402152,0.055678379
인천광역시,서구,오류왕길동,42.46,0.546402152,0.055678379
인천광역시,서구,마전동,42.46,0.546402152,0.055678379
인천광역시,서구,아라1동,42.46,0.546402152,0.055678379
인천광역시,서구,아라2동,42.46,0.546402152,0.055678379
인천광역시,강화군,강화읍,36.25,0.755211836,0.076956086
인천광역시,강화군,선원면,36.25,0.755211836,0.076956086
인천광역시,강화군,불은면,36.25,0.755211836,0.076956086
인천광역시,강화군,길상면,36.25,0.755211836,0.076956086
인천광역시,강화군,화도면,36.25,0.755211836,0.076956086
인천광역시,강화군,양도면,36.25,0.755211836,0.076956086
인천광역시,강화군,내가면,36.25,0.755211836,0.076956086
인천광역시,강화군,하점면,36.25,0.755211836,0.076956086
인천광역시,강화군,양사면,36.25,0.755211836,0.076956086
인천광역시,강화군,송해면,36.25,0.755211836,0.076956086
인천광역시,강화군,교동면,36.25,0.755211836,0.076956086
인천광역시,강화군,삼산면,36.25,0.755211836,0.076956086
인천광역시,강화군,서도면,36.25,0.755211836,0.076956086
인천광역시,강화군,서도면볼음출장소,36.25,0.755211836,0.076956086
인천광역시,옹진군,북도면,35.04,0.795897781,0.081101984
인천광역시,옹진군,북도면장봉출장소,35.04,0.795897781,0.081101984
인천광역시,옹진군,백령면,35.04,0.795897781,0.081101984
인천광역시,옹진군,대청면,35.04,0.795897781,0.081101984
인천광역시,옹진군,대청면소청출장소,35.04,0.795897781,0.081101984
인천광역시,옹진군,덕적면,35.04,0.795897781,0.081101984
인천광역시,옹진군,영흥면,35.04,0.795897781,0.081101984
인천광역시,옹진군,자월면,35.04,0.795897781,0.081101984
인천광역시,옹진군,자월면이작출장소,35.04,0.795897781,0.081101984
인천광역시,옹진군,연평면,35.04,0.795897781,0.081101984
