시군구,행정동,어린이집_가중치,학급당학생수_가중치,가중치_합산
송파구,가락1동,0.002265789,0.03796634,0.040232129
송파구,가락2동,0.003967742,0.037142276,0.041110018
송파구,가락본동,0.003838298,0.031981388,0.035819685999999996
구로구,가리봉동,0.005234043,0.022644109,0.027878152
금천구,가산동,0.006082418,0.028467688,0.034550106000000004
강서구,가양1동,0.007386423,0.031421882,0.038808305
강서구,가양2동,0.006362069,0.028418858,0.034780927
강서구,가양3동,0.004462585,0.017979592,0.022442177
서구,가정1동,0.002575916,0.048123072,0.050698988
서구,가정2동,0.001881054,0.044631638,0.046512692
서구,가정3동,0.003539568,0.030094169,0.033633737
서구,가좌1동,0.004328446,0.027891103,0.032219549
서구,가좌2동,0.003759825,0.033013264,0.036773089
서구,가좌3동,0.00212069,0.038405939,0.040526629
서구,가좌4동,0.004169492,0.041055016,0.045224508
고양시 일산서구,가좌동,0.006116022,0.041014273,0.047130294999999996
종로구,가회동,0.012724138,0.031495126,0.044219263999999994
남동구,간석1동,0.003194805,0.042093439,0.045288244000000005
남동구,간석2동,0.004813043,0.044696056,0.049509099
남동구,간석3동,0.004384158,0.033888938,0.038273096
남동구,간석4동,0.002669767,0.040220256,0.042890023
구리시,갈매동,0.004125,0.04664222,0.05076722
부평구,갈산1동,0.003049587,0.035191459,0.038241046
부평구,갈산2동,0.006307692,0.033661676,0.039969368000000005
안양시 동안구,갈산동,0.004265896,0.048913266,0.053179161999999995
은평구,갈현1동,0.006910112,0.0,0.006910112
은평구,갈현2동,0.005290323,0.033624099,0.038914422
하남시,감일동,0.003715421,0.044829112,0.048544533
강동구,강일동,0.004375494,0.037074102,0.041449596
강화군,강화읍,0.002584939,0.035395665,0.037980604
구로구,개봉1동,0.003239506,0.032582621,0.035822127
구로구,개봉2동,0.005923954,0.0,0.005923954
구로구,개봉3동,0.004850704,0.031956349,0.036807053
강남구,개포1동,0.000954413,0.042064868,0.043019281
강남구,개포2동,0.000972332,0.039978858,0.04095119
강남구,개포3동,0.003037037,0.042921265,0.045958302
강남구,개포4동,0.002709914,0.030805767,0.033515681
중구,개항동,0.004730769,0.0,0.004730769
송파구,거여1동,0.006678733,0.029256592,0.035935325000000004
송파구,거여2동,0.004085409,0.033153257,0.037238666
서구,검단동,0.00421865,0.044561794,0.048780444
서구,검암경서동,0.004399404,0.042062382,0.046461786000000005
계양구,계산1동,0.007270936,0.027684211,0.034955147
계양구,계산2동,0.006212121,0.027561909,0.03377403
계양구,계산3동,0.005082645,0.038704845,0.04378749
계양구,계산4동,0.004753623,0.040401542,0.045155165
계양구,계양1동,0.010175182,0.041210516,0.051385698
계양구,계양2동,0.004400716,0.034308599,0.038709315
계양구,계양3동,0.002984402,0.0,0.002984402
부천시 오정구,고강1동,0.011310345,0.039761473,0.051071818
부천시 오정구,고강본동,0.004066116,0.039853942,0.043920058000000005
강동구,고덕1동,0.002932936,0.044130406,0.047063341999999994
강동구,고덕2동,0.00306781,0.041832402,0.044900211999999995
성남시 수정구,고등동,0.002536082,0.04033051,0.042866592
고양시 일산동구,고봉동,0.002914692,0.025798723,0.028713415
고양시 덕양구,고양동,0.006246094,0.041871653,0.048117747
구로구,고척1동,0.003045093,0.034391422,0.037436515
구로구,고척2동,0.005877133,0.032590699,0.038467832
김포시,고촌읍,0.003827586,0.047648496,0.051476082
마포구,공덕동,0.002990881,0.030903939,0.03389482
노원구,공릉1동,0.005774648,0.028551614,0.034326261999999996
노원구,공릉2동,0.004582712,0.037996306,0.042579018
강서구,공항동,0.00328626,0.035962616,0.039248876
미추홀구,관교동,0.005668203,0.044819596,0.050487799
고양시 덕양구,관산동,0.003656051,0.042258124,0.045914175
안양시 동안구,관양동,0.006358643,0.036286897,0.042645539999999996
광명시,광명1동,0.001504587,0.0,0.001504587
광명시,광명2동,0.00089781,0.0,0.00089781
광명시,광명3동,0.002411765,0.036918922,0.039330687
광명시,광명4동,0.00572093,0.0,0.00572093
광명시,광명5동,0.007809524,0.038451502,0.046261026
광명시,광명6동,0.004887417,0.044021631,0.048909048
광명시,광명7동,0.003426184,0.0414071,0.044833284
광진구,광장동,0.003545455,0.038966748,0.042512203000000005
중구,광희동,0.006739726,0.031235954,0.03797568
부천시 소사구,괴안동,0.00638961,0.041362757,0.047752367000000004
종로구,교남동,0.003761468,0.030988049,0.034749517
구리시,교문1동,0.006897196,0.030778815,0.037676011
구리시,교문2동,0.004747368,0.043617608,0.048364976000000004
용인시 기흥구,구갈동,0.003053793,0.041326325,0.044380117999999996
김포시,구래동,0.003886617,0.045974572,0.049861189
구로구,구로1동,0.004907731,0.034825017,0.039732748
구로구,구로2동,0.006962264,0.026660991,0.033623255
구로구,구로3동,0.007268182,0.030446574,0.037714756
구로구,구로4동,0.011674576,0.028330283,0.040004859000000004
구로구,구로5동,0.00424626,0.032630416,0.036876676000000004
성남시 분당구,구미1동,0.004489051,0.04587046,0.050359511
성남시 분당구,구미동,0.006190728,0.042319769,0.048510497
은평구,구산동,0.004900398,0.035826317,0.040726715000000004
용인시 기흥구,구성동,0.005168067,0.042499964,0.047668031
남동구,구월1동,0.00382994,0.043148561,0.046978501
남동구,구월2동,0.003858103,0.048101801,0.051959904
남동구,구월3동,0.005882609,0.045682434,0.051565043
남동구,구월4동,0.003539568,0.029816472,0.03335604
광진구,구의1동,0.003228346,0.037777875,0.041006221
광진구,구의2동,0.004833006,0.029781729,0.034614735
광진구,구의3동,0.004169492,0.032932549,0.037102041
광진구,군자동,0.005655172,0.03383895,0.039494122
안양시 동안구,귀인동,0.001822222,0.048874099,0.050696320999999996
남양주시,금곡동,0.00861,0.031636046,0.040246046
성남시 분당구,금곡동,0.003075,0.031636046,0.034711046
성남시 중원구,금광1동,0.002935123,0.041813394,0.044748516999999995
성남시 중원구,금광2동,0.004564948,0.040956798,0.045521746
동구,금창동,0.022363636,0.041248348,0.063611984
성동구,금호1가동,0.003982014,0.033350653,0.037332667
성동구,금호2.3가동,0.003626536,0.029782721,0.033409257000000005
성동구,금호4가동,0.003641447,0.027679903,0.03132135
용인시 기흥구,기흥동,0.006846918,0.034941304,0.041788222
강동구,길동,0.002655359,0.031828291,0.034483650000000005
강화군,길상면,0.002084746,0.027974298,0.030059044
성북구,길음1동,0.003316416,0.037071185,0.040387601
성북구,길음2동,0.002887324,0.0,0.002887324
김포시,김포본동,0.004234742,0.044290464,0.048525206
관악구,낙성대동,0.003671642,0.029900024,0.033571666
관악구,난곡동,0.005109792,0.031911615,0.037021407
관악구,난향동,0.005935657,0.02996157,0.035897227000000004
서대문구,남가좌1동,0.003377574,0.038184789,0.041562363
서대문구,남가좌2동,0.003765306,0.03649101,0.040256316
용인시 처인구,남사읍,0.004683367,0.042092292,0.046775659000000004
용산구,남영동,0.008021739,0.0,0.008021739
남동구,남촌도림동,0.008039216,0.029435409,0.037474625
관악구,남현동,0.003333333,0.024918818,0.028252151
서초구,내곡동,0.005155689,0.035133336,0.040289025
동작구,노량진1동,0.002925089,0.028255863,0.031180951999999998
은평구,녹번동,0.003546859,0.030938468,0.034485327
강남구,논현1동,0.001702422,0.022789497,0.024491918999999997
남동구,논현1동,0.003881068,0.044211412,0.04809248
강남구,논현2동,0.002226244,0.034278417,0.036504661
남동구,논현2동,0.006917399,0.040306782,0.047224181
남동구,논현고잔동,0.003816912,0.047970044,0.051786956
고양시 덕양구,능곡동,0.003953571,0.035243724,0.039197295
광진구,능동,0.0036,0.039317637,0.042917637
남양주시,다산1동,0.003474828,0.046174096,0.049648924
남양주시,다산2동,0.00384375,0.045164129,0.049007879
중구,다산동,0.004969697,0.029789845,0.034759542
성남시 수정구,단대동,0.00440597,0.039136686,0.043542656
안양시 동안구,달안동,0.007028571,0.024528497,0.031557068
동대문구,답십리1동,0.003324324,0.032394265,0.035718588999999995
동대문구,답십리2동,0.0041,0.031153319,0.035253319
영등포구,당산1동,0.005251232,0.0,0.005251232
영등포구,당산2동,0.00341946,0.036405219,0.039824679
서구,당하동,0.002923218,0.04358316,0.046506378
김포시,대곶면,0.007530612,0.020929465,0.028460077
고양시 덕양구,대덕동,0.001755575,0.044725574,0.046481149
영등포구,대림1동,0.005314815,0.02896734,0.034282155
영등포구,대림2동,0.003133758,0.022516895,0.025650653
영등포구,대림3동,0.00502974,0.027704403,0.032734143
동작구,대방동,0.003825816,0.032758265,0.036584081000000004
은평구,대조동,0.003153846,0.028854918,0.032008764
옹진군,대청면,0.022363636,0.007955516,0.030319152
강남구,대치1동,0.003075,0.0526,0.055675
강남구,대치2동,0.002900943,0.04685307,0.049754013
강남구,대치4동,0.006530973,0.035450328,0.041981301000000006
관악구,대학동,0.005590909,0.028885453,0.034476361999999997
고양시 일산서구,대화동,0.005336226,0.039725446,0.045061672
마포구,대흥동,0.002753731,0.032163116,0.034916847
고양시 일산서구,덕이동,0.005052632,0.043403929,0.048456561
옹진군,덕적면,0.0205,0.005615658,0.026115658
하남시,덕풍1동,0.004205128,0.038731109,0.042936237
하남시,덕풍2동,0.004720682,0.037449759,0.042170441
하남시,덕풍3동,0.003324324,0.043949754,0.047274078
강남구,도곡1동,0.002346582,0.044592781,0.046939363
강남구,도곡2동,0.001134948,0.051549465,0.052684413
부천시 원미구,도당동,0.004837079,0.038552269,0.043389348
영등포구,도림동,0.005160839,0.0,0.005160839
도봉구,도봉1동,0.005394737,0.028489173,0.03388391
도봉구,도봉2동,0.00634384,0.031576163,0.037920002999999994
중구,도원동,0.03075,0.032342032,0.06309203199999999
성남시 중원구,도촌동,0.004482916,0.043104566,0.047587482
미추홀구,도화1동,0.002169312,0.040461538,0.04263085
미추홀구,도화2.3동,0.004182996,0.042975923,0.047158919
마포구,도화동,0.00327031,0.032178741,0.035449050999999995
금천구,독산1동,0.003534041,0.032250267,0.035784308
금천구,독산2동,0.007569231,0.028880862,0.036450093
금천구,독산3동,0.004656151,0.026262042,0.030918193
금천구,독산4동,0.009308108,0.025681346,0.034989454
성북구,돈암1동,0.005035088,0.039668881,0.044703969
성북구,돈암2동,0.003696721,0.040411678,0.044108399
구리시,동구동,0.006180905,0.042082886,0.048263791
용인시 기흥구,동백1동,0.005098446,0.046890152,0.051988598
용인시 기흥구,동백2동,0.005661088,0.046765473,0.052426561
용인시 기흥구,동백3동,0.00230102,0.04621614,0.048517160000000004
용인시 처인구,동부동,0.003784615,0.033738522,0.037523137
성북구,동선동,0.004290698,0.03560446,0.039895158
중구,동인천동,0.00984,0.0197268,0.029566799999999997
용인시 수지구,동천동,0.00328453,0.043642937,0.046927467
연수구,동춘1동,0.003075,0.04462685,0.047701850000000004
연수구,동춘2동,0.006122172,0.041249563,0.047371735000000005
연수구,동춘3동,0.006032698,0.048805176,0.054837874
중구,동화동,0.003477032,0.026856309,0.030333341
강동구,둔촌1동,0.000867069,0.03735329,0.038220358999999995
강동구,둔촌2동,0.003629083,0.031895817,0.0355249
강서구,등촌1동,0.004235762,0.031019037,0.035254798999999996
강서구,등촌2동,0.002578616,0.033821988,0.036400603999999996
강서구,등촌3동,0.004629862,0.032790275,0.037420137
고양시 일산동구,마두1동,0.006632353,0.04381293,0.050445283
고양시 일산동구,마두2동,0.003727273,0.045041128,0.048768401
용인시 기흥구,마북동,0.003678505,0.042443061,0.046121565999999996
김포시,마산동,0.003709828,0.048663837,0.052373665
성동구,마장동,0.005379722,0.030335953,0.035715675
서구,마전동,0.005670213,0.048607329,0.054277542
송파구,마천1동,0.005,0.030274385,0.035274385
송파구,마천2동,0.007967611,0.023163567,0.031131178
동구,만석동,0.008386364,0.0,0.008386364
남동구,만수1동,0.005040984,0.030449348,0.035490332
남동구,만수2동,0.0046125,0.044972064,0.049584564
남동구,만수3동,0.004513761,0.040330637,0.044844398
남동구,만수4동,0.004111421,0.037117309,0.04122873
남동구,만수5동,0.002111588,0.0,0.002111588
남동구,만수6동,0.007028571,0.038570098,0.045598668999999994
중랑구,망우3동,0.005020408,0.031050025,0.036070433
중랑구,망우본동,0.002880165,0.031880505,0.03476067
마포구,망원1동,0.006327974,0.0,0.006327974
마포구,망원2동,0.004341176,0.030462728,0.034803904000000004
중랑구,면목2동,0.005077982,0.029474799,0.034552781
중랑구,면목3.8동,0.004402685,0.039181942,0.043584627
중랑구,면목4동,0.00328,0.033545972,0.036825972
중랑구,면목5동,0.001846154,0.0,0.001846154
중랑구,면목7동,0.003943888,0.02893157,0.032875458
중랑구,면목본동,0.004290698,0.031845929,0.036136627000000004
중구,명동,0.0656,0.022444201,0.088044201
강동구,명일1동,0.003045714,0.03805697,0.041102684
강동구,명일2동,0.005655172,0.034186016,0.039841188
용인시 처인구,모현읍,0.003258278,0.039840732,0.04309900999999999
양천구,목1동,0.002781407,0.046546867,0.049328274
양천구,목2동,0.004615385,0.029782721,0.034398106
양천구,목3동,0.003932504,0.037061707,0.040994211
양천구,목4동,0.003894459,0.034611069,0.038505528000000004
양천구,목5동,0.003059067,0.042113107,0.045172173999999995
종로구,무악동,0.003167382,0.030125773,0.033293155000000005
중랑구,묵1동,0.004780269,0.036811048,0.041591317
중랑구,묵2동,0.005622857,0.028118556,0.033741413
영등포구,문래동,0.003979412,0.035899067,0.039878479
송파구,문정1동,0.002654676,0.034644639,0.037299315
송파구,문정2동,0.002791929,0.033283302,0.036075231
미추홀구,문학동,0.004049383,0.038200343,0.042249726
하남시,미사1동,0.002953027,0.051412509,0.054365536
하남시,미사2동,0.004120197,0.047970237,0.052090434
하남시,미사3동,0.004051765,0.044434437,0.048486202
관악구,미성동,0.005579381,0.032267195,0.037846576
강북구,미아동,0.004619718,0.044044347,0.048664065
안양시 만안구,박달동,0.005857143,0.0,0.005857143
서초구,반포1동,0.002128846,0.043564362,0.045693208
서초구,반포2동,0.002107969,0.048476767,0.050584736
서초구,반포3동,0.00230445,0.042756465,0.045060915
서초구,반포4동,0.0031488,0.046601068,0.049749868
강서구,발산1동,0.005498542,0.038739878,0.04423842
서초구,방배1동,0.003113924,0.037909801,0.041023725
서초구,방배2동,0.004513761,0.037301699,0.04181546
서초구,방배3동,0.001983871,0.031949747,0.033933618
서초구,방배4동,0.002853093,0.037435777,0.040288870000000004
서초구,방배본동,0.001724299,0.039427348,0.041151647
송파구,방이1동,0.002096591,0.033995611,0.036092202000000004
송파구,방이2동,0.006280851,0.037752298,0.044033148999999994
도봉구,방학1동,0.004930958,0.035248906,0.040179864
도봉구,방학2동,0.007028571,0.031230051,0.038258622
도봉구,방학3동,0.004866906,0.032499152,0.037366058
강서구,방화1동,0.004751073,0.033701811,0.038452884
강서구,방화2동,0.004871287,0.03305628,0.037927567
강서구,방화3동,0.003897887,0.029413333,0.03331122
옹진군,백령면,0.005904,0.016472598,0.022376598
고양시 일산동구,백석1동,0.004139423,0.03820632,0.042345743000000005
고양시 일산동구,백석2동,0.004353982,0.042367405,0.046721386999999996
용인시 처인구,백암면,0.004032787,0.015689824,0.019722611
성남시 분당구,백현동,0.004508591,0.043850637,0.048359228
강북구,번1동,0.008318841,0.032268889,0.04058773
강북구,번2동,0.006373057,0.036336586,0.042709643
강북구,번3동,0.004006515,0.029183856,0.033190371
안양시 동안구,범계동,0.003582524,0.047860442,0.05144296600000001
부천시 소사구,범박동,0.003313663,0.045316754,0.048630417
남양주시,별내동,0.00394301,0.044231342,0.048174352000000004
남양주시,별내면,0.011340426,0.041972677,0.053313103
용산구,보광동,0.009225,0.03558461,0.04480961
용인시 기흥구,보라동,0.00559727,0.045316644,0.050913914000000005
관악구,보라매동,0.005788235,0.03179787,0.037586105
성북구,보문동,0.003187905,0.036383232,0.039571137
용인시 기흥구,보정동,0.00384,0.046937553,0.050777553
성남시 수정구,복정동,0.001545226,0.031154786,0.032700012
부평구,부개1동,0.00602449,0.0260727,0.03209719
부평구,부개2동,0.004432432,0.043951886,0.048384318
부평구,부개3동,0.008132231,0.042915188,0.051047419
안양시 동안구,부림동,0.004295956,0.046435688,0.050731644000000006
종로구,부암동,0.001629139,0.034658295,0.036287434
부평구,부평1동,0.003580786,0.045716633,0.049297419
부평구,부평2동,0.004161654,0.031822064,0.035983718
부평구,부평3동,0.002631016,0.036120469,0.038751485
부평구,부평4동,0.003612335,0.033393524,0.037005859
부평구,부평5동,0.002171227,0.038036726,0.040207953
부평구,부평6동,0.00376051,0.033969228,0.037729738
안양시 동안구,부흥동,0.007041985,0.04975068,0.056792665
서대문구,북가좌1동,0.004,0.036465717,0.040465717
서대문구,북가좌2동,0.004265896,0.0,0.004265896
옹진군,북도면,0.082,0.004118149,0.086118149
서대문구,북아현동,0.004044843,0.030267061,0.034311904000000004
성남시 분당구,분당동,0.002950525,0.042921965,0.04587249
은평구,불광1동,0.004835381,0.028553628,0.033389009
은평구,불광2동,0.003738602,0.030067638,0.03380624
서구,불로대곡동,0.002630189,0.042859737,0.045489926
강화군,불은면,0.003967742,0.011543298,0.01551104
안양시 동안구,비산1동,0.002064336,0.044343803,0.046408139
안양시 동안구,비산2동,0.003406154,0.0407422,0.044148354
안양시 동안구,비산3동,0.001880255,0.039356923,0.041237178
성동구,사근동,0.00495302,0.035547988,0.040501008000000005
동작구,사당1동,0.003501779,0.030125773,0.033627552000000005
동작구,사당2동,0.004119617,0.032864628,0.036984245
동작구,사당3동,0.002781407,0.034785635,0.037567042
동작구,사당4동,0.006377778,0.03557428,0.041952058
동작구,사당5동,0.002505092,0.032385549,0.034890641
김포시,사우동,0.006241015,0.038736822,0.044977837
종로구,사직동,0.013015873,0.022290737,0.03530661
부평구,산곡1동,0.002439093,0.038807395,0.041246488
부평구,산곡2동,0.005442478,0.048015365,0.053457843
부평구,산곡3동,0.006188679,0.037314976,0.043503655
부평구,산곡4동,0.00645481,0.035659431,0.042114241
성남시 수정구,산성동,0.007809524,0.033931934,0.041741457999999995
용인시 처인구,삼가동,0.005371179,0.04037793,0.045749108999999996
강북구,삼각산동,0.005347826,0.038735866,0.044083692
부평구,삼산1동,0.005361538,0.037871452,0.04323299
부평구,삼산2동,0.005590909,0.047027748,0.052618657
강화군,삼산면,0.011181818,0.017527661,0.028709479
성북구,삼선동,0.004290698,0.033584521,0.037875219
강남구,삼성1동,0.004850704,0.034946772,0.039797476
강남구,삼성2동,0.003853012,0.043476818,0.04732983
관악구,삼성동,0.00288563,0.025492835,0.028378465
고양시 덕양구,삼송1동,0.003309417,0.042535529,0.045844946000000004
고양시 덕양구,삼송2동,0.00288684,0.043264069,0.046150909000000004
강북구,삼양동,0.006261818,0.028186336,0.034448154
송파구,삼전동,0.004969697,0.029187234,0.034156931
종로구,삼청동,0.014470588,0.020410795,0.034881383
성남시 분당구,삼평동,0.006591184,0.043317222,0.049908406
부천시 원미구,상1동,0.005970874,0.040660111,0.046630985
부천시 원미구,상2동,0.003739865,0.042476349,0.046216214
부천시 원미구,상3동,0.004698876,0.045060322,0.049759198
용인시 기흥구,상갈동,0.00603681,0.037659915,0.043696725000000006
노원구,상계10동,0.004436066,0.032197168,0.036633234
노원구,상계1동,0.005253769,0.030688614,0.035942383
노원구,상계2동,0.006267516,0.030323215,0.036590731
노원구,상계3.4동,0.004456522,0.029037042,0.033493563999999997
노원구,상계5동,0.007665722,0.027902292,0.035568013999999995
노원구,상계6.7동,0.005409424,0.030034767,0.035444191
노원구,상계8동,0.005120733,0.033704668,0.038825401
노원구,상계9동,0.006473684,0.037738486,0.04421217
성남시 중원구,상대원1동,0.008431452,0.035322983,0.043754435
성남시 중원구,상대원2동,0.009461538,0.0,0.009461538
성남시 중원구,상대원3동,0.003258278,0.027987145,0.031245423
동작구,상도1동,0.00310084,0.031264448,0.034365288
동작구,상도2동,0.003746193,0.035823696,0.039569889000000004
동작구,상도3동,0.005963636,0.035342903,0.041306539
동작구,상도4동,0.004892045,0.030879873,0.035771918
부천시 원미구,상동,0.003660714,0.039520251,0.043180965
중랑구,상봉1동,0.003012245,0.036236367,0.039248612
중랑구,상봉2동,0.002196429,0.0,0.002196429
마포구,상암동,0.008450382,0.033374129,0.041824511
강동구,상일1동,0.001632743,0.043265049,0.044897792
강동구,상일2동,0.005406593,0.035659211,0.041065804000000004
용인시 기흥구,상하동,0.006901804,0.040501221,0.047403024999999994
용인시 수지구,상현1동,0.004137128,0.044623529,0.048760657
용인시 수지구,상현2동,0.003269103,0.042441493,0.045710596
용인시 수지구,상현3동,0.00341302,0.046397451,0.049810471
마포구,서강동,0.003393103,0.03387252,0.037265623000000005
마포구,서교동,0.003133758,0.028056944,0.031190702
용인시 기흥구,서농동,0.00522293,0.044976699,0.050199629
관악구,서림동,0.004979757,0.031556163,0.03653592
용산구,서빙고동,0.00322623,0.02935322,0.032579449999999996
관악구,서원동,0.005234043,0.030884756,0.036118799
남동구,서창2동,0.003522231,0.047019997,0.050542228
서초구,서초1동,0.004979757,0.032985867,0.037965624
서초구,서초2동,0.002340381,0.045483078,0.047823459000000006
서초구,서초3동,0.003541885,0.036189977,0.039731862
서초구,서초4동,0.002679739,0.042791053,0.045470792
성남시 분당구,서현1동,0.003194805,0.048460365,0.05165517
성남시 분당구,서현2동,0.004241379,0.045743032,0.049984411000000006
성북구,석관동,0.003412358,0.029810503,0.033222861
서구,석남1동,0.005125,0.034567497,0.039692497
서구,석남2동,0.003075,0.030043772,0.033118772
서구,석남3동,0.004241379,0.029625718,0.033867097
안양시 만안구,석수1동,0.004689775,0.038600698,0.043290473
안양시 만안구,석수2동,0.006282258,0.04178506,0.048067318
송파구,석촌동,0.005160839,0.027695569,0.032856408000000004
강화군,선원면,0.001769784,0.031153533,0.032923317
연수구,선학동,0.003679487,0.032423742,0.036103229
부천시 오정구,성곡동,0.005943624,0.039149758,0.045093382
성남시 중원구,성남동,0.004928962,0.044414255,0.049343217
강동구,성내1동,0.004350482,0.032816344,0.037166826
강동구,성내2동,0.004032787,0.0,0.004032787
강동구,성내3동,0.00384375,0.0,0.00384375
용인시 수지구,성복동,0.002324625,0.050288661,0.052613285999999995
성북구,성북동,0.003324324,0.025782057,0.029106381
고양시 덕양구,성사1동,0.003275148,0.037058546,0.040333693999999996
고양시 덕양구,성사2동,0.007639752,0.037295645,0.044935397
마포구,성산1동,0.003247525,0.035631892,0.038879417
마포구,성산2동,0.00435625,0.033126225,0.037482475
성동구,성수1가1동,0.00212527,0.027862571,0.029987840999999998
성동구,성수1가2동,0.003423459,0.0,0.003423459
성동구,성수2가1동,0.003324324,0.024686319,0.028010643
성동구,성수2가3동,0.005774648,0.020343654,0.026118302
관악구,성현동,0.003247525,0.035871211,0.039118736
강남구,세곡동,0.003452632,0.034733068,0.038185699999999996
중구,소공동,0.019421053,0.026208598,0.045629651
부천시 원미구,소사동,0.022707692,0.046234271,0.068941963
부천시 소사구,소사본1동,0.004976879,0.040988096,0.045964975000000005
부천시 소사구,소사본동,0.00333125,0.037791491,0.041122741000000004
광명시,소하1동,0.0052275,0.045349789,0.050577289000000004
광명시,소하2동,0.005783002,0.040223816,0.046006818000000005
부천시 소사구,송내1동,0.004703633,0.040709868,0.045413501
부천시 소사구,송내2동,0.006610365,0.043982863,0.050593228
연수구,송도1동,0.0075133,0.0526,0.0601133
연수구,송도2동,0.003524355,0.049645675,0.05317003
연수구,송도3동,0.002803676,0.04749911,0.050302785999999995
연수구,송도4동,0.002064516,0.046609964,0.04867448
연수구,송도5동,0.002851114,0.048050802,0.050901916
동구,송림1동,0.00076875,0.036927208,0.037695958
동구,송림2동,0.0492,0.041021047,0.090221047
동구,송림3.5동,0.008386364,0.04289739,0.051283754
동구,송림4동,0.003951807,0.0,0.003951807
동구,송림6동,0.005857143,0.0,0.005857143
성동구,송정동,0.004366864,0.025286248,0.029653112000000002
강북구,송중동,0.005690391,0.032128103,0.037818494
강북구,송천동,0.003484419,0.040666106,0.044150525
송파구,송파1동,0.004265896,0.0312876,0.035553496
송파구,송파2동,0.003215686,0.034692032,0.037907718
고양시 일산서구,송포동,0.003128776,0.040480673,0.043609449
동구,송현1.2동,0.008785714,0.0,0.008785714
동구,송현3동,0.013666667,0.0,0.013666667
구로구,수궁동,0.004315789,0.031576163,0.035891952
성남시 분당구,수내1동,0.002555844,0.048670028,0.051225872
성남시 분당구,수내2동,0.000995951,0.050371021,0.051366972000000004
성남시 분당구,수내3동,0.003153846,0.0526,0.055753846
남양주시,수동면,0.005788235,0.017534775,0.023323009999999998
은평구,수색동,0.002094607,0.033252994,0.035347601
강남구,수서동,0.004513761,0.030180685,0.034694446
강북구,수유1동,0.005037543,0.032715225,0.037752768
강북구,수유2동,0.005892216,0.0,0.005892216
강북구,수유3동,0.003671642,0.036524581,0.040196223
성남시 수정구,수진1동,0.002645161,0.0,0.002645161
성남시 수정구,수진2동,0.003416667,0.038449016,0.041865683
구리시,수택1동,0.003362187,0.034583235,0.037945422
구리시,수택2동,0.004975281,0.0,0.004975281
구리시,수택3동,0.003671642,0.035870089,0.039541731000000004
미추홀구,숭의1.3동,0.001389831,0.0,0.001389831
미추홀구,숭의2동,0.003170103,0.0,0.003170103
미추홀구,숭의4동,0.003194805,0.038628923,0.041823728000000004
종로구,숭인1동,0.005347826,0.0,0.005347826
종로구,숭인2동,0.003464789,0.0,0.003464789
금천구,시흥1동,0.006277512,0.029946851,0.036224363
금천구,시흥2동,0.005154286,0.03535772,0.040512006
금천구,시흥3동,0.003416667,0.035014821,0.038431488
금천구,시흥4동,0.007211726,0.032753021,0.039964747
금천구,시흥5동,0.00579798,0.020052711,0.025850691000000002
성남시 수정구,시흥동,0.021525,0.0,0.021525
고양시 일산동구,식사동,0.002943904,0.04666616,0.049610063999999995
용인시 기흥구,신갈동,0.003831776,0.04420736,0.048039136
영등포구,신길1동,0.004459215,0.033372498,0.037831713
영등포구,신길3동,0.002020534,0.026255992,0.028276526
영등포구,신길4동,0.003534483,0.021270197,0.024804680000000003
영등포구,신길5동,0.002419672,0.036085801,0.038505473
영등포구,신길6동,0.004518367,0.026104333,0.0306227
영등포구,신길7동,0.002597677,0.037208196,0.039805873
중랑구,신내1동,0.005596439,0.030616193,0.036212632
중랑구,신내2동,0.007515275,0.034730963,0.042246238
중구,신당5동,0.003181034,0.02694583,0.030126864
중구,신당동,0.002342857,0.024051317,0.026394174
동작구,신대방1동,0.0041,0.033738239,0.037838239
동작구,신대방2동,0.005035088,0.035146735,0.040181823
구로구,신도림동,0.004038304,0.040298005,0.044336309
관악구,신림동,0.00205,0.0,0.00205
용인시 수지구,신봉동,0.00366643,0.045540757,0.049207187
은평구,신사1동,0.003267552,0.037598833,0.040866385
은평구,신사2동,0.003809735,0.031769434,0.035579169
강남구,신사동,0.001822222,0.031905295,0.033727517
관악구,신사동,0.006648649,0.029285049,0.035933698
동대문구,신설동,0.002821101,0.033554589,0.03637569
마포구,신수동,0.002791489,0.034896417,0.037687906
관악구,신원동,0.00638961,0.02866911,0.03505872
양천구,신월1동,0.005655172,0.0,0.005655172
양천구,신월2동,0.006029412,0.034660437,0.040689849
양천구,신월3동,0.005519231,0.029524614,0.035043845000000004
양천구,신월4동,0.004296943,0.031663589,0.035960531999999996
양천구,신월5동,0.00799278,0.034964357,0.042957137
양천구,신월6동,0.002418539,0.0365022,0.038920738999999996
양천구,신월7동,0.005780679,0.034131928,0.039912607
하남시,신장1동,0.005507463,0.0,0.005507463
하남시,신장2동,0.004467312,0.042746599,0.047213911000000004
양천구,신정1동,0.0035,0.040576179,0.044076179
양천구,신정2동,0.002447761,0.04194289,0.044390650999999996
양천구,신정3동,0.004502196,0.03168288,0.036185076
양천구,신정4동,0.005947253,0.027043136,0.032990388999999995
양천구,신정6동,0.003032357,0.048416305,0.051448662
양천구,신정7동,0.004491573,0.036599181,0.041090754
안양시 동안구,신촌동,0.004859259,0.048570318,0.053429577
성남시 수정구,신촌동,0.0,0.048570318,0.048570318
중구,신포동,0.012947368,0.038244073,0.051191441000000004
서구,신현원창동,0.004719424,0.046968297,0.051687721
성남시 수정구,신흥1동,0.002,0.0,0.002
성남시 수정구,신흥2동,0.001925887,0.041302615,0.043228502
성남시 수정구,신흥3동,0.003464789,0.0,0.003464789
중구,신흥동,0.003106061,0.038458751,0.041564812
부천시 오정구,신흥동,0.007546012,0.034071101,0.041617113
부천시 원미구,심곡1동,0.00212987,0.0,0.00212987
부천시 원미구,심곡2동,0.002062893,0.036271531,0.038334424000000006
부천시 원미구,심곡3동,0.008891566,0.038528559,0.047420124999999994
부천시 소사구,심곡본1동,0.004659091,0.032271521,0.036930611999999995
부천시 소사구,심곡본동,0.007851064,0.033828075,0.041679139
부평구,십정1동,0.002154745,0.03138162,0.033536365
부평구,십정2동,0.005089655,0.037556196,0.042645851
도봉구,쌍문1동,0.004519685,0.030695182,0.035214867000000004
도봉구,쌍문2동,0.004715655,0.036903728,0.041619382999999996
도봉구,쌍문3동,0.003215686,0.034886346,0.038102032
도봉구,쌍문4동,0.00572093,0.04365371,0.04937464
서구,아라1동,0.002390412,0.045697647,0.048088059
서구,아라2동,0.002997479,0.047359689,0.050357168
마포구,아현동,0.002917603,0.034886346,0.037803948999999996
성북구,안암동,0.00810989,0.025436761,0.033546651
안양시 만안구,안양1동,0.003763934,0.040316284,0.044080218000000004
안양시 만안구,안양2동,0.003131542,0.038301443,0.041432985
안양시 만안구,안양3동,0.003617647,0.035332717,0.038950364
안양시 만안구,안양4동,0.012,0.0,0.012
안양시 만안구,안양5동,0.002481268,0.043585172,0.04606644
안양시 만안구,안양6동,0.00242963,0.048897365,0.051326995
안양시 만안구,안양7동,0.003412358,0.044128043,0.047540400999999996
안양시 만안구,안양8동,0.006897196,0.03833888,0.045236076
안양시 만안구,안양9동,0.002806084,0.035975497,0.038781581
강동구,암사1동,0.004472727,0.031690445,0.036163172
강동구,암사2동,0.004428805,0.030022527,0.034451332
강동구,암사3동,0.003158909,0.044261483,0.047420392
강남구,압구정동,0.001195626,0.036935818,0.038131444
성남시 분당구,야탑1동,0.004456522,0.048285391,0.052741912999999994
성남시 분당구,야탑2동,0.003548077,0.041666885,0.045214962
성남시 분당구,야탑3동,0.003430279,0.036337638,0.039767917
부천시 원미구,약대동,0.005655172,0.038444497,0.044099669
중구,약수동,0.003887133,0.0,0.003887133
서초구,양재1동,0.004078372,0.032861556,0.036939928
서초구,양재2동,0.003866405,0.033372498,0.037238903000000004
남양주시,양정동,0.006307692,0.0,0.006307692
성남시 수정구,양지동,0.007235294,0.034142231,0.041377525
용인시 처인구,양지읍,0.004268139,0.038220331,0.04248847
김포시,양촌읍,0.00699382,0.038558388,0.045552208
영등포구,양평1동,0.003314371,0.030671757,0.033986128000000004
영등포구,양평2동,0.004462585,0.030229462,0.034692047
영등포구,여의동,0.005875796,0.034079903,0.039955699000000004
부천시 원미구,역곡1동,0.005020408,0.04223963,0.047260038
부천시 원미구,역곡2동,0.006547529,0.037912102,0.044459631
부천시 소사구,역곡3동,0.003037037,0.038447446,0.041484483
용인시 처인구,역북동,0.004312879,0.042073187,0.046386066
강남구,역삼1동,0.005782051,0.02786737,0.033649421
강남구,역삼2동,0.00438633,0.049926953,0.054313283000000004
은평구,역촌동,0.003839465,0.033355536,0.037195001
마포구,연남동,0.002226244,0.036256018,0.038482262
연수구,연수1동,0.008785714,0.026737239,0.035522952999999996
연수구,연수2동,0.005668203,0.048889261,0.054557464
연수구,연수3동,0.006943548,0.031120107,0.038063655
중구,연안동,0.003904762,0.019467616,0.023372378
옹진군,연평면,0.007028571,0.00623962,0.013268191
서구,연희동,0.005513793,0.035279548,0.040793341000000004
서대문구,연희동,0.004084871,0.032249346,0.036334217
마포구,염리동,0.00301049,0.039928462,0.042938951999999996
강서구,염창동,0.003619776,0.035592509,0.039212285
용인시 기흥구,영덕1동,0.004109339,0.045205056,0.049314395
용인시 기흥구,영덕2동,0.004151899,0.041919072,0.046070971
영등포구,영등포동,0.003269103,0.026953969,0.030223072
영등포구,영등포본동,0.004268139,0.033445057,0.037713196
중구,영종1동,0.00362765,0.046977142,0.050604792
중구,영종2동,0.002403085,0.048406975,0.05081006
중구,영종동,0.003369863,0.048808435,0.052178298
옹진군,영흥면,0.005020408,0.029179401,0.034199809
송파구,오금동,0.003688847,0.03468819,0.038377037
남양주시,오남읍,0.00550925,0.041314247,0.046823497
구로구,오류1동,0.003836257,0.03128297,0.035119227
구로구,오류2동,0.004984505,0.032365386,0.037349891
서구,오류왕길동,0.004988593,0.036368073,0.041356666
송파구,오륜동,0.000538293,0.036383232,0.036921525000000004
부천시 오정구,오정동,0.007398496,0.041526782,0.048925277999999996
부천시 소사구,옥길동,0.003346939,0.046477609,0.049824548
연수구,옥련1동,0.007409639,0.035711427,0.043121066
연수구,옥련2동,0.00457868,0.042504725,0.047083405
성동구,옥수동,0.002435644,0.032358223,0.034793867
남양주시,와부읍,0.005095714,0.041128827,0.046224541
성동구,왕십리2동,0.003823834,0.026552716,0.030376550000000002
성동구,왕십리도선동,0.003317427,0.031381597,0.034699023999999995
마포구,용강동,0.003086575,0.036950577,0.040037152
성동구,용답동,0.005616438,0.02081364,0.026430078000000003
동대문구,용두동,0.003770115,0.0,0.003770115
용산구,용문동,0.004432432,0.0,0.004432432
용산구,용산2가동,0.004032787,0.028314223,0.03234701
미추홀구,용현1.4동,0.003324324,0.032624301,0.035948625
미추홀구,용현2동,0.003411679,0.0,0.003411679
미추홀구,용현3동,0.005927711,0.0,0.005927711
미추홀구,용현5동,0.004641509,0.047669488,0.052310997000000005
강북구,우이동,0.004513761,0.03558461,0.040098371
강서구,우장산동,0.003223587,0.035220131,0.038443718
중구,운서1동,0.010564417,0.039309609,0.049874026
중구,운서2동,0.002292943,0.042029141,0.044322084
김포시,운양동,0.004394978,0.048798171,0.053193149
성남시 분당구,운중동,0.001798538,0.04565546,0.047453998000000004
서구,원당동,0.006280851,0.045529101,0.051809952
부천시 원미구,원미1동,0.005020408,0.038056584,0.043076991999999995
부천시 원미구,원미2동,0.00603681,0.0,0.00603681
용인시 처인구,원삼면,0.003236842,0.020104451,0.023341293
고양시 덕양구,원신동,0.00348366,0.047764785,0.051248445
부천시 오정구,원종1동,0.001860817,0.033088743,0.03494956
부천시 오정구,원종2동,0.011369748,0.036903354,0.048273102
용산구,원효로1동,0.003242175,0.023480088,0.026722263
용산구,원효로2동,0.003784615,0.026184902,0.029969517
노원구,월계1동,0.006352113,0.028601969,0.034954082000000004
노원구,월계2동,0.005046154,0.028960667,0.034006821
노원구,월계3동,0.005330444,0.029875829,0.035206272999999996
성북구,월곡1동,0.003962416,0.031767177,0.035729593000000004
성북구,월곡2동,0.004484375,0.037215171,0.041699546
김포시,월곶면,0.006473684,0.020805422,0.027279106
송파구,위례동,0.002700227,0.038595115,0.041295342
성남시 수정구,위례동,0.002856479,0.046577725,0.049434204
하남시,위례동,0.00287,0.046577725,0.049447725
용인시 처인구,유림1동,0.002148472,0.039480047,0.041628518999999996
용인시 처인구,유림2동,0.002255846,0.045378364,0.047634209999999996
관악구,은천동,0.004744807,0.030194165,0.034938972
성남시 중원구,은행1동,0.004146067,0.034267754,0.038413821
성남시 중원구,은행2동,0.005271429,0.036361476,0.041632905
중구,을지로동,0.007608247,0.0,0.007608247
성동구,응봉동,0.003075,0.036390299,0.039465299
은평구,응암1동,0.003027692,0.036843953,0.039871645
은평구,응암2동,0.003342926,0.034566669,0.037909595000000004
은평구,응암3동,0.00312381,0.039799318,0.042923128
용인시 처인구,이동읍,0.00679558,0.037101224,0.043896804000000005
성남시 분당구,이매1동,0.003233297,0.049485912,0.052719209
성남시 분당구,이매2동,0.003333333,0.046667102,0.050000435
동대문구,이문1동,0.001979517,0.0,0.001979517
동대문구,이문2동,0.005347826,0.028966448,0.034314274
용산구,이촌1동,0.001748223,0.034446519,0.036194742
용산구,이촌2동,0.003464789,0.0,0.003464789
용산구,이태원1동,0.006589286,0.0,0.006589286
용산구,이태원2동,0.004700637,0.020706214,0.025406851
종로구,이화동,0.009584416,0.029198179,0.038782595
안양시 동안구,인덕원동,0.002940239,0.039206662,0.042146901
강북구,인수동,0.002510204,0.032087451,0.034597655000000005
구리시,인창동,0.004730769,0.032548927,0.037279696
관악구,인헌동,0.004353982,0.039241807,0.043595788999999996
고양시 일산서구,일산1동,0.006074074,0.040451318,0.046525392
고양시 일산서구,일산2동,0.004294264,0.028295374,0.032589638000000004
고양시 일산서구,일산3동,0.003455939,0.044836491,0.04829243
부평구,일신동,0.004887417,0.033271266,0.038158683
강남구,일원1동,0.005252669,0.022492159,0.027744828
강남구,일원본동,0.002236364,0.041777109,0.044013473
광명시,일직동,0.001971944,0.046145145,0.048117089
광진구,자양1동,0.00384375,0.035637698,0.039481448
광진구,자양2동,0.002479839,0.032957252,0.035437091
광진구,자양3동,0.003198267,0.033355536,0.036553802999999996
광진구,자양4동,0.004969697,0.036121736,0.041091433000000004
옹진군,자월면,0.0246,0.003743772,0.028343772
계양구,작전1동,0.005569811,0.037668108,0.043237919
계양구,작전2동,0.00180661,0.036314591,0.038121201
계양구,작전서운동,0.004330033,0.046167013,0.050497046
송파구,잠실2동,0.002221675,0.044413077,0.046634752
송파구,잠실3동,0.002082785,0.036210754,0.038293539
송파구,잠실4동,0.002610487,0.034440531,0.037051018000000005
송파구,잠실6동,0.004974265,0.046163818,0.051138083
송파구,잠실본동,0.001696552,0.030055713,0.031752265
서초구,잠원동,0.00179562,0.041026546,0.042822165999999995
김포시,장기동,0.004461538,0.05044826,0.054909798
김포시,장기본동,0.005040189,0.050017502,0.055057691
남동구,장수서창동,0.003915119,0.04966953,0.053584649000000005
동대문구,장안1동,0.005788235,0.034101674,0.039889909
동대문구,장안2동,0.003642857,0.039944284,0.043587140999999996
성북구,장위1동,0.002468227,0.035910722,0.038378948999999996
성북구,장위2동,0.003801325,0.021863477,0.025664802
성북구,장위3동,0.003198267,0.037424834,0.040623100999999995
송파구,장지동,0.003690923,0.032553683,0.036244606
중구,장충동,0.009283019,0.01906798,0.028350999
고양시 일산동구,장항1동,0.002102564,0.036062731,0.038165295
고양시 일산동구,장항2동,0.003106061,0.041478746,0.044584807
동대문구,전농1동,0.003290123,0.037706258,0.040996381
동대문구,전농2동,0.005915832,0.034342505,0.040258337000000005
성북구,정릉1동,0.005001848,0.0,0.005001848
성북구,정릉2동,0.002612389,0.030535624,0.033148013000000004
성북구,정릉3동,0.002423645,0.034093378,0.036517023
성북구,정릉4동,0.004377224,0.030926073,0.035303297
고양시 일산동구,정발산동,0.004181303,0.039761473,0.043942775999999996
성남시 분당구,정자1동,0.001806167,0.049845778,0.051651945
성남시 분당구,정자2동,0.00263807,0.024041821,0.026679891
성남시 분당구,정자3동,0.004581006,0.040575196,0.045156202
성남시 분당구,정자동,0.003575581,0.048652679,0.05222826
동대문구,제기동,0.006134663,0.028365378,0.034500041
남양주시,조안면,0.006648649,0.019603331,0.02625198
관악구,조원동,0.002981818,0.027027213,0.030009031000000002
종로구,종로1.2.3.4가동,0.030066667,0.028720453,0.05878712
종로구,종로5.6가동,0.016677966,0.020576065,0.037254031
성북구,종암동,0.003976293,0.033593406,0.037569699
고양시 덕양구,주교동,0.007235294,0.032861897,0.040097191000000004
미추홀구,주안1동,0.001108108,0.0,0.001108108
미추홀구,주안2동,0.001897172,0.039674855,0.041572027000000004
미추홀구,주안3동,0.00212987,0.0,0.00212987
미추홀구,주안4동,0.002840647,0.0,0.002840647
미추홀구,주안5동,0.004241379,0.02946186,0.033703238999999996
미추홀구,주안6동,0.004767442,0.039653863,0.044421304999999994
미추홀구,주안7동,0.007370787,0.032664413,0.04003520000000001
미추홀구,주안8동,0.007053763,0.038326868,0.045380631
고양시 일산서구,주엽1동,0.004706087,0.041708179,0.046414265999999996
고양시 일산서구,주엽2동,0.006745161,0.046750374,0.053495535
용인시 수지구,죽전1동,0.00341302,0.044194243,0.047607263000000004
용인시 수지구,죽전2동,0.004899004,0.041808991,0.046707994999999995
용인시 수지구,죽전3동,0.003617647,0.043372613,0.04699026
부천시 원미구,중1동,0.003745192,0.044008757,0.047753949000000004
부천시 원미구,중2동,0.004013986,0.043115183,0.047129169
부천시 원미구,중3동,0.005028302,0.042339714,0.047368016
부천시 원미구,중4동,0.005285156,0.036286897,0.041572053
노원구,중계1동,0.004032787,0.040097429,0.044130216
노원구,중계2.3동,0.005606838,0.037061707,0.042668545
노원구,중계4동,0.003133758,0.038894835,0.042028593
노원구,중계본동,0.002096591,0.033062035,0.035158626
광진구,중곡1동,0.002795455,0.0,0.002795455
광진구,중곡2동,0.008395904,0.031403145,0.039799049
광진구,중곡3동,0.00572093,0.025678097,0.031399027
광진구,중곡4동,0.004205128,0.040312734,0.044517862000000005
부천시 원미구,중동,0.005277228,0.041991597,0.047268825
중구,중림동,0.00245509,0.026824714,0.029279804
고양시 일산동구,중산1동,0.007365269,0.038784693,0.046149962
고양시 일산동구,중산2동,0.005386861,0.043151986,0.048538847
관악구,중앙동,0.003699248,0.024400875,0.028100122999999998
성남시 중원구,중앙동,0.002897906,0.042398539,0.045296445
용인시 처인구,중앙동,0.00401087,0.046881551,0.050892421
중랑구,중화1동,0.005548872,0.031455925,0.037004797000000006
중랑구,중화2동,0.002346582,0.0,0.002346582
은평구,증산동,0.004730769,0.03308524,0.037816009000000005
남양주시,진건읍,0.007657588,0.032345859,0.040003447
은평구,진관동,0.005675559,0.033349512,0.039025070999999995
남양주시,진접읍,0.004174428,0.042429851,0.046604279
도봉구,창1동,0.005030675,0.038607759,0.043638434
도봉구,창2동,0.004937956,0.031082644,0.0360206
도봉구,창3동,0.009409836,0.028360263,0.037770099
도봉구,창4동,0.00638961,0.033700038,0.040089648000000006
도봉구,창5동,0.003989189,0.027677796,0.031666985
고양시 덕양구,창릉동,0.001703601,0.037603874,0.039307475
종로구,창신1동,0.007569231,0.024085869,0.0316551
종로구,창신2동,0.006307692,0.0,0.006307692
종로구,창신3동,0.003369863,0.023955828,0.027325691
서대문구,천연동,0.003477032,0.031122626,0.034599658
하남시,천현동,0.012148148,0.015719652,0.027867799999999998
강동구,천호1동,0.005644359,0.0308219,0.036466259
강동구,천호2동,0.002903433,0.032529705,0.035433137999999996
강동구,천호3동,0.002673913,0.03313835,0.035812263
광명시,철산1동,0.005704348,0.046498467,0.052202815
광명시,철산2동,0.001266735,0.034960222,0.036226957
광명시,철산3동,0.00381551,0.046087162,0.049902672
광명시,철산4동,0.007393443,0.0,0.007393443
중구,청구동,0.002263804,0.03511694,0.037380744
강남구,청담동,0.002112883,0.03620669,0.038319573
서구,청라1동,0.004076369,0.048801031,0.052877400000000005
서구,청라2동,0.003247096,0.046973746,0.050220841999999995
서구,청라3동,0.003283502,0.04958296,0.052866462
동대문구,청량리동,0.007261993,0.028682538,0.035944531
관악구,청룡동,0.004315789,0.028523805,0.032839594
관악구,청림동,0.006139037,0.0,0.006139037
종로구,청운효자동,0.003936,0.031421882,0.035357882
부평구,청천1동,0.001093941,0.036681768,0.037775709
부평구,청천2동,0.005024867,0.036249795,0.041274662000000004
용산구,청파동,0.006833333,0.032454817,0.039288149999999994
연수구,청학동,0.005857143,0.03062793,0.036485073
하남시,초이동,0.007454545,0.0,0.007454545
부천시 원미구,춘의동,0.003552347,0.0,0.003552347
서대문구,충현동,0.004546201,0.034149577,0.038695778
안양시 만안구,충훈동,0.00778481,0.039864216,0.047649026
고양시 일산서구,탄현1동,0.005038554,0.040488653,0.045527207
고양시 일산서구,탄현2동,0.005080895,0.043768443,0.048849338
성남시 수정구,태평1동,0.008145695,0.044461957,0.052607652000000005
성남시 수정구,태평2동,0.006029412,0.0,0.006029412
성남시 수정구,태평3동,0.00638961,0.032279927,0.038669537000000004
성남시 수정구,태평4동,0.006881119,0.03486064,0.041741758999999996
김포시,통진읍,0.005300686,0.037191017,0.042491703
남양주시,퇴계원읍,0.004767442,0.038108248,0.042875689999999994
성남시 분당구,판교동,0.002175387,0.047166598,0.049341985
남양주시,평내동,0.004562903,0.042276876,0.046839779
안양시 동안구,평안동,0.005257593,0.048218141,0.053475734
종로구,평창동,0.001071895,0.0,0.001071895
안양시 동안구,평촌동,0.004219554,0.040591319,0.044810873
용인시 처인구,포곡읍,0.008301954,0.04163974,0.049941694
송파구,풍납1동,0.003936,0.024976368,0.028912368
송파구,풍납2동,0.00479844,0.031123143,0.035921583
용인시 수지구,풍덕천1동,0.004465347,0.04930152,0.053766867
용인시 수지구,풍덕천2동,0.003168618,0.04827955,0.051448167999999996
김포시,풍무동,0.004137128,0.046781618,0.050918746
고양시 일산동구,풍산동,0.004302662,0.041878315,0.046180977
중구,필동,0.002894118,0.045431923,0.048326041
노원구,하계1동,0.004719424,0.040186209,0.044905633
노원구,하계2동,0.004785992,0.035173102,0.039959094
성남시 중원구,하대원동,0.003664804,0.036233969,0.039898773
김포시,하성면,0.005927711,0.025218693,0.031146404
광명시,하안1동,0.005501597,0.045029063,0.050530660000000005
광명시,하안2동,0.006271955,0.032261247,0.038533202
광명시,하안3동,0.005561739,0.03775508,0.043316819000000006
광명시,하안4동,0.006289773,0.040723901,0.047013674
강화군,하점면,0.004032787,0.012284253,0.01631704
미추홀구,학익1동,0.00286205,0.042290761,0.045152811
미추홀구,학익2동,0.00572093,0.04261932,0.04834025
용산구,한강로동,0.003048327,0.032500266,0.035548593
용산구,한남동,0.002617021,0.024063253,0.026680274
마포구,합정동,0.005406593,0.035345238,0.040751831
구로구,항동,0.004174545,0.035170088,0.039344633000000004
성동구,행당1동,0.004278261,0.031153319,0.03543158
성동구,행당2동,0.003191038,0.037291904,0.040482942
고양시 덕양구,행신1동,0.004032787,0.030874219,0.034907006000000004
고양시 덕양구,행신2동,0.004521081,0.039535019,0.0440561
고양시 덕양구,행신3동,0.004572491,0.03737863,0.041951121
고양시 덕양구,행신4동,0.009879518,0.035322983,0.045202501000000006
관악구,행운동,0.004381679,0.029925602,0.034307281
고양시 덕양구,행주동,0.004392857,0.029346595,0.033739452
종로구,혜화동,0.003464789,0.027848825,0.031313614000000004
안양시 동안구,호계1동,0.002043189,0.0,0.002043189
안양시 동안구,호계2동,0.004149398,0.044990149,0.049139547
안양시 동안구,호계3동,0.003607038,0.043720282,0.04732732
남양주시,호평동,0.004364516,0.044794053,0.049158569
안양시 만안구,호현동,0.004874505,0.040753818,0.045628323
서대문구,홍은1동,0.003236842,0.031718715,0.034955557
서대문구,홍은2동,0.002865225,0.035918592,0.038783817
강서구,화곡1동,0.003667431,0.033166066,0.036833497
강서구,화곡2동,0.003942308,0.030616193,0.034558501
강서구,화곡3동,0.005605063,0.0,0.005605063
강서구,화곡4동,0.004472727,0.033239367,0.037712094
강서구,화곡6동,0.00309434,0.032039577,0.035133917
강서구,화곡8동,0.005290323,0.0,0.005290323
강서구,화곡본동,0.005213873,0.029209434,0.034423307
남양주시,화도읍,0.011582572,0.043865203,0.055447775
동구,화수1.화평동,0.021085714,0.0,0.021085714
동구,화수2동,0.009111111,0.035382318,0.044493429
광진구,화양동,0.00476129,0.032406613,0.037167903
고양시 덕양구,화전동,0.003033095,0.041256265,0.04428936
고양시 덕양구,화정1동,0.006139767,0.039004912,0.045144679
고양시 덕양구,화정2동,0.004037199,0.044456581,0.04849378
중구,황학동,0.004315789,0.0,0.004315789
동대문구,회기동,0.008367347,0.035859567,0.044226914000000006
중구,회현동,0.021797468,0.0,0.021797468
계양구,효성1동,0.003346939,0.038672913,0.042019852
계양구,효성2동,0.005499255,0.040272293,0.045771548
고양시 덕양구,효자동,0.001876907,0.04502683,0.046903736999999994
용산구,효창동,0.003989189,0.030455055,0.034444244
용산구,후암동,0.004212329,0.026824714,0.031037043
동대문구,휘경1동,0.00223298,0.0,0.00223298
동대문구,휘경2동,0.006693878,0.032729819,0.039423697
동작구,흑석동,0.003348457,0.034397734,0.037746191
고양시 덕양구,흥도동,0.003723954,0.044710389,0.048434343000000005
하남시,감북동,0.0,0.019418394,0.019418394
강화군,교동면,0.0,0.006296344,0.006296344
강화군,내가면,0.0,0.015242501,0.015242501
동작구,노량진2동,0.0,0.0,0.0
옹진군,대청면소청출장소,0.0,0.0,0.0
서초구,반포본동,0.0,0.040532368,0.040532368
옹진군,북도면장봉출장소,0.0,0.0,0.0
강화군,서도면,0.0,0.002339858,0.002339858
강화군,서도면볼음출장소,0.0,0.0,0.0
강화군,송해면,0.0,0.01347758,0.01347758
강화군,양도면,0.0,0.016736864,0.016736864
강화군,양사면,0.0,0.00772153,0.00772153
중구,용유동,0.0,0.016506632,0.016506632
중구,율목동,0.0,0.0,0.0
옹진군,자월면이작출장소,0.0,0.0,0.0
송파구,잠실7동,0.0,0.042209166,0.042209166
하남시,춘궁동,0.0,0.0,0.0
광명시,학온동,0.0,0.010832029,0.010832029
강화군,화도면,0.0,0.013273374,0.013273374
남양주시,화도읍남부출장소,0.0,0.0,0.0
남양주시,화도읍동부출장소,0.0,0.0,0.0
