시도명,시군구,행정동,PM10_평균,PM10_정규화,미세먼지_지수값,여가환경_가중치,환경지수
서울특별시,종로구,청운효자동,38.69,0.673167451,0.068595763,0.002320191,0.070915954
서울특별시,종로구,사직동,38.69,0.673167451,0.068595763,0.003845281,0.072441045
서울특별시,종로구,삼청동,38.69,0.673167451,0.068595763,0.027690874,0.096286637
서울특별시,종로구,부암동,38.69,0.673167451,0.068595763,1.75E-05,0.068613297
서울특별시,종로구,평창동,38.69,0.673167451,0.068595763,0.000208205,0.068803968
서울특별시,종로구,무악동,38.69,0.673167451,0.068595763,0.000117438,0.068713201
서울특별시,종로구,교남동,38.69,0.673167451,0.068595763,0.000214092,0.068809856
서울특별시,종로구,가회동,38.69,0.673167451,0.068595763,0.000345463,0.068941227
서울특별시,종로구,종로1.2.3.4가동,38.69,0.673167451,0.068595763,0.009606144,0.078201907
서울특별시,종로구,종로5.6가동,38.69,0.673167451,0.068595763,0.000340501,0.068936264
서울특별시,종로구,이화동,38.69,0.673167451,0.068595763,0.000102453,0.068698217
서울특별시,종로구,혜화동,38.69,0.673167451,0.068595763,0.00164797,0.070243733
서울특별시,종로구,창신1동,38.69,0.673167451,0.068595763,0,0.068595763
서울특별시,종로구,창신2동,38.69,0.673167451,0.068595763,1.14E-05,0.068607212
서울특별시,종로구,창신3동,38.69,0.673167451,0.068595763,6.56E-05,0.06866134
서울특별시,종로구,숭인1동,38.69,0.673167451,0.068595763,0.000996818,0.069592582
서울특별시,종로구,숭인2동,38.69,0.673167451,0.068595763,0.00010204,0.068697803
서울특별시,중구,소공동,39.03,0.661735037,0.0674308,0.00089462,0.06832542
서울특별시,중구,회현동,39.03,0.661735037,0.0674308,0,0.0674308
서울특별시,중구,명동,39.03,0.661735037,0.0674308,0.000544205,0.067975005
서울특별시,중구,필동,39.03,0.661735037,0.0674308,0,0.0674308
서울특별시,중구,장충동,39.03,0.661735037,0.0674308,0,0.0674308
서울특별시,중구,광희동,39.03,0.661735037,0.0674308,0.000149978,0.067580778
서울특별시,중구,을지로동,39.03,0.661735037,0.0674308,0.000737209,0.068168009
서울특별시,중구,신당동,39.03,0.661735037,0.0674308,0,0.0674308
서울특별시,중구,다산동,39.03,0.661735037,0.0674308,2.23E-05,0.067453084
서울특별시,중구,약수동,39.03,0.661735037,0.0674308,0,0.0674308
서울특별시,중구,청구동,39.03,0.661735037,0.0674308,1.92E-05,0.067450043
서울특별시,중구,신당5동,39.03,0.661735037,0.0674308,0.001900471,0.069331272
서울특별시,중구,동화동,39.03,0.661735037,0.0674308,7.21E-05,0.067502857
서울특별시,중구,황학동,39.03,0.661735037,0.0674308,1.03E-05,0.067441092
서울특별시,중구,중림동,39.03,0.661735037,0.0674308,0.000597948,0.068028748
서울특별시,용산구,후암동,44.38,0.481842636,0.049099765,2.00E-05,0.049119734
서울특별시,용산구,용산2가동,44.38,0.481842636,0.049099765,0,0.049099765
서울특별시,용산구,남영동,44.38,0.481842636,0.049099765,9.15E-05,0.049191312
서울특별시,용산구,청파동,44.38,0.481842636,0.049099765,5.27E-05,0.049152492
서울특별시,용산구,원효로1동,44.38,0.481842636,0.049099765,0.000141718,0.049241482
서울특별시,용산구,원효로2동,44.38,0.481842636,0.049099765,2.38E-05,0.04912354
서울특별시,용산구,효창동,44.38,0.481842636,0.049099765,0.002094136,0.051193901
서울특별시,용산구,용문동,44.38,0.481842636,0.049099765,1.69E-05,0.049116617
서울특별시,용산구,한강로동,44.38,0.481842636,0.049099765,0.000142562,0.049242326
서울특별시,용산구,이촌1동,44.38,0.481842636,0.049099765,6.37E-05,0.049163514
서울특별시,용산구,이촌2동,44.38,0.481842636,0.049099765,7.72E-06,0.049107482
서울특별시,용산구,이태원1동,44.38,0.481842636,0.049099765,4.89E-05,0.049148648
서울특별시,용산구,이태원2동,44.38,0.481842636,0.049099765,7.96E-05,0.049179392
서울특별시,용산구,한남동,44.38,0.481842636,0.049099765,0.001705313,0.050805077
서울특별시,용산구,서빙고동,44.38,0.481842636,0.049099765,0.000569152,0.049668916
서울특별시,용산구,보광동,44.38,0.481842636,0.049099765,0,0.049099765
서울특별시,성동구,왕십리2동,45.13,0.456624075,0.046529993,0.000278678,0.046808671
서울특별시,성동구,왕십리도선동,45.13,0.456624075,0.046529993,7.21E-05,0.046602132
서울특별시,성동구,마장동,45.13,0.456624075,0.046529993,1.83E-05,0.046548318
서울특별시,성동구,사근동,45.13,0.456624075,0.046529993,5.46E-05,0.046584555
서울특별시,성동구,행당1동,45.13,0.456624075,0.046529993,0,0.046529993
서울특별시,성동구,행당2동,45.13,0.456624075,0.046529993,3.52E-05,0.046565162
서울특별시,성동구,응봉동,45.13,0.456624075,0.046529993,2.09E-05,0.046550853
서울특별시,성동구,금호1가동,45.13,0.456624075,0.046529993,0,0.046529993
서울특별시,성동구,금호2.3가동,45.13,0.456624075,0.046529993,0.000109647,0.04663964
서울특별시,성동구,금호4가동,45.13,0.456624075,0.046529993,1.51E-05,0.046545114
서울특별시,성동구,옥수동,45.13,0.456624075,0.046529993,0.000326226,0.04685622
서울특별시,성동구,성수1가1동,45.13,0.456624075,0.046529993,2.52E-05,0.046555154
서울특별시,성동구,성수1가2동,45.13,0.456624075,0.046529993,3.18E-05,0.046561842
서울특별시,성동구,성수2가1동,45.13,0.456624075,0.046529993,2.14E-05,0.046551354
서울특별시,성동구,성수2가3동,45.13,0.456624075,0.046529993,0.000137691,0.046667685
서울특별시,성동구,송정동,45.13,0.456624075,0.046529993,9.87E-06,0.046539865
서울특별시,성동구,용답동,45.13,0.456624075,0.046529993,5.74E-05,0.046587401
서울특별시,광진구,화양동,34.23,0.823133826,0.083877337,3.42E-05,0.083911557
서울특별시,광진구,군자동,34.23,0.823133826,0.083877337,5.92E-06,0.083883253
서울특별시,광진구,중곡1동,34.23,0.823133826,0.083877337,8.33E-06,0.083885662
서울특별시,광진구,중곡2동,34.23,0.823133826,0.083877337,5.64E-06,0.083882977
서울특별시,광진구,중곡3동,34.23,0.823133826,0.083877337,1.84E-05,0.08389578
서울특별시,광진구,중곡4동,34.23,0.823133826,0.083877337,6.81E-06,0.083884143
서울특별시,광진구,능동,34.23,0.823133826,0.083877337,2.98E-05,0.083907116
서울특별시,광진구,광장동,34.23,0.823133826,0.083877337,5.03E-06,0.083882368
서울특별시,광진구,자양1동,34.23,0.823133826,0.083877337,2.22E-05,0.083899508
서울특별시,광진구,자양2동,34.23,0.823133826,0.083877337,1.38E-05,0.083891177
서울특별시,광진구,자양3동,34.23,0.823133826,0.083877337,1.06E-05,0.083887973
서울특별시,광진구,자양4동,34.23,0.823133826,0.083877337,2.32E-05,0.083900571
서울특별시,광진구,구의1동,34.23,0.823133826,0.083877337,2.98E-06,0.083880318
서울특별시,광진구,구의2동,34.23,0.823133826,0.083877337,1.50E-05,0.083892338
서울특별시,광진구,구의3동,34.23,0.823133826,0.083877337,6.99E-05,0.083947203
서울특별시,동대문구,신설동,36.56,0.744788164,0.075893914,0.000109264,0.076003178
서울특별시,동대문구,용두동,36.56,0.744788164,0.075893914,0.000135389,0.076029303
서울특별시,동대문구,제기동,36.56,0.744788164,0.075893914,3.06E-05,0.075924496
서울특별시,동대문구,전농1동,36.56,0.744788164,0.075893914,3.15E-05,0.0759254
서울특별시,동대문구,전농2동,36.56,0.744788164,0.075893914,0.001692758,0.077586672
서울특별시,동대문구,답십리1동,36.56,0.744788164,0.075893914,0.000133155,0.076027069
서울특별시,동대문구,답십리2동,36.56,0.744788164,0.075893914,0.000746726,0.07664064
서울특별시,동대문구,장안1동,36.56,0.744788164,0.075893914,7.92E-05,0.075973104
서울특별시,동대문구,장안2동,36.56,0.744788164,0.075893914,8.92E-05,0.075983077
서울특별시,동대문구,청량리동,36.56,0.744788164,0.075893914,0.001549045,0.077442959
서울특별시,동대문구,회기동,36.56,0.744788164,0.075893914,4.87E-06,0.075898787
서울특별시,동대문구,휘경1동,36.56,0.744788164,0.075893914,3.03E-05,0.075924209
서울특별시,동대문구,휘경2동,36.56,0.744788164,0.075893914,2.83E-05,0.075922256
서울특별시,동대문구,이문1동,36.56,0.744788164,0.075893914,7.04E-06,0.075900954
서울특별시,동대문구,이문2동,36.56,0.744788164,0.075893914,0,0.075893914
서울특별시,중랑구,면목2동,28.97,1,0.1019,1.65E-05,0.101916538
서울특별시,중랑구,면목4동,28.97,1,0.1019,2.35E-05,0.101923509
서울특별시,중랑구,면목5동,28.97,1,0.1019,8.96E-05,0.101989639
서울특별시,중랑구,면목본동,28.97,1,0.1019,1.95E-05,0.101919489
서울특별시,중랑구,면목7동,28.97,1,0.1019,1.77E-05,0.101917735
서울특별시,중랑구,면목3.8동,28.97,1,0.1019,0,0.1019
서울특별시,중랑구,상봉1동,28.97,1,0.1019,8.12E-06,0.101908118
서울특별시,중랑구,상봉2동,28.97,1,0.1019,1.77E-05,0.101917713
서울특별시,중랑구,중화1동,28.97,1,0.1019,8.29E-06,0.101908287
서울특별시,중랑구,중화2동,28.97,1,0.1019,2.33E-05,0.101923275
서울특별시,중랑구,묵1동,28.97,1,0.1019,0.002125306,0.104025306
서울특별시,중랑구,묵2동,28.97,1,0.1019,8.65E-06,0.101908648
서울특별시,중랑구,망우본동,28.97,1,0.1019,0.001944006,0.103844006
서울특별시,중랑구,망우3동,28.97,1,0.1019,2.89E-05,0.101928872
서울특별시,중랑구,신내1동,28.97,1,0.1019,0.001062621,0.102962621
서울특별시,중랑구,신내2동,28.97,1,0.1019,3.61E-05,0.101936091
서울특별시,성북구,성북동,44.56,0.475790182,0.04848302,0.001258349,0.049741368
서울특별시,성북구,삼선동,44.56,0.475790182,0.04848302,6.80E-05,0.048551002
서울특별시,성북구,동선동,44.56,0.475790182,0.04848302,0,0.04848302
서울특별시,성북구,돈암1동,44.56,0.475790182,0.04848302,0.001913576,0.050396595
서울특별시,성북구,돈암2동,44.56,0.475790182,0.04848302,5.79E-06,0.048488808
서울특별시,성북구,안암동,44.56,0.475790182,0.04848302,1.21E-05,0.048495111
서울특별시,성북구,보문동,44.56,0.475790182,0.04848302,0.000119471,0.048602491
서울특별시,성북구,정릉1동,44.56,0.475790182,0.04848302,2.74E-05,0.048510418
서울특별시,성북구,정릉2동,44.56,0.475790182,0.04848302,1.95E-05,0.048502543
서울특별시,성북구,정릉3동,44.56,0.475790182,0.04848302,2.37E-06,0.048485388
서울특별시,성북구,정릉4동,44.56,0.475790182,0.04848302,0.000523544,0.049006563
서울특별시,성북구,길음1동,44.56,0.475790182,0.04848302,4.54E-05,0.048528407
서울특별시,성북구,길음2동,44.56,0.475790182,0.04848302,0.000867025,0.049350044
서울특별시,성북구,종암동,44.56,0.475790182,0.04848302,2.25E-05,0.04850549
서울특별시,성북구,월곡1동,44.56,0.475790182,0.04848302,0.001215597,0.049698616
서울특별시,성북구,월곡2동,44.56,0.475790182,0.04848302,8.77E-06,0.04849179
서울특별시,성북구,장위1동,44.56,0.475790182,0.04848302,5.38E-06,0.048488397
서울특별시,성북구,장위2동,44.56,0.475790182,0.04848302,0,0.04848302
서울특별시,성북구,장위3동,44.56,0.475790182,0.04848302,3.79E-05,0.048520882
서울특별시,성북구,석관동,44.56,0.475790182,0.04848302,0.001268321,0.049751341
서울특별시,강북구,삼양동,36.06,0.761600538,0.077607095,0.001084469,0.078691564
서울특별시,강북구,미아동,36.06,0.761600538,0.077607095,3.05E-05,0.077637546
서울특별시,강북구,송중동,36.06,0.761600538,0.077607095,4.35E-05,0.077650546
서울특별시,강북구,송천동,36.06,0.761600538,0.077607095,1.18E-05,0.077618886
서울특별시,강북구,삼각산동,36.06,0.761600538,0.077607095,4.01E-05,0.077647146
서울특별시,강북구,번1동,36.06,0.761600538,0.077607095,2.22E-05,0.077629301
서울특별시,강북구,번2동,36.06,0.761600538,0.077607095,0.011865442,0.089472537
서울특별시,강북구,번3동,36.06,0.761600538,0.077607095,6.21E-05,0.077669146
서울특별시,강북구,수유1동,36.06,0.761600538,0.077607095,3.51E-05,0.077642176
서울특별시,강북구,수유2동,36.06,0.761600538,0.077607095,1.01E-05,0.077617203
서울특별시,강북구,수유3동,36.06,0.761600538,0.077607095,3.02E-05,0.077637288
서울특별시,강북구,우이동,36.06,0.761600538,0.077607095,0.000227128,0.077834223
서울특별시,강북구,인수동,36.06,0.761600538,0.077607095,8.25E-06,0.077615349
서울특별시,도봉구,창1동,39.34,0.651311365,0.066368628,0.002251123,0.068619751
서울특별시,도봉구,창2동,39.34,0.651311365,0.066368628,0.001417633,0.067786261
서울특별시,도봉구,창3동,39.34,0.651311365,0.066368628,0.003255743,0.069624371
서울특별시,도봉구,창4동,39.34,0.651311365,0.066368628,8.03E-05,0.066448925
서울특별시,도봉구,창5동,39.34,0.651311365,0.066368628,1.77E-05,0.066386359
서울특별시,도봉구,도봉1동,39.34,0.651311365,0.066368628,3.91E-05,0.066407724
서울특별시,도봉구,도봉2동,39.34,0.651311365,0.066368628,0.000504941,0.066873569
서울특별시,도봉구,쌍문1동,39.34,0.651311365,0.066368628,0.002326769,0.068695397
서울특별시,도봉구,쌍문2동,39.34,0.651311365,0.066368628,7.30E-06,0.06637593
서울특별시,도봉구,쌍문3동,39.34,0.651311365,0.066368628,1.05E-05,0.066379118
서울특별시,도봉구,쌍문4동,39.34,0.651311365,0.066368628,0,0.066368628
서울특별시,도봉구,방학1동,39.34,0.651311365,0.066368628,1.53E-05,0.066383941
서울특별시,도봉구,방학2동,39.34,0.651311365,0.066368628,3.05E-05,0.066399103
서울특별시,도봉구,방학3동,39.34,0.651311365,0.066368628,4.76E-06,0.06637339
서울특별시,노원구,월계1동,39.01,0.662407532,0.067499328,0.001611358,0.069110686
서울특별시,노원구,월계2동,39.01,0.662407532,0.067499328,0.004771571,0.072270899
서울특별시,노원구,월계3동,39.01,0.662407532,0.067499328,0,0.067499328
서울특별시,노원구,공릉1동,39.01,0.662407532,0.067499328,0,0.067499328
서울특별시,노원구,공릉2동,39.01,0.662407532,0.067499328,0,0.067499328
서울특별시,노원구,하계1동,39.01,0.662407532,0.067499328,0,0.067499328
서울특별시,노원구,하계2동,39.01,0.662407532,0.067499328,0,0.067499328
서울특별시,노원구,중계본동,39.01,0.662407532,0.067499328,0.029770411,0.097269739
서울특별시,노원구,중계1동,39.01,0.662407532,0.067499328,0,0.067499328
서울특별시,노원구,중계4동,39.01,0.662407532,0.067499328,0,0.067499328
서울특별시,노원구,중계2.3동,39.01,0.662407532,0.067499328,0,0.067499328
서울특별시,노원구,상계1동,39.01,0.662407532,0.067499328,0.023121531,0.090620859
서울특별시,노원구,상계2동,39.01,0.662407532,0.067499328,0,0.067499328
서울특별시,노원구,상계3.4동,39.01,0.662407532,0.067499328,0,0.067499328
서울특별시,노원구,상계5동,39.01,0.662407532,0.067499328,0,0.067499328
서울특별시,노원구,상계6.7동,39.01,0.662407532,0.067499328,0,0.067499328
서울특별시,노원구,상계8동,39.01,0.662407532,0.067499328,0,0.067499328
서울특별시,노원구,상계9동,39.01,0.662407532,0.067499328,0,0.067499328
서울특별시,노원구,상계10동,39.01,0.662407532,0.067499328,0,0.067499328
서울특별시,은평구,녹번동,37.38,0.717215871,0.073084297,0.000269487,0.073353784
서울특별시,은평구,불광1동,37.38,0.717215871,0.073084297,0.002825513,0.075909811
서울특별시,은평구,불광2동,37.38,0.717215871,0.073084297,4.03E-05,0.073124592
서울특별시,은평구,갈현1동,37.38,0.717215871,0.073084297,5.48E-05,0.073139057
서울특별시,은평구,갈현2동,37.38,0.717215871,0.073084297,2.06E-05,0.073104888
서울특별시,은평구,구산동,37.38,0.717215871,0.073084297,0.000948945,0.074033242
서울특별시,은평구,대조동,37.38,0.717215871,0.073084297,2.52E-05,0.073109449
서울특별시,은평구,응암1동,37.38,0.717215871,0.073084297,0.0008172,0.073901497
서울특별시,은평구,응암2동,37.38,0.717215871,0.073084297,0.000120255,0.073204552
서울특별시,은평구,응암3동,37.38,0.717215871,0.073084297,3.35E-05,0.073117756
서울특별시,은평구,역촌동,37.38,0.717215871,0.073084297,0.000214009,0.073298307
서울특별시,은평구,신사1동,37.38,0.717215871,0.073084297,1.31E-05,0.073097419
서울특별시,은평구,신사2동,37.38,0.717215871,0.073084297,4.18E-05,0.073126137
서울특별시,은평구,증산동,37.38,0.717215871,0.073084297,1.83E-05,0.073102603
서울특별시,은평구,수색동,37.38,0.717215871,0.073084297,2.64E-05,0.073110709
서울특별시,은평구,진관동,37.38,0.717215871,0.073084297,0.001589477,0.074673775
서울특별시,서대문구,천연동,38.28,0.686953598,0.070000572,0.000861247,0.070861818
서울특별시,서대문구,북아현동,38.28,0.686953598,0.070000572,3.80E-05,0.070038564
서울특별시,서대문구,충현동,38.28,0.686953598,0.070000572,2.46E-06,0.070003034
서울특별시,서대문구,신촌동,38.28,0.686953598,0.070000572,9.12E-05,0.070091729
서울특별시,서대문구,연희동,38.28,0.686953598,0.070000572,0.000514466,0.070515038
서울특별시,서대문구,홍제1동,38.28,0.686953598,0.070000572,0.000397575,0.070398147
서울특별시,서대문구,홍제3동,38.28,0.686953598,0.070000572,0,0.070000572
서울특별시,서대문구,홍제2동,38.28,0.686953598,0.070000572,8.36E-05,0.070084214
서울특별시,서대문구,홍은1동,38.28,0.686953598,0.070000572,0.000100834,0.070101406
서울특별시,서대문구,홍은2동,38.28,0.686953598,0.070000572,0.004574718,0.07457529
서울특별시,서대문구,남가좌1동,38.28,0.686953598,0.070000572,0.000109746,0.070110318
서울특별시,서대문구,남가좌2동,38.28,0.686953598,0.070000572,4.90E-05,0.070049571
서울특별시,서대문구,북가좌1동,38.28,0.686953598,0.070000572,0.000242942,0.070243514
서울특별시,서대문구,북가좌2동,38.28,0.686953598,0.070000572,4.36E-05,0.070044195
서울특별시,마포구,아현동,38.84,0.668123739,0.068081809,0.000105008,0.068186817
서울특별시,마포구,공덕동,38.84,0.668123739,0.068081809,2.36E-05,0.068105454
서울특별시,마포구,도화동,38.84,0.668123739,0.068081809,2.20E-05,0.068103825
서울특별시,마포구,용강동,38.84,0.668123739,0.068081809,6.35E-05,0.068145326
서울특별시,마포구,대흥동,38.84,0.668123739,0.068081809,0.004654003,0.072735812
서울특별시,마포구,염리동,38.84,0.668123739,0.068081809,2.99E-05,0.068111704
서울특별시,마포구,신수동,38.84,0.668123739,0.068081809,7.80E-05,0.068159841
서울특별시,마포구,서강동,38.84,0.668123739,0.068081809,0.000432252,0.068514061
서울특별시,마포구,서교동,38.84,0.668123739,0.068081809,7.14E-05,0.068153235
서울특별시,마포구,합정동,38.84,0.668123739,0.068081809,0.000154817,0.068236626
서울특별시,마포구,망원1동,38.84,0.668123739,0.068081809,3.21E-05,0.068113954
서울특별시,마포구,망원2동,38.84,0.668123739,0.068081809,1.13E-05,0.068093117
서울특별시,마포구,연남동,38.84,0.668123739,0.068081809,1.79E-05,0.068099705
서울특별시,마포구,성산1동,38.84,0.668123739,0.068081809,0.000716661,0.06879847
서울특별시,마포구,성산2동,38.84,0.668123739,0.068081809,0.000123538,0.068205347
서울특별시,마포구,상암동,38.84,0.668123739,0.068081809,0.001023811,0.06910562
서울특별시,양천구,목1동,36.69,0.740416947,0.075448487,9.85E-05,0.075547034
서울특별시,양천구,목2동,36.69,0.740416947,0.075448487,0.001169641,0.076618128
서울특별시,양천구,목3동,36.69,0.740416947,0.075448487,2.94E-05,0.07547784
서울특별시,양천구,목4동,36.69,0.740416947,0.075448487,1.98E-05,0.075468237
서울특별시,양천구,목5동,36.69,0.740416947,0.075448487,0.000214335,0.075662822
서울특별시,양천구,신월1동,36.69,0.740416947,0.075448487,3.34E-05,0.075481863
서울특별시,양천구,신월2동,36.69,0.740416947,0.075448487,3.64E-05,0.075484858
서울특별시,양천구,신월3동,36.69,0.740416947,0.075448487,1.97E-05,0.07546818
서울특별시,양천구,신월4동,36.69,0.740416947,0.075448487,3.77E-05,0.075486179
서울특별시,양천구,신월5동,36.69,0.740416947,0.075448487,3.07E-05,0.075479166
서울특별시,양천구,신월6동,36.69,0.740416947,0.075448487,3.87E-05,0.075487217
서울특별시,양천구,신월7동,36.69,0.740416947,0.075448487,0.000777872,0.076226359
서울특별시,양천구,신정1동,36.69,0.740416947,0.075448487,0.00019466,0.075643147
서울특별시,양천구,신정2동,36.69,0.740416947,0.075448487,1.45E-05,0.075463003
서울특별시,양천구,신정3동,36.69,0.740416947,0.075448487,0.003990126,0.079438613
서울특별시,양천구,신정4동,36.69,0.740416947,0.075448487,3.87E-05,0.075487173
서울특별시,양천구,신정6동,36.69,0.740416947,0.075448487,0.000254075,0.075702562
서울특별시,양천구,신정7동,36.69,0.740416947,0.075448487,0.000670188,0.076118675
서울특별시,강서구,염창동,37.7,0.706455952,0.071987861,0.000354349,0.072342211
서울특별시,강서구,등촌1동,37.7,0.706455952,0.071987861,1.93E-05,0.072007207
서울특별시,강서구,등촌2동,37.7,0.706455952,0.071987861,5.59E-06,0.071993449
서울특별시,강서구,등촌3동,37.7,0.706455952,0.071987861,0.000189901,0.072177762
서울특별시,강서구,화곡1동,37.7,0.706455952,0.071987861,3.33E-05,0.072021148
서울특별시,강서구,화곡2동,37.7,0.706455952,0.071987861,2.23E-05,0.072010208
서울특별시,강서구,화곡3동,37.7,0.706455952,0.071987861,3.89E-05,0.072026755
서울특별시,강서구,화곡4동,37.7,0.706455952,0.071987861,0.006028074,0.078015936
서울특별시,강서구,화곡본동,37.7,0.706455952,0.071987861,5.93E-05,0.072047168
서울특별시,강서구,화곡6동,37.7,0.706455952,0.071987861,0.00038134,0.072369201
서울특별시,강서구,화곡8동,37.7,0.706455952,0.071987861,0.000193755,0.072181616
서울특별시,강서구,가양1동,37.7,0.706455952,0.071987861,0.002717509,0.074705371
서울특별시,강서구,가양2동,37.7,0.706455952,0.071987861,0.000331493,0.072319354
서울특별시,강서구,가양3동,37.7,0.706455952,0.071987861,0.000248372,0.072236234
서울특별시,강서구,발산1동,37.7,0.706455952,0.071987861,0.00045372,0.072441581
서울특별시,강서구,우장산동,37.7,0.706455952,0.071987861,0.001076479,0.07306434
서울특별시,강서구,공항동,37.7,0.706455952,0.071987861,0.000144332,0.072132193
서울특별시,강서구,방화1동,37.7,0.706455952,0.071987861,0.000110644,0.072098505
서울특별시,강서구,방화2동,37.7,0.706455952,0.071987861,0.00217663,0.074164491
서울특별시,강서구,방화3동,37.7,0.706455952,0.071987861,0.001587432,0.073575294
서울특별시,구로구,신도림동,42.71,0.537995965,0.054821789,4.00E-05,0.054861784
서울특별시,구로구,구로1동,42.71,0.537995965,0.054821789,0,0.054821789
서울특별시,구로구,구로2동,42.71,0.537995965,0.054821789,3.88E-05,0.054860616
서울특별시,구로구,구로3동,42.71,0.537995965,0.054821789,7.87E-06,0.054829659
서울특별시,구로구,구로4동,42.71,0.537995965,0.054821789,5.93E-05,0.054881083
서울특별시,구로구,구로5동,42.71,0.537995965,0.054821789,0.000104661,0.05492645
서울특별시,구로구,가리봉동,42.71,0.537995965,0.054821789,0,0.054821789
서울특별시,구로구,고척1동,42.71,0.537995965,0.054821789,2.49E-05,0.054846731
서울특별시,구로구,고척2동,42.71,0.537995965,0.054821789,0.001367287,0.056189076
서울특별시,구로구,개봉1동,42.71,0.537995965,0.054821789,0.000316306,0.055138095
서울특별시,구로구,개봉2동,42.71,0.537995965,0.054821789,7.66E-06,0.054829449
서울특별시,구로구,개봉3동,42.71,0.537995965,0.054821789,0.002794267,0.057616056
서울특별시,구로구,오류1동,42.71,0.537995965,0.054821789,1.31E-05,0.054834856
서울특별시,구로구,오류2동,42.71,0.537995965,0.054821789,0.000625223,0.055447012
서울특별시,구로구,수궁동,42.71,0.537995965,0.054821789,0.000342947,0.055164736
서울특별시,구로구,항동,42.71,0.537995965,0.054821789,0.00161853,0.056440318
서울특별시,금천구,가산동,47.15,0.388702085,0.039608742,1.78E-05,0.039626568
서울특별시,금천구,독산1동,47.15,0.388702085,0.039608742,0.000117487,0.03972623
서울특별시,금천구,독산2동,47.15,0.388702085,0.039608742,4.36E-05,0.039652339
서울특별시,금천구,독산3동,47.15,0.388702085,0.039608742,6.85E-05,0.039677205
서울특별시,금천구,독산4동,47.15,0.388702085,0.039608742,0.000320851,0.039929593
서울특별시,금천구,시흥1동,47.15,0.388702085,0.039608742,3.17E-05,0.039640406
서울특별시,금천구,시흥2동,47.15,0.388702085,0.039608742,0,0.039608742
서울특별시,금천구,시흥3동,47.15,0.388702085,0.039608742,0.000127775,0.039736517
서울특별시,금천구,시흥4동,47.15,0.388702085,0.039608742,8.97E-05,0.039698454
서울특별시,금천구,시흥5동,47.15,0.388702085,0.039608742,8.62E-05,0.039694981
서울특별시,영등포구,영등포본동,39.33,0.651647613,0.066402892,0.000409578,0.06681247
서울특별시,영등포구,영등포동,39.33,0.651647613,0.066402892,5.92E-05,0.066462141
서울특별시,영등포구,여의동,39.33,0.651647613,0.066402892,9.65E-05,0.066499392
서울특별시,영등포구,당산1동,39.33,0.651647613,0.066402892,6.56E-05,0.066468511
서울특별시,영등포구,당산2동,39.33,0.651647613,0.066402892,4.03E-05,0.066443175
서울특별시,영등포구,도림동,39.33,0.651647613,0.066402892,3.48E-05,0.066437664
서울특별시,영등포구,문래동,39.33,0.651647613,0.066402892,0.000116714,0.066519606
서울특별시,영등포구,양평1동,39.33,0.651647613,0.066402892,1.00E-05,0.066412903
서울특별시,영등포구,양평2동,39.33,0.651647613,0.066402892,7.23E-05,0.06647516
서울특별시,영등포구,신길1동,39.33,0.651647613,0.066402892,0.000113965,0.066516856
서울특별시,영등포구,신길3동,39.33,0.651647613,0.066402892,2.64E-05,0.066429255
서울특별시,영등포구,신길4동,39.33,0.651647613,0.066402892,0.000167545,0.066570436
서울특별시,영등포구,신길5동,39.33,0.651647613,0.066402892,0.00031111,0.066714001
서울특별시,영등포구,신길6동,39.33,0.651647613,0.066402892,1.65E-05,0.066419398
서울특별시,영등포구,신길7동,39.33,0.651647613,0.066402892,2.96E-05,0.066432527
서울특별시,영등포구,대림1동,39.33,0.651647613,0.066402892,9.62E-05,0.066499126
서울특별시,영등포구,대림2동,39.33,0.651647613,0.066402892,1.77E-05,0.06642059
서울특별시,영등포구,대림3동,39.33,0.651647613,0.066402892,7.57E-05,0.06647864
서울특별시,동작구,노량진1동,39.37,0.650302623,0.066265837,0.000500039,0.066765876
서울특별시,동작구,노량진2동,39.37,0.650302623,0.066265837,0.006603076,0.072868914
서울특별시,동작구,상도1동,39.37,0.650302623,0.066265837,1.55E-05,0.066281337
서울특별시,동작구,상도2동,39.37,0.650302623,0.066265837,3.70E-05,0.066302808
서울특별시,동작구,상도3동,39.37,0.650302623,0.066265837,0.001920839,0.068186677
서울특별시,동작구,상도4동,39.37,0.650302623,0.066265837,1.12E-06,0.066266955
서울특별시,동작구,흑석동,39.37,0.650302623,0.066265837,0.001615915,0.067881752
서울특별시,동작구,사당1동,39.37,0.650302623,0.066265837,1.22E-05,0.066277999
서울특별시,동작구,사당2동,39.37,0.650302623,0.066265837,0.000201418,0.066467255
서울특별시,동작구,사당3동,39.37,0.650302623,0.066265837,0.005963131,0.072228968
서울특별시,동작구,사당4동,39.37,0.650302623,0.066265837,2.90E-05,0.066294867
서울특별시,동작구,사당5동,39.37,0.650302623,0.066265837,0.0003524,0.066618237
서울특별시,동작구,대방동,39.37,0.650302623,0.066265837,1.77E-05,0.066283561
서울특별시,동작구,신대방1동,39.37,0.650302623,0.066265837,3.47E-05,0.066300519
서울특별시,동작구,신대방2동,39.37,0.650302623,0.066265837,0,0.066265837
서울특별시,관악구,보라매동,39.18,0.656691325,0.066916846,5.89E-06,0.066922736
서울특별시,관악구,청림동,39.18,0.656691325,0.066916846,0,0.066916846
서울특별시,관악구,성현동,39.18,0.656691325,0.066916846,0,0.066916846
서울특별시,관악구,행운동,39.18,0.656691325,0.066916846,0.00028958,0.067206426
서울특별시,관악구,낙성대동,39.18,0.656691325,0.066916846,4.22E-06,0.066921064
서울특별시,관악구,청룡동,39.18,0.656691325,0.066916846,2.61E-05,0.066942908
서울특별시,관악구,은천동,39.18,0.656691325,0.066916846,0.000352379,0.067269225
서울특별시,관악구,중앙동,39.18,0.656691325,0.066916846,0,0.066916846
서울특별시,관악구,인헌동,39.18,0.656691325,0.066916846,1.73E-05,0.06693417
서울특별시,관악구,남현동,39.18,0.656691325,0.066916846,5.39E-05,0.066970722
서울특별시,관악구,서원동,39.18,0.656691325,0.066916846,0.000702604,0.06761945
서울특별시,관악구,신원동,39.18,0.656691325,0.066916846,3.01E-06,0.066919855
서울특별시,관악구,서림동,39.18,0.656691325,0.066916846,1.99E-05,0.066936776
서울특별시,관악구,신사동,39.18,0.656691325,0.066916846,5.56E-06,0.066922406
서울특별시,관악구,신림동,39.18,0.656691325,0.066916846,1.03E-05,0.066927128
서울특별시,관악구,난향동,39.18,0.656691325,0.066916846,8.45E-06,0.0669253
서울특별시,관악구,조원동,39.18,0.656691325,0.066916846,6.20E-06,0.066923043
서울특별시,관악구,대학동,39.18,0.656691325,0.066916846,9.30E-06,0.066926143
서울특별시,관악구,삼성동,39.18,0.656691325,0.066916846,1.25E-05,0.066929298
서울특별시,관악구,미성동,39.18,0.656691325,0.066916846,1.21E-05,0.06692895
서울특별시,관악구,난곡동,39.18,0.656691325,0.066916846,5.89E-05,0.066975746
서울특별시,서초구,서초1동,47.59,0.373907196,0.038101143,1.63E-05,0.038117432
서울특별시,서초구,서초2동,47.59,0.373907196,0.038101143,0.000122991,0.038224134
서울특별시,서초구,서초3동,47.59,0.373907196,0.038101143,3.78E-05,0.038138907
서울특별시,서초구,서초4동,47.59,0.373907196,0.038101143,3.53E-05,0.03813646
서울특별시,서초구,잠원동,47.59,0.373907196,0.038101143,7.58E-05,0.038176984
서울특별시,서초구,반포본동,47.59,0.373907196,0.038101143,0.011836416,0.049937559
서울특별시,서초구,반포1동,47.59,0.373907196,0.038101143,7.21E-05,0.038173243
서울특별시,서초구,반포2동,47.59,0.373907196,0.038101143,0.000240249,0.038341393
서울특별시,서초구,반포3동,47.59,0.373907196,0.038101143,0.000100747,0.03820189
서울특별시,서초구,반포4동,47.59,0.373907196,0.038101143,5.18E-05,0.038152947
서울특별시,서초구,방배본동,47.59,0.373907196,0.038101143,6.15E-06,0.038107291
서울특별시,서초구,방배1동,47.59,0.373907196,0.038101143,0.003562208,0.041663352
서울특별시,서초구,방배2동,47.59,0.373907196,0.038101143,0.000555179,0.038656323
서울특별시,서초구,방배3동,47.59,0.373907196,0.038101143,5.50E-05,0.038156172
서울특별시,서초구,방배4동,47.59,0.373907196,0.038101143,3.30E-05,0.038134193
서울특별시,서초구,양재1동,47.59,0.373907196,0.038101143,0.000597258,0.038698401
서울특별시,서초구,양재2동,47.59,0.373907196,0.038101143,0.000592363,0.038693506
서울특별시,서초구,내곡동,47.59,0.373907196,0.038101143,0.000884954,0.038986097
서울특별시,강남구,신사동,43.16,0.522864829,0.053279926,7.46E-05,0.053354534
서울특별시,강남구,논현1동,43.16,0.522864829,0.053279926,0.000218681,0.053498607
서울특별시,강남구,논현2동,43.16,0.522864829,0.053279926,2.55E-05,0.053305423
서울특별시,강남구,압구정동,43.16,0.522864829,0.053279926,0.000222353,0.05350228
서울특별시,강남구,청담동,43.16,0.522864829,0.053279926,0.000382771,0.053662697
서울특별시,강남구,삼성1동,43.16,0.522864829,0.053279926,0.000999395,0.054279321
서울특별시,강남구,삼성2동,43.16,0.522864829,0.053279926,3.37E-05,0.053313642
서울특별시,강남구,대치1동,43.16,0.522864829,0.053279926,0.000248344,0.05352827
서울특별시,강남구,대치2동,43.16,0.522864829,0.053279926,4.00E-05,0.053319954
서울특별시,강남구,대치4동,43.16,0.522864829,0.053279926,2.25E-05,0.053302439
서울특별시,강남구,역삼1동,43.16,0.522864829,0.053279926,0.000156004,0.05343593
서울특별시,강남구,역삼2동,43.16,0.522864829,0.053279926,5.07E-05,0.053330674
서울특별시,강남구,도곡1동,43.16,0.522864829,0.053279926,0.001608659,0.054888585
서울특별시,강남구,도곡2동,43.16,0.522864829,0.053279926,8.23E-05,0.053362269
서울특별시,강남구,개포1동,43.16,0.522864829,0.053279926,0.000107531,0.053387458
서울특별시,강남구,개포2동,43.16,0.522864829,0.053279926,0.00115386,0.054433786
서울특별시,강남구,개포3동,43.16,0.522864829,0.053279926,0.00024897,0.053528896
서울특별시,강남구,개포4동,43.16,0.522864829,0.053279926,0.000108606,0.053388532
서울특별시,강남구,세곡동,43.16,0.522864829,0.053279926,0.000884569,0.054164495
서울특별시,강남구,일원본동,43.16,0.522864829,0.053279926,0.000595602,0.053875528
서울특별시,강남구,일원1동,43.16,0.522864829,0.053279926,0.000151033,0.053430959
서울특별시,강남구,수서동,43.16,0.522864829,0.053279926,0.000537832,0.053817758
서울특별시,송파구,풍납1동,40.31,0.61869536,0.063045057,0.000279626,0.063324683
서울특별시,송파구,풍납2동,40.31,0.61869536,0.063045057,3.86E-05,0.063083698
서울특별시,송파구,거여1동,40.31,0.61869536,0.063045057,0.000213785,0.063258842
서울특별시,송파구,거여2동,40.31,0.61869536,0.063045057,8.45E-05,0.063129605
서울특별시,송파구,마천1동,40.31,0.61869536,0.063045057,0.000273648,0.063318705
서울특별시,송파구,마천2동,40.31,0.61869536,0.063045057,0.001436598,0.064481655
서울특별시,송파구,방이1동,40.31,0.61869536,0.063045057,0.000291033,0.06333609
서울특별시,송파구,방이2동,40.31,0.61869536,0.063045057,6.97E-05,0.063114798
서울특별시,송파구,오륜동,40.31,0.61869536,0.063045057,0.010311861,0.073356919
서울특별시,송파구,오금동,40.31,0.61869536,0.063045057,0.001153379,0.064198436
서울특별시,송파구,송파1동,40.31,0.61869536,0.063045057,9.32E-05,0.063138283
서울특별시,송파구,송파2동,40.31,0.61869536,0.063045057,6.07E-05,0.063105757
서울특별시,송파구,석촌동,40.31,0.61869536,0.063045057,0.000216461,0.063261518
서울특별시,송파구,삼전동,40.31,0.61869536,0.063045057,0.000774453,0.063819511
서울특별시,송파구,가락본동,40.31,0.61869536,0.063045057,0.000300131,0.063345189
서울특별시,송파구,가락1동,40.31,0.61869536,0.063045057,9.54E-05,0.063140432
서울특별시,송파구,가락2동,40.31,0.61869536,0.063045057,0.000139916,0.063184973
서울특별시,송파구,문정1동,40.31,0.61869536,0.063045057,2.95E-05,0.063074552
서울특별시,송파구,문정2동,40.31,0.61869536,0.063045057,0.000557516,0.063602573
서울특별시,송파구,장지동,40.31,0.61869536,0.063045057,0.000898728,0.063943785
서울특별시,송파구,위례동,40.31,0.61869536,0.063045057,0.000699651,0.063744708
서울특별시,송파구,잠실본동,40.31,0.61869536,0.063045057,5.84E-05,0.063103411
서울특별시,송파구,잠실2동,40.31,0.61869536,0.063045057,4.20E-05,0.063087056
서울특별시,송파구,잠실3동,40.31,0.61869536,0.063045057,0.000124831,0.063169888
서울특별시,송파구,잠실4동,40.31,0.61869536,0.063045057,7.77E-05,0.063122714
서울특별시,송파구,잠실6동,40.31,0.61869536,0.063045057,0.002358845,0.065403902
서울특별시,송파구,잠실7동,40.31,0.61869536,0.063045057,0.000879773,0.063924831
서울특별시,강동구,강일동,38.73,0.671822461,0.068458709,0.000639828,0.069098537
서울특별시,강동구,상일1동,38.73,0.671822461,0.068458709,0.002148909,0.070607617
서울특별시,강동구,상일2동,38.73,0.671822461,0.068458709,0.000294301,0.06875301
서울특별시,강동구,명일1동,38.73,0.671822461,0.068458709,0.000216072,0.068674781
서울특별시,강동구,명일2동,38.73,0.671822461,0.068458709,2.97E-05,0.068488386
서울특별시,강동구,고덕1동,38.73,0.671822461,0.068458709,0.000284526,0.068743234
서울특별시,강동구,고덕2동,38.73,0.671822461,0.068458709,0.001211217,0.069669926
서울특별시,강동구,암사1동,38.73,0.671822461,0.068458709,3.40E-05,0.068492665
서울특별시,강동구,암사2동,38.73,0.671822461,0.068458709,2.28E-05,0.068481545
서울특별시,강동구,암사3동,38.73,0.671822461,0.068458709,8.38E-05,0.068542543
서울특별시,강동구,천호1동,38.73,0.671822461,0.068458709,2.16E-05,0.068480264
서울특별시,강동구,천호2동,38.73,0.671822461,0.068458709,2.91E-05,0.068487853
서울특별시,강동구,천호3동,38.73,0.671822461,0.068458709,1.21E-05,0.068470768
서울특별시,강동구,성내1동,38.73,0.671822461,0.068458709,8.36E-05,0.068542352
서울특별시,강동구,성내2동,38.73,0.671822461,0.068458709,1.17E-05,0.068470436
서울특별시,강동구,성내3동,38.73,0.671822461,0.068458709,2.08E-05,0.068479538
서울특별시,강동구,길동,38.73,0.671822461,0.068458709,1.03E-05,0.06846897
서울특별시,강동구,둔촌1동,38.73,0.671822461,0.068458709,0,0.068458709
서울특별시,강동구,둔촌2동,38.73,0.671822461,0.068458709,0.00312723,0.071585939
경기도,성남시 수정구,신흥1동,37.81,0.702757229,0.071610962,0,0.071610962
경기도,성남시 수정구,신흥2동,37.81,0.702757229,0.071610962,0.000811047,0.072422009
경기도,성남시 수정구,신흥3동,37.81,0.702757229,0.071610962,0,0.071610962
경기도,성남시 수정구,태평1동,37.81,0.702757229,0.071610962,0.000342361,0.071953322
경기도,성남시 수정구,태평2동,37.81,0.702757229,0.071610962,0.003603574,0.075214535
경기도,성남시 수정구,태평3동,37.81,0.702757229,0.071610962,0,0.071610962
경기도,성남시 수정구,태평4동,37.81,0.702757229,0.071610962,0,0.071610962
경기도,성남시 수정구,수진1동,37.81,0.702757229,0.071610962,0,0.071610962
경기도,성남시 수정구,수진2동,37.81,0.702757229,0.071610962,0.000447671,0.072058633
경기도,성남시 수정구,단대동,37.81,0.702757229,0.071610962,0.001890001,0.073500962
경기도,성남시 수정구,산성동,37.81,0.702757229,0.071610962,3.60E-03,0.075212384
경기도,성남시 수정구,양지동,37.81,0.702757229,0.071610962,0.004888507,0.076499469
경기도,성남시 수정구,복정동,37.81,0.702757229,0.071610962,0.000142904,0.071753866
경기도,성남시 수정구,위례동,37.81,0.702757229,0.071610962,0.001889804,0.073500765
경기도,성남시 수정구,신촌동,37.81,0.702757229,0.071610962,2.77E-05,0.071638639
경기도,성남시 수정구,고등동,37.81,0.702757229,0.071610962,0.001069571,0.072680533
경기도,성남시 수정구,시흥동,37.81,0.702757229,0.071610962,0.006059198,0.07767016
경기도,성남시 중원구,성남동,37.87,0.700739744,0.07140538,0.000145594,0.071550974
경기도,성남시 중원구,중앙동,37.87,0.700739744,0.07140538,6.56E-05,0.071471009
경기도,성남시 중원구,금광1동,37.87,0.700739744,0.07140538,0.002657294,0.074062674
경기도,성남시 중원구,금광2동,37.87,0.700739744,0.07140538,0.000385863,0.071791243
경기도,성남시 중원구,은행1동,37.87,0.700739744,0.07140538,0.002692422,0.074097802
경기도,성남시 중원구,은행2동,37.87,0.700739744,0.07140538,5.67E-05,0.071462117
경기도,성남시 중원구,상대원1동,37.87,0.700739744,0.07140538,0.000546415,0.071951795
경기도,성남시 중원구,상대원2동,37.87,0.700739744,0.07140538,0,0.07140538
경기도,성남시 중원구,상대원3동,37.87,0.700739744,0.07140538,0,0.07140538
경기도,성남시 중원구,하대원동,37.87,0.700739744,0.07140538,0.005074464,0.076479844
경기도,성남시 중원구,도촌동,37.87,0.700739744,0.07140538,0.001392781,0.072798161
경기도,성남시 분당구,분당동,43.41,0.514458642,0.052423336,0.000837,0.053260336
경기도,성남시 분당구,수내1동,43.41,0.514458642,0.052423336,0.000503578,0.052926913
경기도,성남시 분당구,수내2동,43.41,0.514458642,0.052423336,0.005118129,0.057541464
경기도,성남시 분당구,수내3동,43.41,0.514458642,0.052423336,0.000582722,0.053006057
경기도,성남시 분당구,정자동,43.41,0.514458642,0.052423336,0.000302115,0.05272545
경기도,성남시 분당구,정자1동,43.41,0.514458642,0.052423336,7.15E-03,0.059577555
경기도,성남시 분당구,정자2동,43.41,0.514458642,0.052423336,0.000416978,0.052840313
경기도,성남시 분당구,정자3동,43.41,0.514458642,0.052423336,0.003342811,0.055766146
경기도,성남시 분당구,서현1동,43.41,0.514458642,0.052423336,0.003696909,0.056120245
경기도,성남시 분당구,서현2동,43.41,0.514458642,0.052423336,0.002088073,0.054511408
경기도,성남시 분당구,이매1동,43.41,0.514458642,0.052423336,0.000582641,0.053005976
경기도,성남시 분당구,이매2동,43.41,0.514458642,0.052423336,0.000124889,0.052548224
경기도,성남시 분당구,야탑1동,43.41,0.514458642,0.052423336,0.000904757,0.053328092
경기도,성남시 분당구,야탑2동,43.41,0.514458642,0.052423336,0.000122572,0.052545908
경기도,성남시 분당구,야탑3동,43.41,0.514458642,0.052423336,0.007833774,0.06025711
경기도,성남시 분당구,판교동,43.41,0.514458642,0.052423336,0.005943408,0.058366744
경기도,성남시 분당구,삼평동,43.41,0.514458642,0.052423336,0.001966444,0.054389779
경기도,성남시 분당구,백현동,43.41,0.514458642,0.052423336,0.002238431,0.054661766
경기도,성남시 분당구,금곡동,43.41,0.514458642,0.052423336,5.00E-05,0.052473378
경기도,성남시 분당구,구미1동,43.41,0.514458642,0.052423336,0.001461017,0.053884353
경기도,성남시 분당구,구미동,43.41,0.514458642,0.052423336,0.001456525,0.053879861
경기도,성남시 분당구,운중동,43.41,0.514458642,0.052423336,0.000771965,0.053195301
경기도,안양시 만안구,안양1동,48.06,0.358103564,0.036490753,0,0.036490753
경기도,안양시 만안구,안양2동,48.06,0.358103564,0.036490753,6.84E-05,0.036559112
경기도,안양시 만안구,안양3동,48.06,0.358103564,0.036490753,2.78E-05,0.036518523
경기도,안양시 만안구,안양4동,48.06,0.358103564,0.036490753,0.000404661,0.036895414
경기도,안양시 만안구,안양5동,48.06,0.358103564,0.036490753,1.38E-05,0.036504528
경기도,안양시 만안구,안양6동,48.06,0.358103564,0.036490753,4.64E-05,0.036537191
경기도,안양시 만안구,안양7동,48.06,0.358103564,0.036490753,0.00010084,0.036591593
경기도,안양시 만안구,안양8동,48.06,0.358103564,0.036490753,0.000374332,0.036865085
경기도,안양시 만안구,안양9동,48.06,0.358103564,0.036490753,0.00115146,0.037642213
경기도,안양시 만안구,석수1동,48.06,0.358103564,0.036490753,0.022415974,0.058906727
경기도,안양시 만안구,석수2동,48.06,0.358103564,0.036490753,0.000355829,0.036846583
경기도,안양시 만안구,충훈동,48.06,0.358103564,0.036490753,0.00121296,0.037703713
경기도,안양시 만안구,박달동,48.06,0.358103564,0.036490753,5.28E-05,0.036543504
경기도,안양시 만안구,호현동,48.06,0.358103564,0.036490753,4.56E-05,0.036536322
경기도,안양시 동안구,비산1동,58.71,0,0,0.000282003,0.000282003
경기도,안양시 동안구,비산2동,58.71,0,0,2.55E-05,2.54617E-05
경기도,안양시 동안구,비산3동,58.71,0,0,0.000234215,0.000234215
경기도,안양시 동안구,부흥동,58.71,0,0,0.000134865,0.000134865
경기도,안양시 동안구,달안동,58.71,0,0,0.000841329,0.000841329
경기도,안양시 동안구,관양동,58.71,0,0,0.000332683,0.000332683
경기도,안양시 동안구,인덕원동,58.71,0,0,0.00017172,0.00017172
경기도,안양시 동안구,부림동,58.71,0,0,0.000189988,0.000189988
경기도,안양시 동안구,평촌동,58.71,0,0,3.24E-05,3.23663E-05
경기도,안양시 동안구,평안동,58.71,0,0,0.000759459,0.000759459
경기도,안양시 동안구,귀인동,58.71,0,0,0.000108648,0.000108648
경기도,안양시 동안구,호계1동,58.71,0,0,0.000103131,0.000103131
경기도,안양시 동안구,호계2동,58.71,0,0,0.001436977,0.001436977
경기도,안양시 동안구,호계3동,58.71,0,0,2.94E-05,2.94296E-05
경기도,안양시 동안구,범계동,58.71,0,0,0.000307219,0.000307219
경기도,안양시 동안구,신촌동,58.71,0,0,8.31E-05,8.30614E-05
경기도,안양시 동안구,갈산동,58.71,0,0,0.00239922,0.00239922
경기도,부천시 원미구,심곡1동,41,0.595494284,0.060680868,3.35E-05,0.060714385
경기도,부천시 원미구,심곡2동,41,0.595494284,0.060680868,2.14E-05,0.060702289
경기도,부천시 원미구,심곡3동,41,0.595494284,0.060680868,0.000103681,0.060784549
경기도,부천시 원미구,원미1동,41,0.595494284,0.060680868,0.001788358,0.062469226
경기도,부천시 원미구,원미2동,41,0.595494284,0.060680868,3.45E-05,0.060715335
경기도,부천시 원미구,소사동,41,0.595494284,0.060680868,5.01E-05,0.060730996
경기도,부천시 원미구,역곡1동,41,0.595494284,0.060680868,4.05E-05,0.060721331
경기도,부천시 원미구,역곡2동,41,0.595494284,0.060680868,0.000343598,0.061024465
경기도,부천시 원미구,춘의동,41,0.595494284,0.060680868,0.001639977,0.062320845
경기도,부천시 원미구,도당동,41,0.595494284,0.060680868,0.002203296,0.062884163
경기도,부천시 원미구,약대동,41,0.595494284,0.060680868,0.000141002,0.06082187
경기도,부천시 원미구,중동,41,0.595494284,0.060680868,0.000158653,0.060839521
경기도,부천시 원미구,중1동,41,0.595494284,0.060680868,0.000481539,0.061162406
경기도,부천시 원미구,중2동,41,0.595494284,0.060680868,0.000435784,0.061116651
경기도,부천시 원미구,중3동,41,0.595494284,0.060680868,0.00025398,0.060934847
경기도,부천시 원미구,중4동,41,0.595494284,0.060680868,0.00019254,0.060873408
경기도,부천시 원미구,상동,41,0.595494284,0.060680868,0.000409939,0.061090807
경기도,부천시 원미구,상1동,41,0.595494284,0.060680868,0.000217305,0.060898173
경기도,부천시 원미구,상2동,41,0.595494284,0.060680868,0.000927707,0.061608575
경기도,부천시 원미구,상3동,41,0.595494284,0.060680868,7.39E-05,0.06075476
경기도,부천시 소사구,심곡본1동,41,0.595494284,0.060680868,0.000115333,0.060796201
경기도,부천시 소사구,심곡본동,41,0.595494284,0.060680868,0.002007295,0.062688162
경기도,부천시 소사구,소사본동,41,0.595494284,0.060680868,0.000481394,0.061162262
경기도,부천시 소사구,소사본1동,41,0.595494284,0.060680868,0.000146562,0.060827429
경기도,부천시 소사구,범박동,41,0.595494284,0.060680868,0.000184057,0.060864925
경기도,부천시 소사구,옥길동,41,0.595494284,0.060680868,0.001202164,0.061883032
경기도,부천시 소사구,괴안동,41,0.595494284,0.060680868,0.000260461,0.060941328
경기도,부천시 소사구,역곡3동,41,0.595494284,0.060680868,0.000148757,0.060829625
경기도,부천시 소사구,송내1동,41,0.595494284,0.060680868,0.000151037,0.060831905
경기도,부천시 소사구,송내2동,41,0.595494284,0.060680868,0.000299185,0.060980052
경기도,부천시 오정구,성곡동,41,0.595494284,0.060680868,0.000879168,0.061560035
경기도,부천시 오정구,원종1동,41,0.595494284,0.060680868,1.74E-05,0.060698258
경기도,부천시 오정구,원종2동,41,0.595494284,0.060680868,1.09E-05,0.060691806
경기도,부천시 오정구,고강본동,41,0.595494284,0.060680868,0.000473586,0.061154453
경기도,부천시 오정구,고강1동,41,0.595494284,0.060680868,0.000234077,0.060914944
경기도,부천시 오정구,오정동,41,0.595494284,0.060680868,0.001036082,0.06171695
경기도,부천시 오정구,신흥동,41,0.595494284,0.060680868,0.00012987,0.060810737
경기도,광명시,광명1동,41.18,0.589441829,0.060064122,0,0.060064122
경기도,광명시,광명2동,41.18,0.589441829,0.060064122,1.65E-05,0.060080641
경기도,광명시,광명3동,41.18,0.589441829,0.060064122,0,0.060064122
경기도,광명시,광명4동,41.18,0.589441829,0.060064122,0,0.060064122
경기도,광명시,광명5동,41.18,0.589441829,0.060064122,0.000412775,0.060476898
경기도,광명시,광명6동,41.18,0.589441829,0.060064122,7.11E-05,0.060135237
경기도,광명시,광명7동,41.18,0.589441829,0.060064122,0.006571896,0.066636019
경기도,광명시,철산1동,41.18,0.589441829,0.060064122,3.30E-05,0.060097073
경기도,광명시,철산2동,41.18,0.589441829,0.060064122,0.000258947,0.06032307
경기도,광명시,철산3동,41.18,0.589441829,0.060064122,0.000310559,0.060374682
경기도,광명시,철산4동,41.18,0.589441829,0.060064122,2.08E-05,0.060084959
경기도,광명시,하안1동,41.18,0.589441829,0.060064122,0.000260994,0.060325116
경기도,광명시,하안2동,41.18,0.589441829,0.060064122,0.001269719,0.061333841
경기도,광명시,하안3동,41.18,0.589441829,0.060064122,8.25E-05,0.060146587
경기도,광명시,하안4동,41.18,0.589441829,0.060064122,4.98E-05,0.060113883
경기도,광명시,소하1동,41.18,0.589441829,0.060064122,0.000527465,0.060591588
경기도,광명시,소하2동,41.18,0.589441829,0.060064122,0.000814055,0.060878178
경기도,광명시,일직동,41.18,0.589441829,0.060064122,0.000901113,0.060965235
경기도,광명시,학온동,41.18,0.589441829,0.060064122,0,0.060064122
경기도,고양시 덕양구,주교동,37.82,0.702420982,0.071576698,0.001359636,0.072936334
경기도,고양시 덕양구,원신동,37.82,0.702420982,0.071576698,0.001240025,0.072816723
경기도,고양시 덕양구,흥도동,37.82,0.702420982,0.071576698,0.001064328,0.072641026
경기도,고양시 덕양구,성사1동,37.82,0.702420982,0.071576698,0.000657021,0.072233719
경기도,고양시 덕양구,성사2동,37.82,0.702420982,0.071576698,0.006688294,0.078264992
경기도,고양시 덕양구,효자동,37.82,0.702420982,0.071576698,0.000304628,0.071881326
경기도,고양시 덕양구,삼송1동,37.82,0.702420982,0.071576698,0.000960972,0.07253767
경기도,고양시 덕양구,삼송2동,37.82,0.702420982,0.071576698,0.00109571,0.072672408
경기도,고양시 덕양구,창릉동,37.82,0.702420982,0.071576698,0.000828019,0.072404717
경기도,고양시 덕양구,고양동,37.82,0.702420982,0.071576698,0.000198491,0.071775189
경기도,고양시 덕양구,관산동,37.82,0.702420982,0.071576698,0.000207865,0.071784563
경기도,고양시 덕양구,능곡동,37.82,0.702420982,0.071576698,2.45E-05,0.071601222
경기도,고양시 덕양구,화정1동,37.82,0.702420982,0.071576698,0.000427138,0.072003836
경기도,고양시 덕양구,화정2동,37.82,0.702420982,0.071576698,0.000328075,0.071904773
경기도,고양시 덕양구,행주동,37.82,0.702420982,0.071576698,0.006242651,0.077819349
경기도,고양시 덕양구,행신1동,37.82,0.702420982,0.071576698,0.000160965,0.071737663
경기도,고양시 덕양구,행신2동,37.82,0.702420982,0.071576698,0.000226143,0.071802841
경기도,고양시 덕양구,행신3동,37.82,0.702420982,0.071576698,0.000269732,0.07184643
경기도,고양시 덕양구,행신4동,37.82,0.702420982,0.071576698,0.000599722,0.07217642
경기도,고양시 덕양구,화전동,37.82,0.702420982,0.071576698,0.000401748,0.071978446
경기도,고양시 덕양구,대덕동,37.82,0.702420982,0.071576698,0.000288348,0.071865046
경기도,고양시 일산동구,식사동,41.56,0.576664425,0.058762105,0.000383921,0.059146026
경기도,고양시 일산동구,중산1동,41.56,0.576664425,0.058762105,0.000686718,0.059448823
경기도,고양시 일산동구,중산2동,41.56,0.576664425,0.058762105,0.000958996,0.059721101
경기도,고양시 일산동구,정발산동,41.56,0.576664425,0.058762105,0.000280587,0.059042692
경기도,고양시 일산동구,풍산동,41.56,0.576664425,0.058762105,0.000338033,0.059100138
경기도,고양시 일산동구,백석1동,41.56,0.576664425,0.058762105,0.000783815,0.059545919
경기도,고양시 일산동구,백석2동,41.56,0.576664425,0.058762105,0.000145521,0.058907626
경기도,고양시 일산동구,마두1동,41.56,0.576664425,0.058762105,0.003790927,0.062553032
경기도,고양시 일산동구,마두2동,41.56,0.576664425,0.058762105,0.000736287,0.059498392
경기도,고양시 일산동구,장항1동,41.56,0.576664425,0.058762105,0.000550367,0.059312471
경기도,고양시 일산동구,장항2동,41.56,0.576664425,0.058762105,0.005190608,0.063952713
경기도,고양시 일산동구,고봉동,41.56,0.576664425,0.058762105,0,0.058762105
경기도,고양시 일산서구,일산1동,38.86,0.667451244,0.068013282,0,0.068013282
경기도,고양시 일산서구,일산2동,38.86,0.667451244,0.068013282,0.000182766,0.068196048
경기도,고양시 일산서구,일산3동,38.86,0.667451244,0.068013282,0.000288084,0.068301366
경기도,고양시 일산서구,탄현1동,38.86,0.667451244,0.068013282,0.000110553,0.068123835
경기도,고양시 일산서구,탄현2동,38.86,0.667451244,0.068013282,0.000634531,0.068647812
경기도,고양시 일산서구,주엽1동,38.86,0.667451244,0.068013282,0.000357268,0.06837055
경기도,고양시 일산서구,주엽2동,38.86,0.667451244,0.068013282,7.93E-05,0.068092587
경기도,고양시 일산서구,대화동,38.86,0.667451244,0.068013282,0.001244153,0.069257435
경기도,고양시 일산서구,송포동,38.86,0.667451244,0.068013282,0.000491414,0.068504696
경기도,고양시 일산서구,덕이동,38.86,0.667451244,0.068013282,0.000375356,0.068388638
경기도,고양시 일산서구,가좌동,38.86,0.667451244,0.068013282,0.000343735,0.068357017
경기도,구리시,갈매동,37.66,0.707800941,0.072124916,0.001118053,0.073242969
경기도,구리시,동구동,37.66,0.707800941,0.072124916,0.000312614,0.07243753
경기도,구리시,인창동,37.66,0.707800941,0.072124916,0.000529165,0.072654081
경기도,구리시,교문1동,37.66,0.707800941,0.072124916,0.002622059,0.074746975
경기도,구리시,교문2동,37.66,0.707800941,0.072124916,2.29E-05,0.072147865
경기도,구리시,수택1동,37.66,0.707800941,0.072124916,0.000307305,0.072432221
경기도,구리시,수택2동,37.66,0.707800941,0.072124916,5.66E-05,0.072181498
경기도,구리시,수택3동,37.66,0.707800941,0.072124916,0.000507354,0.07263227
경기도,남양주시,와부읍,42.56,0.543039677,0.055335743,6.28E-05,0.055398517
경기도,남양주시,진접읍,42.56,0.543039677,0.055335743,0.000591155,0.055926898
경기도,남양주시,화도읍,42.56,0.543039677,0.055335743,0.00175764,0.057093383
경기도,남양주시,화도읍동부출장소,42.56,0.543039677,0.055335743,0,0.055335743
경기도,남양주시,화도읍남부출장소,42.56,0.543039677,0.055335743,0,0.055335743
경기도,남양주시,진건읍,42.56,0.543039677,0.055335743,0.0028695,0.058205243
경기도,남양주시,오남읍,42.56,0.543039677,0.055335743,0.000114146,0.055449889
경기도,남양주시,퇴계원읍,42.56,0.543039677,0.055335743,8.82E-05,0.055423929
경기도,남양주시,별내면,42.56,0.543039677,0.055335743,0.00065348,0.055989223
경기도,남양주시,수동면,42.56,0.543039677,0.055335743,0,0.055335743
경기도,남양주시,조안면,42.56,0.543039677,0.055335743,0.000313748,0.055649491
경기도,남양주시,호평동,42.56,0.543039677,0.055335743,0.000225235,0.055560978
경기도,남양주시,평내동,42.56,0.543039677,0.055335743,0.000207661,0.055543404
경기도,남양주시,금곡동,42.56,0.543039677,0.055335743,0.009072637,0.06440838
경기도,남양주시,양정동,42.56,0.543039677,0.055335743,0.003186475,0.058522218
경기도,남양주시,다산1동,42.56,0.543039677,0.055335743,0.000321322,0.055657065
경기도,남양주시,다산2동,42.56,0.543039677,0.055335743,0.001661597,0.05699734
경기도,남양주시,별내동,42.56,0.543039677,0.055335743,0.000825727,0.05616147
경기도,하남시,천현동,35.88,0.767652993,0.07822384,0.000120971,0.078344811
경기도,하남시,신장1동,35.88,0.767652993,0.07822384,0,0.07822384
경기도,하남시,신장2동,35.88,0.767652993,0.07822384,0.002624275,0.080848115
경기도,하남시,덕풍1동,35.88,0.767652993,0.07822384,0.000894804,0.079118643
경기도,하남시,덕풍2동,35.88,0.767652993,0.07822384,1.46E-05,0.078238444
경기도,하남시,덕풍3동,35.88,0.767652993,0.07822384,0.001029531,0.07925337
경기도,하남시,감북동,35.88,0.767652993,0.07822384,0,0.07822384
경기도,하남시,감일동,35.88,0.767652993,0.07822384,0.000342544,0.078566384
경기도,하남시,위례동,35.88,0.767652993,0.07822384,0.000283912,0.078507752
경기도,하남시,춘궁동,35.88,0.767652993,0.07822384,0,0.07822384
경기도,하남시,초이동,35.88,0.767652993,0.07822384,0.000145674,0.078369514
경기도,하남시,미사1동,35.88,0.767652993,0.07822384,2.58E-05,0.078249608
경기도,하남시,미사2동,35.88,0.767652993,0.07822384,0.001466191,0.079690031
경기도,하남시,미사3동,35.88,0.767652993,0.07822384,0.000950353,0.079174193
경기도,용인시 처인구,포곡읍,36.24,0.755548083,0.07699035,0.000120773,0.077111123
경기도,용인시 처인구,모현읍,36.24,0.755548083,0.07699035,0.00812957,0.08511992
경기도,용인시 처인구,이동읍,36.24,0.755548083,0.07699035,0.001436377,0.078426727
경기도,용인시 처인구,남사읍,36.24,0.755548083,0.07699035,0.000635187,0.077625537
경기도,용인시 처인구,양지읍,36.24,0.755548083,0.07699035,0.000395578,0.077385928
경기도,용인시 처인구,원삼면,36.24,0.755548083,0.07699035,0,0.07699035
경기도,용인시 처인구,백암면,36.24,0.755548083,0.07699035,5.48E-05,0.077045188
경기도,용인시 처인구,중앙동,36.24,0.755548083,0.07699035,0.00156988,0.07856023
경기도,용인시 처인구,역북동,36.24,0.755548083,0.07699035,0.00071482,0.07770517
경기도,용인시 처인구,삼가동,36.24,0.755548083,0.07699035,0.000231192,0.077221542
경기도,용인시 처인구,유림1동,36.24,0.755548083,0.07699035,3.41E-05,0.077024427
경기도,용인시 처인구,유림2동,36.24,0.755548083,0.07699035,0.000115716,0.077106066
경기도,용인시 처인구,동부동,36.24,0.755548083,0.07699035,4.41E-05,0.077034473
경기도,용인시 기흥구,신갈동,42.95,0.529926026,0.053999462,0.000811374,0.054810836
경기도,용인시 기흥구,영덕1동,42.95,0.529926026,0.053999462,0.001863779,0.055863241
경기도,용인시 기흥구,영덕2동,42.95,0.529926026,0.053999462,0.000584846,0.054584308
경기도,용인시 기흥구,구갈동,42.95,0.529926026,0.053999462,0.000786199,0.054785661
경기도,용인시 기흥구,상갈동,42.95,0.529926026,0.053999462,0.002768558,0.05676802
경기도,용인시 기흥구,보라동,42.95,0.529926026,0.053999462,0.000563876,0.054563338
경기도,용인시 기흥구,기흥동,42.95,0.529926026,0.053999462,0.000272514,0.054271976
경기도,용인시 기흥구,서농동,42.95,0.529926026,0.053999462,0.001190078,0.05518954
경기도,용인시 기흥구,구성동,42.95,0.529926026,0.053999462,0.000845143,0.054844605
경기도,용인시 기흥구,마북동,42.95,0.529926026,0.053999462,0.000198122,0.054197584
경기도,용인시 기흥구,동백1동,42.95,0.529926026,0.053999462,0.000620837,0.054620299
경기도,용인시 기흥구,동백2동,42.95,0.529926026,0.053999462,0.002034885,0.056034347
경기도,용인시 기흥구,동백3동,42.95,0.529926026,0.053999462,0.000350632,0.054350094
경기도,용인시 기흥구,상하동,42.95,0.529926026,0.053999462,0.00014362,0.054143082
경기도,용인시 기흥구,보정동,42.95,0.529926026,0.053999462,0.000407493,0.054406955
경기도,용인시 수지구,풍덕천1동,40.96,0.596839274,0.060817922,0.000538554,0.061356476
경기도,용인시 수지구,풍덕천2동,40.96,0.596839274,0.060817922,0.000228742,0.061046664
경기도,용인시 수지구,신봉동,40.96,0.596839274,0.060817922,0.000547503,0.061365425
경기도,용인시 수지구,죽전1동,40.96,0.596839274,0.060817922,0.000629956,0.061447878
경기도,용인시 수지구,죽전2동,40.96,0.596839274,0.060817922,0,0.060817922
경기도,용인시 수지구,죽전3동,40.96,0.596839274,0.060817922,0.000875703,0.061693625
경기도,용인시 수지구,동천동,40.96,0.596839274,0.060817922,0.000401309,0.061219231
경기도,용인시 수지구,상현1동,40.96,0.596839274,0.060817922,0,0.060817922
경기도,용인시 수지구,상현2동,40.96,0.596839274,0.060817922,0.000487172,0.061305094
경기도,용인시 수지구,상현3동,40.96,0.596839274,0.060817922,0.000818323,0.061636245
경기도,용인시 수지구,성복동,40.96,0.596839274,0.060817922,0.000324923,0.061142845
경기도,김포시,통진읍,43.65,0.506388702,0.051601009,0.000646529,0.052247538
경기도,김포시,고촌읍,43.65,0.506388702,0.051601009,0.000925312,0.052526321
경기도,김포시,양촌읍,43.65,0.506388702,0.051601009,0.001377309,0.052978317
경기도,김포시,대곶면,43.65,0.506388702,0.051601009,0.000332948,0.051933956
경기도,김포시,월곶면,43.65,0.506388702,0.051601009,0.030502666,0.082103675
경기도,김포시,하성면,43.65,0.506388702,0.051601009,0.002952143,0.054553151
경기도,김포시,김포본동,43.65,0.506388702,0.051601009,0.000598695,0.052199704
경기도,김포시,장기본동,43.65,0.506388702,0.051601009,0.000716869,0.052317877
경기도,김포시,사우동,43.65,0.506388702,0.051601009,0.000397575,0.051998584
경기도,김포시,풍무동,43.65,0.506388702,0.051601009,0.000372024,0.051973033
경기도,김포시,장기동,43.65,0.506388702,0.051601009,0.000472132,0.052073141
경기도,김포시,구래동,43.65,0.506388702,0.051601009,0.000110596,0.051711605
경기도,김포시,마산동,43.65,0.506388702,0.051601009,0.002676492,0.054277501
경기도,김포시,운양동,43.65,0.506388702,0.051601009,0.003552873,0.055153882
인천광역시,중구,연안동,38.38,0.683591123,0.069657935,0,0.069657935
인천광역시,중구,신포동,38.38,0.683591123,0.069657935,0.001910684,0.071568619
인천광역시,중구,신흥동,38.38,0.683591123,0.069657935,0.000834789,0.070492725
인천광역시,중구,도원동,38.38,0.683591123,0.069657935,1.80E-05,0.069675961
인천광역시,중구,율목동,38.38,0.683591123,0.069657935,0.000408732,0.070066667
인천광역시,중구,동인천동,38.38,0.683591123,0.069657935,0,0.069657935
인천광역시,중구,개항동,38.38,0.683591123,0.069657935,0.01136558,0.081023516
인천광역시,중구,영종동,38.38,0.683591123,0.069657935,0.011685505,0.08134344
인천광역시,중구,영종1동,38.38,0.683591123,0.069657935,0.006719431,0.076377367
인천광역시,중구,영종2동,38.38,0.683591123,0.069657935,0.004239047,0.073896982
인천광역시,중구,용유동,38.38,0.683591123,0.069657935,0,0.069657935
인천광역시,중구,운서1동,38.38,0.683591123,0.069657935,0.001115787,0.070773722
인천광역시,중구,운서2동,38.38,0.683591123,0.069657935,0.004828237,0.074486172
인천광역시,동구,만석동,34.37,0.818426362,0.083397646,0.000102776,0.083500423
인천광역시,동구,화수1.화평동,34.37,0.818426362,0.083397646,0.000499527,0.083897173
인천광역시,동구,화수2동,34.37,0.818426362,0.083397646,1.55E-05,0.083413118
인천광역시,동구,송현1.2동,34.37,0.818426362,0.083397646,6.93E-05,0.08346693
인천광역시,동구,송현3동,34.37,0.818426362,0.083397646,0.000388197,0.083785843
인천광역시,동구,송림1동,34.37,0.818426362,0.083397646,0.001397581,0.084795227
인천광역시,동구,송림2동,34.37,0.818426362,0.083397646,0,0.083397646
인천광역시,동구,송림3.5동,34.37,0.818426362,0.083397646,0,0.083397646
인천광역시,동구,송림4동,34.37,0.818426362,0.083397646,0.002034196,0.085431843
인천광역시,동구,송림6동,34.37,0.818426362,0.083397646,2.63E-05,0.083423934
인천광역시,동구,금창동,34.37,0.818426362,0.083397646,6.00E-05,0.083457616
인천광역시,미추홀구,숭의2동,42.05,0.560188299,0.057083188,0.000275819,0.057359007
인천광역시,미추홀구,숭의1.3동,42.05,0.560188299,0.057083188,0,0.057083188
인천광역시,미추홀구,숭의4동,42.05,0.560188299,0.057083188,0,0.057083188
인천광역시,미추홀구,용현1.4동,42.05,0.560188299,0.057083188,2.54E-05,0.057108538
인천광역시,미추홀구,용현2동,42.05,0.560188299,0.057083188,3.13E-05,0.057114508
인천광역시,미추홀구,용현3동,42.05,0.560188299,0.057083188,0,0.057083188
인천광역시,미추홀구,용현5동,42.05,0.560188299,0.057083188,0.000244388,0.057327576
인천광역시,미추홀구,학익1동,42.05,0.560188299,0.057083188,0.000726928,0.057810115
인천광역시,미추홀구,학익2동,42.05,0.560188299,0.057083188,0.000118602,0.05720179
인천광역시,미추홀구,도화1동,42.05,0.560188299,0.057083188,0,0.057083188
인천광역시,미추홀구,도화2.3동,42.05,0.560188299,0.057083188,0.000210063,0.05729325
인천광역시,미추홀구,주안1동,42.05,0.560188299,0.057083188,5.03E-05,0.057133532
인천광역시,미추홀구,주안2동,42.05,0.560188299,0.057083188,0.001994329,0.059077517
인천광역시,미추홀구,주안3동,42.05,0.560188299,0.057083188,0.000878998,0.057962186
인천광역시,미추홀구,주안4동,42.05,0.560188299,0.057083188,0.000354371,0.057437559
인천광역시,미추홀구,주안5동,42.05,0.560188299,0.057083188,5.20E-05,0.057135183
인천광역시,미추홀구,주안6동,42.05,0.560188299,0.057083188,2.03E-05,0.057103534
인천광역시,미추홀구,주안7동,42.05,0.560188299,0.057083188,0,0.057083188
인천광역시,미추홀구,주안8동,42.05,0.560188299,0.057083188,1.11E-05,0.057094253
인천광역시,미추홀구,관교동,42.05,0.560188299,0.057083188,0.003209741,0.060292928
인천광역시,미추홀구,문학동,42.05,0.560188299,0.057083188,0.000138186,0.057221373
인천광역시,연수구,옥련1동,37.72,0.705783457,0.071919334,0.000166127,0.072085461
인천광역시,연수구,옥련2동,37.72,0.705783457,0.071919334,1.49E-05,0.071934275
인천광역시,연수구,선학동,37.72,0.705783457,0.071919334,0.006506333,0.078425667
인천광역시,연수구,연수1동,37.72,0.705783457,0.071919334,0.008239729,0.080159064
인천광역시,연수구,연수2동,37.72,0.705783457,0.071919334,0.000504228,0.072423562
인천광역시,연수구,연수3동,37.72,0.705783457,0.071919334,0.001308399,0.073227733
인천광역시,연수구,청학동,37.72,0.705783457,0.071919334,0.002120718,0.074040053
인천광역시,연수구,동춘1동,37.72,0.705783457,0.071919334,0.002982936,0.07490227
인천광역시,연수구,동춘2동,37.72,0.705783457,0.071919334,0.000136796,0.07205613
인천광역시,연수구,동춘3동,37.72,0.705783457,0.071919334,0.00019691,0.072116244
인천광역시,연수구,송도1동,37.72,0.705783457,0.071919334,0.015290395,0.087209729
인천광역시,연수구,송도2동,37.72,0.705783457,0.071919334,0.0523,0.124219334
인천광역시,연수구,송도3동,37.72,0.705783457,0.071919334,0.010532603,0.082451937
인천광역시,연수구,송도4동,37.72,0.705783457,0.071919334,0.000771797,0.072691132
인천광역시,연수구,송도5동,37.72,0.705783457,0.071919334,0.000415532,0.072334866
인천광역시,남동구,구월1동,42.04,0.560524546,0.057117451,0.000922403,0.058039854
인천광역시,남동구,구월2동,42.04,0.560524546,0.057117451,1.65E-05,0.057133965
인천광역시,남동구,구월3동,42.04,0.560524546,0.057117451,5.18E-05,0.05716928
인천광역시,남동구,구월4동,42.04,0.560524546,0.057117451,0.00038159,0.057499041
인천광역시,남동구,간석1동,42.04,0.560524546,0.057117451,7.36E-05,0.057191098
인천광역시,남동구,간석2동,42.04,0.560524546,0.057117451,1.29E-05,0.057130331
인천광역시,남동구,간석3동,42.04,0.560524546,0.057117451,0.00047506,0.057592512
인천광역시,남동구,간석4동,42.04,0.560524546,0.057117451,3.62E-05,0.057153653
인천광역시,남동구,만수1동,42.04,0.560524546,0.057117451,5.62E-05,0.057173648
인천광역시,남동구,만수2동,42.04,0.560524546,0.057117451,2.45E-05,0.057141975
인천광역시,남동구,만수3동,42.04,0.560524546,0.057117451,1.91E-05,0.057136553
인천광역시,남동구,만수4동,42.04,0.560524546,0.057117451,0.000146675,0.057264126
인천광역시,남동구,만수5동,42.04,0.560524546,0.057117451,2.82E-05,0.057145615
인천광역시,남동구,만수6동,42.04,0.560524546,0.057117451,0.000180231,0.057297682
인천광역시,남동구,장수서창동,42.04,0.560524546,0.057117451,0.018752368,0.075869819
인천광역시,남동구,서창2동,42.04,0.560524546,0.057117451,0.00162207,0.058739521
인천광역시,남동구,남촌도림동,42.04,0.560524546,0.057117451,0.000666734,0.057784185
인천광역시,남동구,논현1동,42.04,0.560524546,0.057117451,0.006380595,0.063498047
인천광역시,남동구,논현2동,42.04,0.560524546,0.057117451,0.00144666,0.058564111
인천광역시,남동구,논현고잔동,42.04,0.560524546,0.057117451,0.003055449,0.060172901
인천광역시,부평구,부평1동,38.45,0.681237391,0.06941809,4.33E-06,0.069422416
인천광역시,부평구,부평2동,38.45,0.681237391,0.06941809,0.011577793,0.080995883
인천광역시,부평구,부평3동,38.45,0.681237391,0.06941809,0.001528251,0.070946341
인천광역시,부평구,부평4동,38.45,0.681237391,0.06941809,0.000230837,0.069648927
인천광역시,부평구,부평5동,38.45,0.681237391,0.06941809,6.56E-05,0.069483726
인천광역시,부평구,부평6동,38.45,0.681237391,0.06941809,4.64E-05,0.069464506
인천광역시,부평구,산곡1동,38.45,0.681237391,0.06941809,0.001953004,0.071371094
인천광역시,부평구,산곡2동,38.45,0.681237391,0.06941809,6.51E-05,0.069483234
인천광역시,부평구,산곡3동,38.45,0.681237391,0.06941809,0.000352414,0.069770504
인천광역시,부평구,산곡4동,38.45,0.681237391,0.06941809,0,0.06941809
인천광역시,부평구,청천1동,38.45,0.681237391,0.06941809,0.001279052,0.070697142
인천광역시,부평구,청천2동,38.45,0.681237391,0.06941809,0,0.06941809
인천광역시,부평구,갈산1동,38.45,0.681237391,0.06941809,0.000418404,0.069836494
인천광역시,부평구,갈산2동,38.45,0.681237391,0.06941809,0.000427543,0.069845633
인천광역시,부평구,삼산1동,38.45,0.681237391,0.06941809,0.000361543,0.069779633
인천광역시,부평구,삼산2동,38.45,0.681237391,0.06941809,0.000454391,0.069872481
인천광역시,부평구,부개1동,38.45,0.681237391,0.06941809,9.76E-05,0.069515689
인천광역시,부평구,부개2동,38.45,0.681237391,0.06941809,0.000212618,0.069630708
인천광역시,부평구,부개3동,38.45,0.681237391,0.06941809,0.000283857,0.069701947
인천광역시,부평구,일신동,38.45,0.681237391,0.06941809,0.000122879,0.069540969
인천광역시,부평구,십정1동,38.45,0.681237391,0.06941809,0.000383097,0.069801187
인천광역시,부평구,십정2동,38.45,0.681237391,0.06941809,0.000737622,0.070155712
인천광역시,계양구,효성1동,40.83,0.601210491,0.061263349,0.000141213,0.061404562
인천광역시,계양구,효성2동,40.83,0.601210491,0.061263349,0.000604728,0.061868077
인천광역시,계양구,계산1동,40.83,0.601210491,0.061263349,2.97E-05,0.061293073
인천광역시,계양구,계산2동,40.83,0.601210491,0.061263349,0.003314508,0.064577857
인천광역시,계양구,계산3동,40.83,0.601210491,0.061263349,2.03E-05,0.061283612
인천광역시,계양구,계산4동,40.83,0.601210491,0.061263349,0.00025076,0.06151411
인천광역시,계양구,작전1동,40.83,0.601210491,0.061263349,0.000104042,0.061367391
인천광역시,계양구,작전2동,40.83,0.601210491,0.061263349,3.94E-05,0.061302732
인천광역시,계양구,작전서운동,40.83,0.601210491,0.061263349,0.000511489,0.061774838
인천광역시,계양구,계양1동,40.83,0.601210491,0.061263349,0.00055121,0.061814559
인천광역시,계양구,계양2동,40.83,0.601210491,0.061263349,9.67E-05,0.061360018
인천광역시,계양구,계양3동,40.83,0.601210491,0.061263349,0.000278601,0.06154195
인천광역시,서구,검암경서동,42.46,0.546402152,0.055678379,0.000298157,0.055976536
인천광역시,서구,연희동,42.46,0.546402152,0.055678379,0.004291737,0.059970116
인천광역시,서구,청라1동,42.46,0.546402152,0.055678379,0.000719305,0.056397684
인천광역시,서구,청라2동,42.46,0.546402152,0.055678379,0.002549787,0.058228167
인천광역시,서구,청라3동,42.46,0.546402152,0.055678379,0.002343173,0.058021552
인천광역시,서구,가정1동,42.46,0.546402152,0.055678379,0,0.055678379
인천광역시,서구,가정2동,42.46,0.546402152,0.055678379,0,0.055678379
인천광역시,서구,가정3동,42.46,0.546402152,0.055678379,0.000503931,0.05618231
인천광역시,서구,석남1동,42.46,0.546402152,0.055678379,0.000322616,0.056000995
인천광역시,서구,석남2동,42.46,0.546402152,0.055678379,0,0.055678379
인천광역시,서구,석남3동,42.46,0.546402152,0.055678379,2.19E-05,0.055700271
인천광역시,서구,신현원창동,42.46,0.546402152,0.055678379,0.000250108,0.055928488
인천광역시,서구,가좌1동,42.46,0.546402152,0.055678379,6.91E-05,0.055747443
인천광역시,서구,가좌2동,42.46,0.546402152,0.055678379,0.000124364,0.055802744
인천광역시,서구,가좌3동,42.46,0.546402152,0.055678379,0.000457673,0.056136052
인천광역시,서구,가좌4동,42.46,0.546402152,0.055678379,0.000334228,0.056012607
인천광역시,서구,검단동,42.46,0.546402152,0.055678379,0.000171438,0.055849817
인천광역시,서구,불로대곡동,42.46,0.546402152,0.055678379,3.19E-05,0.055710268
인천광역시,서구,원당동,42.46,0.546402152,0.055678379,0.000248764,0.055927143
인천광역시,서구,당하동,42.46,0.546402152,0.055678379,0.000130579,0.055808959
인천광역시,서구,오류왕길동,42.46,0.546402152,0.055678379,0.004592549,0.060270929
인천광역시,서구,마전동,42.46,0.546402152,0.055678379,5.73E-05,0.055735665
인천광역시,서구,아라1동,42.46,0.546402152,0.055678379,0.000562024,0.056240404
인천광역시,서구,아라2동,42.46,0.546402152,0.055678379,0.000756649,0.056435029
인천광역시,강화군,강화읍,36.25,0.755211836,0.076956086,0.001302295,0.078258381
인천광역시,강화군,선원면,36.25,0.755211836,0.076956086,0,0.076956086
인천광역시,강화군,불은면,36.25,0.755211836,0.076956086,0,0.076956086
인천광역시,강화군,길상면,36.25,0.755211836,0.076956086,0,0.076956086
인천광역시,강화군,화도면,36.25,0.755211836,0.076956086,0,0.076956086
인천광역시,강화군,양도면,36.25,0.755211836,0.076956086,0,0.076956086
인천광역시,강화군,내가면,36.25,0.755211836,0.076956086,0,0.076956086
인천광역시,강화군,하점면,36.25,0.755211836,0.076956086,0,0.076956086
인천광역시,강화군,양사면,36.25,0.755211836,0.076956086,0,0.076956086
인천광역시,강화군,송해면,36.25,0.755211836,0.076956086,0,0.076956086
인천광역시,강화군,교동면,36.25,0.755211836,0.076956086,0,0.076956086
인천광역시,강화군,삼산면,36.25,0.755211836,0.076956086,0,0.076956086
인천광역시,강화군,서도면,36.25,0.755211836,0.076956086,0,0.076956086
인천광역시,강화군,서도면볼음출장소,36.25,0.755211836,0.076956086,0,0.076956086
인천광역시,옹진군,북도면,35.04,0.795897781,0.081101984,0,0.081101984
인천광역시,옹진군,북도면장봉출장소,35.04,0.795897781,0.081101984,0,0.081101984
인천광역시,옹진군,백령면,35.04,0.795897781,0.081101984,0,0.081101984
인천광역시,옹진군,대청면,35.04,0.795897781,0.081101984,0,0.081101984
인천광역시,옹진군,대청면소청출장소,35.04,0.795897781,0.081101984,0,0.081101984
인천광역시,옹진군,덕적면,35.04,0.795897781,0.081101984,0,0.081101984
인천광역시,옹진군,영흥면,35.04,0.795897781,0.081101984,0,0.081101984
인천광역시,옹진군,자월면,35.04,0.795897781,0.081101984,0,0.081101984
인천광역시,옹진군,자월면이작출장소,35.04,0.795897781,0.081101984,0,0.081101984
인천광역시,옹진군,연평면,35.04,0.795897781,0.081101984,0,0.081101984
