학교명,도로명주소,위도,경도,법정동,행정동
서울대학교사범대학부설중학교,서울특별시 성북구 월곡로 36 (종암동),37.5958359,127.0390662,종암동,종암동
서울대학교사범대학부설여자중학교,"서울특별시 종로구 대학로 64 , 서울대학교사범대학부설여자중학교 (이화동)",37.5775997,127.0042955,이화동,이화동
개원중학교,"서울특별시 강남구 영동대로 101 , 개원중학교 (개포동,개원중학교)",37.49159053,127.0719003,개포동,개포2동
개포중학교,"서울특별시 강남구 선릉로 9 (개포동,개포중학교)",37.48044739,127.0624029,개포동,개포1동
경원중학교,"서울특별시 서초구 신반포로33길 39 (잠원동,경원중학교)",37.5115816,127.0090183,잠원동,반포3동
구룡중학교,"서울특별시 강남구 선릉로 103 (개포동,구룡중학교)",37.48621294,127.0565075,개포동,개포1동
압구정중학교,"서울특별시 강남구 압구정로 225 , 압구정중학교 (압구정동,압구정중학교)",37.53024224,127.0330027,압구정동,압구정동
단국대학교사범대학부속중학교,서울특별시 강남구 도곡로64길 21 (대치동),37.49561749,127.0577682,대치동,대치1동
대명중학교,"서울특별시 강남구 역삼로87길 26 (대치동, 대명중학교)",37.50631894,127.0607781,대치동,대치2동
대왕중학교,"서울특별시 강남구 광평로20길 7 (수서동, 대왕중학교)",37.48346033,127.0873381,수서동,일원본동
대청중학교,"서울특별시 강남구 양재천로 321 (대치동, 대청중학교)",37.49034855,127.0580335,대치동,대치1동
대치중학교,"서울특별시 강남구 남부순환로378길 39 (도곡동,대치중학교)",37.48457751,127.0470652,도곡동,도곡2동
도곡중학교,"서울특별시 강남구 언주로57길 31 (도곡동,도곡중학교)",37.49229373,127.0447856,도곡동,도곡1동
동덕여자중학교,"서울특별시 서초구 효령로2길 123-5 (방배동,동덕여자중고등학교)",37.47584606,126.9926158,방배동,방배3동
반포중학교,"서울특별시 서초구 신반포로 67 (반포동,반포중학교)",37.50305237,126.991604,반포동,반포본동
방배중학교,"서울특별시 서초구 동광로 144 (반포동,방배중학교)",37.49486827,126.997827,반포동,반포4동
봉은중학교,서울특별시 강남구 영동대로128길 59 (삼성동),37.51897667,127.0623894,삼성동,삼성1동
서문여자중학교,서울특별시 서초구 동광로12길 84 (방배동),37.48891973,126.9845458,방배동,방배4동
서운중학교,"서울특별시 서초구 서운로 115 (서초동,서운중학교)",37.49394851,127.0245382,서초동,서초2동
서일중학교,"서울특별시 서초구 서운로21길 2 (서초동,서일중학교)",37.49852986,127.0232207,서초동,서초4동
서초중학교,"서울특별시 서초구 반포대로13길 48 (서초동,서초중학교)",37.48546798,127.0092308,서초동,서초3동
세화여자중학교,"서울특별시 서초구 신반포로 56-7 , 세화여자중학교 (반포동,강당)",37.50199646,126.99423,반포동,반포본동
수서중학교,"서울특별시 강남구 광평로59길 57 (수서동,수서중학교)",37.49121758,127.1023555,수서동,수서동
숙명여자중학교,"서울특별시 강남구 남부순환로 2807 , 숙명여자중학교",37.49147536,127.0526126,도곡동,도곡2동
신구중학교,"서울특별시 강남구 압구정로36길 17 (신사동,신구중학교)",37.52744229,127.0316727,신사동,압구정동
신동중학교,"서울특별시 서초구 나루터로 27 , 신동중학교 (잠원동,신동중학교)",37.5169159,127.0129154,잠원동,잠원동
신반포중학교,"서울특별시 서초구 신반포로19길 26 , 신반포중학교 (반포동,신반포중학교)",37.50626532,126.9961242,반포동,반포2동
신사중학교,"서울특별시 강남구 압구정로 123 (압구정동,신사중학교)",37.52465157,127.0209188,압구정동,신사동
언남중학교,"서울특별시 서초구 동산로 55 (양재동,언남중학교)",37.47230262,127.0437571,양재동,양재2동
언북중학교,"서울특별시 강남구 도산대로38길 27 (논현동,언북중학교)",37.51941115,127.0334905,논현동,논현2동
언주중학교,"서울특별시 강남구 선릉로116길 57 , 언주중학교",37.51465316,127.0466832,삼성동,삼성2동
역삼중학교,"서울특별시 강남구 도곡로43길 10 (역삼동,역삼중학교)",37.49592949,127.0486129,역삼동,역삼2동
영동중학교,"서울특별시 서초구 성촌길 14 (우면동,영동중학교)",37.46598629,127.0251407,우면동,양재1동
원촌중학교,"서울특별시 서초구 사평대로45길 10 (반포동,원촌중학교)",37.5063251,127.0146997,반포동,반포1동
은성중학교,"서울특별시 강남구 남부순환로359길 36 (도곡동,은광여자고등학교)",37.48834845,127.0350215,도곡동,도곡1동
이수중학교,"서울특별시 서초구 방배중앙로3길 32 (방배동,이수중학교)",37.48063003,126.989859,방배동,방배2동
중동중학교,서울특별시 강남구 일원로8길 37 중동중학교,37.4885699,127.0786819,일원동,개포3동
진선여자중학교,"서울특별시 강남구 선릉로85길 27 (역삼동, 진선여자중학교)",37.50230289,127.0482866,역삼동,역삼2동
청담중학교,"서울특별시 강남구 압구정로61길 36 (청담동,청담중학교)",37.52865979,127.0448101,청담동,청담동
휘문중학교,서울특별시 강남구 역삼로 541 (대치동),37.50528945,127.0619939,대치동,대치2동
가락중학교,"서울특별시 송파구 송이로 45 (송파동,가락중학교)",37.50233971,127.1189713,송파동,송파2동
가원중학교,"서울특별시 송파구 중대로10길 40-18 (가락동,가원중학교)",37.49096833,127.1229789,가락동,가락본동
강일중학교,서울특별시 강동구 고덕로27길 12 (암사동414-17),37.55534535,127.1380086,암사동,암사3동
거원중학교,"서울특별시 송파구 양산로2길 30 (거여동,거원중학교)",37.48769648,127.1465426,거여동,거여2동
고덕중학교,서울특별시 강동구 동남로82길 94 (고덕동),37.56035843,127.1617619,고덕동,고덕2동
동북중학교,서울특별시 강동구 강동대로 305 (둔촌동),37.52024061,127.1394507,둔촌동,둔촌1동
동신중학교,"서울특별시 강동구 진황도로 72 (천호동, 동신중학교)",37.53676952,127.1343666,천호동,천호3동
둔촌중학교,서울특별시 강동구 진황도로61길 25-30 (둔촌동),37.53083609,127.1463317,둔촌동,둔촌2동
명일중학교,"서울특별시 강동구 양재대로156길 57 (고덕동,명일중학교)",37.55765635,127.1472985,고덕동,고덕1동
문정중학교,"서울특별시 송파구 문정로 73 (문정동, 문정중학교)",37.488392,127.1302863,문정동,문정1동
방산중학교,"서울특별시 송파구 오금로29길 31 (방이동, 방산중학교)",37.50934391,127.1215678,방이동,방이1동
방이중학교,"서울특별시 송파구 오금로11길 64 (방이동,방이중학교)",37.5149508,127.1133737,방이동,방이2동
배명중학교,"서울특별시 송파구 삼학사로 11 (삼전동,배명중고등학교)",37.4976895,127.0958118,삼전동,삼전동
배재중학교,"서울특별시 강동구 고덕로 227 (고덕동, 배재중학교)",37.55505598,127.1501605,고덕동,고덕1동
보성중학교,"서울특별시 송파구 양재대로 1278 (방이동,보성중고등학교)",37.52008989,127.1357293,방이동,오륜동
보인중학교,"서울특별시 송파구 오금로49길 18 (오금동, 보인중고등학교)",37.4975692,127.1395178,오금동,오금동
상일중학교,"서울특별시 강동구 천호대로219길 61 (상일동, 상일중학교)",37.54858748,127.1708235,상일동,상일1동
석촌중학교,서울특별시 송파구 송이로15길 13 (가락동),37.50145499,127.1211174,가락동,가락본동
성내중학교,"서울특별시 강동구 성안로7길 36 (성내동,성내중학교)",37.52906191,127.1291173,성내동,성내1동
성덕여자중학교,"서울특별시 강동구 구천면로 396 (천호동, 성덕여자중학교)",37.54985454,127.1415413,천호동,천호1동
세륜중학교,"서울특별시 송파구 양재대로72길 41 (오금동,세륜중학교)",37.50893314,127.1312464,오금동,오금동
송파중학교,"서울특별시 송파구 동남로 203 (가락동, 송파중학교)",37.49592462,127.1299324,가락동,가락2동
신명중학교,서울특별시 강동구 명일로24길 25 (길동),37.54181449,127.1492919,길동,길동
신암중학교,"서울특별시 강동구 고덕로 65 , 신암중학교 (암사동)",37.55636169,127.1336043,암사동,암사3동
신천중학교,"서울특별시 송파구 백제고분로 11 , 신천중학교 (잠실동)",37.51625001,127.0792834,잠실동,잠실2동
아주중학교,"서울특별시 송파구 올림픽로4길 69 , 아주중학교 (잠실동)",37.50520449,127.0762989,잠실동,잠실7동
영파여자중학교,서울특별시 송파구 올림픽로 565 (풍납동),37.53273715,127.1197402,풍납동,풍납2동
오금중학교,"서울특별시 송파구 오금로35길 20 (오금동,오금중학교)",37.5052111,127.1291121,오금동,오금동
오륜중학교,"서울특별시 송파구 양재대로 1242 (방이동,오륜중학교)",37.51629477,127.1385222,방이동,오륜동
오주중학교,"서울특별시 송파구 동남로 281 (오금동, 오주중학교)",37.50148425,127.1365065,오금동,오금동
잠실여자중학교,"서울특별시 송파구 송파대로38길 8 (송파동,잠실여자중학교)",37.50179413,127.1142413,송파동,송파2동
잠신중학교,"서울특별시 송파구 잠실로 12 , 잠신중학교 (잠실동)",37.51608175,127.0882432,잠실동,잠실2동
잠실중학교,서울특별시 송파구 올림픽로35길 130 (신천동),37.51734717,127.0997283,신천동,잠실6동
정신여자중학교,"서울특별시 송파구 올림픽로4길 16 , 정신여자중학교 (잠실동)",37.50945384,127.0738473,잠실동,잠실7동
천일중학교,"서울특별시 강동구 천중로 57 (천호동,천일중학교)",37.54584475,127.1281966,천호동,천호2동
천호중학교,서울특별시 강동구 상암로 153 (천호동),37.54651926,127.139698,천호동,천호1동
풍납중학교,서울특별시 송파구 올림픽로43길 20 (풍납동),37.52535051,127.1156283,풍납동,풍납2동
풍성중학교,"서울특별시 송파구 강동대로2길 27 (풍납동, 풍성중학교)",37.52527779,127.1131307,풍납동,풍납2동
한산중학교,서울특별시 강동구 풍성로 251 (둔촌동),37.52890274,127.1403034,둔촌동,둔촌2동
한영중학교,"서울특별시 강동구 동남로 832 , 한영중학교 (상일동)",37.54908447,127.1569276,상일동,상일1동
강신중학교,"서울특별시 양천구 남부순환로 604 (신월동,강신중학교)",37.51513716,126.8381601,신월동,신월6동
경서중학교,서울특별시 강서구 양천로59길 31 (가양동),37.56124186,126.857764,가양동,가양3동
공진중학교,"서울특별시 강서구 양천로55길 56 (가양동,공진중학교)",37.56692482,126.8510591,가양동,가양2동
공항중학교,"서울특별시 강서구 방화대로 241 (공항동,공항중학교)",37.56217456,126.814809,공항동,공항동
금옥중학교,"서울특별시 양천구 신정로 213 , 금옥중학교 (신정동)",37.51096532,126.8439717,신정동,신정3동
덕원중학교,"서울특별시 강서구 강서로45길 91-44 (내발산동,덕원중학교)",37.54862258,126.8290245,내발산동,발산1동
등명중학교,"서울특별시 강서구 공항대로39길 39 (등촌동,등명중학교)",37.56019335,126.8433041,등촌동,등촌3동
등원중학교,"서울특별시 강서구 화곡로65길 50 (등촌동,등원중학교)",37.55973402,126.8518154,등촌동,등촌3동
등촌중학교,"서울특별시 강서구 공항대로 484-12 (등촌동,등촌중학교)",37.55248221,126.8592148,등촌동,등촌2동
마포중학교,"서울특별시 강서구 화곡로 403 , 마포중학교 (전화 02-3663-2587)",37.56002771,126.8528649,등촌동,등촌3동
명덕여자중학교,서울특별시 강서구 강서로47길 34-10 (내발산동),37.55386948,126.8339773,내발산동,발산1동
목동중학교,"서울특별시 양천구 목동동로 172 (신정동,목동중학교)",37.5209572,126.8714434,신정동,신정2동
목일중학교,"서울특별시 양천구 목동동로8길 70 (신정동,목일중학교)",37.51350849,126.8742688,신정동,신정6동
방원중학교,"서울특별시 강서구 금낭화로 268 , 방원중학교 (방화동,방원중학교)",37.5757386,126.8082204,방화동,방화3동
방화중학교,서울특별시 강서구 개화동로27길 9 (방화동),37.56433471,126.8071069,방화동,방화2동
백석중학교,"서울특별시 강서구 등촌로51나길 35 (등촌동,백석중학교)",37.54829091,126.8589539,등촌동,등촌2동
봉영여자중학교,"서울특별시 양천구 목동동로2길 68 (신정동,봉영여자중학교)",37.50921598,126.8601984,신정동,신정7동
삼정중학교,"서울특별시 강서구 금낭화로 210 (방화동,삼정중학교)",37.58129504,126.8102955,방화동,방화3동
성재중학교,"서울특별시 강서구 허준로 36 (가양동,성재중학교)",37.56950205,126.8454044,가양동,가양1동
송정중학교,"서울특별시 강서구 남부순환로 121 (공항동,송정중학교)",37.55315807,126.8152435,공항동,공항동
신남중학교,"서울특별시 양천구 중앙로29길 109 (신월동,신남중학교)",37.52077389,126.8478262,신월동,신월2동
신목중학교,"서울특별시 양천구 목동중앙로 88 (목동,신목중학교)",37.53702399,126.8730725,목동,목5동
신서중학교,"서울특별시 양천구 중앙로 206 (신정동,신서중학교)",37.51596644,126.8550164,신정동,신정1동
신원중학교,"서울특별시 양천구 가로공원로55길 19 (신월동,신원중학교)",37.5370925,126.8248419,신월동,신월3동
신월중학교,"서울특별시 양천구 남부순환로29길 25 , 신월중학교 (신월동)",37.54046194,126.828389,신월동,신월5동
신정여자중학교,서울특별시 강서구 등촌로13아길 20 신정여자중학교,37.53841175,126.8571716,화곡동,화곡4동
신화중학교,"서울특별시 양천구 남부순환로29길 35 , 신화중학교 (신월동)",37.5406111,126.8296004,신월동,신월5동
양강중학교,서울특별시 양천구 중앙로 319 (신월동),37.52491016,126.8496203,신월동,신월2동
양동중학교,"서울특별시 양천구 목동중앙북로 49 (목동,양동중학교)",37.54836875,126.8687172,목동,목3동
양서중학교,"서울특별시 양천구 남부순환로 380 (신월동,양서중학교)",37.53267581,126.8289726,신월동,신월3동
양정중학교,"서울특별시 양천구 안양천로 1039 (목동, 양정고등학교)",37.53539226,126.8877343,목동,목5동
양천중학교,"서울특별시 양천구 지양로7길 32 (신월동,양천중학교)",37.51900116,126.8305508,신월동,신월7동
염창중학교,"서울특별시 강서구 양천로67가길 83 (염창동,염창중학교)",37.55426407,126.8717473,염창동,염창동
영도중학교,"서울특별시 양천구 목동중앙남로 27 , 영도중학교 (목동,강서고등학교)",37.53631557,126.8657711,목동,목4동
월촌중학교,"서울특별시 양천구 목동서로 31 (목동,서울월촌중학교)",37.53706518,126.8827588,목동,목5동
화곡중학교,"서울특별시 강서구 강서로45길 70 (내발산동,화곡중학교)",37.54841256,126.8326797,내발산동,발산1동
화원중학교,"서울특별시 강서구 강서로17나길 86 (화곡동,화원중학교)",37.53621409,126.8424135,화곡동,화곡1동
가산중학교,서울특별시 금천구 시흥대로115길 48 (독산동),37.46877706,126.8944749,독산동,독산1동
개봉중학교,서울특별시 구로구 고척로21나길 68 (개봉동),37.50352932,126.8423998,개봉동,개봉1동
개웅중학교,"서울특별시 구로구 개봉로11길 81 , 개웅중학교 (개봉동,개웅중학교)",37.4875269,126.8510711,개봉동,개봉3동
고척중학교,"서울특별시 구로구 중앙로3길 20 , 고척중학교 (고척동)",37.49974083,126.8613425,고척동,고척1동
구로중학교,서울특별시 구로구 구로중앙로 48 (구로동),37.49485972,126.8910999,구로동,구로4동
구일중학교,서울특별시 구로구 구일로 90-133 (구로동),37.49530091,126.8737702,구로동,구로1동
난곡중학교,서울특별시 금천구 문성로 67 (독산동),37.47804558,126.9107916,독산동,미성동
당산서중학교,"서울특별시 영등포구 당산로41길 12 (당산동5가,당산서중학교)",37.53248394,126.8988251,당산동5가,당산2동
당산중학교,서울특별시 영등포구 버드나루로 160 (당산동),37.53203308,126.907614,당산동,당산2동
대림중학교,"서울특별시 영등포구 시흥대로185길 6 (대림동,대림중학교)",37.49213862,126.906943,대림동,대림1동
대영중학교,"서울특별시 영등포구 도림로80가길 14 (신길동,대영중학교)",37.50343784,126.905208,신길동,신길5동
동일중학교,서울특별시 금천구 탑골로10길 45 (시흥동),37.45192067,126.915824,시흥동,시흥2동
문래중학교,"서울특별시 영등포구 선유서로13길 6 (문래동6가,문래중학교)",37.52036241,126.8846709,문래동6가,문래동
문성중학교,"서울특별시 금천구 독산로102길 78 , 문성중학교 (독산동)",37.4754682,126.9084938,독산동,독산3동
문일중학교,"서울특별시 금천구 시흥대로47길 45 , 문일중학교 (시흥동)",37.44891526,126.8987207,시흥동,시흥1동
세일중학교,서울특별시 금천구 시흥대로147길 34 (독산동),37.47459441,126.8953689,독산동,독산1동
시흥중학교,"서울특별시 금천구 시흥대로38길 60 , 시흥중학교 (시흥동)",37.44629507,126.9050823,시흥동,시흥3동
신도림중학교,"서울특별시 구로구 경인로63길 74 , 신도림중학교 (신도림동)",37.51074073,126.8848071,신도림동,신도림동
안천중학교,"서울특별시 금천구 한내로 69-44 (독산동,안천중학교)",37.45952426,126.8874988,독산동,독산1동
선유중학교,서울특별시 영등포구 선유로 213 (양평동3가),37.53328647,126.8943007,양평동3가,양평2동
양화중학교,"서울특별시 영등포구 당산로 56 (문래동3가,양화중학교)",37.51954792,126.8959408,문래동3가,문래동
여의도중학교,"서울특별시 영등포구 국제금융로7길 46 , 여의도중학교 (여의도동)",37.5239802,126.9357531,여의도동,여의동
영남중학교,"서울특별시 영등포구 대림로31나길 17 , 영남중학교 (대림동)",37.49787218,126.8958365,대림동,대림3동
영림중학교,"서울특별시 구로구 가마산로27길 17 , 영림중학교 (구로동)",37.49722811,126.8907179,구로동,구로5동
영서중학교,서울특별시 구로구 도림로20길 35 (구로동),37.48975239,126.8949101,구로동,구로3동
영원중학교,"서울특별시 영등포구 영등포로62길 31 (영등포동,영원중학교)",37.51497419,126.9136469,영등포동,영등포본동
오남중학교,서울특별시 구로구 오리로9길 25 (오류동),37.4870039,126.837171,오류동,오류2동
경인중학교,서울특별시 구로구 경인로 301 (개봉동),37.49846566,126.8536725,개봉동,개봉1동
오류중학교,서울특별시 구로구 고척로27바길 19 (고척동),37.50772919,126.846524,고척동,고척2동
우신중학교,"서울특별시 구로구 부일로 917 , 우신중학교 (궁동)",37.49490231,126.8263536,궁동,수궁동
윤중중학교,"서울특별시 영등포구 여의동로3길 3 , 윤중중학교 (여의도동)",37.51893021,126.9241232,여의도동,여의동
한울중학교,서울특별시 금천구 독산로50길 60 한울중학교,37.46240531,126.9071703,시흥동,시흥4동
경희여자중학교,서울특별시 동대문구 경희대로 26 (회기동),37.59394914,127.054891,회기동,회기동
경희중학교,"서울특별시 동대문구 경희대로 26 , 경희중학교 (회기동)",37.59394914,127.054891,회기동,회기동
대광중학교,서울특별시 동대문구 안암로 6 (신설동),37.57795494,127.0253282,신설동,신설동
동국대학교사범대학부속중학교,서울특별시 동대문구 장안벚꽃로 201 (장안동),37.57804718,127.075133,장안동,장안2동
동대문중학교,"서울특별시 동대문구 사가정로 59 , 동대문중학교 (전농동)",37.57452207,127.0519943,전농동,전농1동
동원중학교,"서울특별시 중랑구 양원역로 32 (망우동, 동원중학교)",37.60382264,127.1094981,망우동,망우본동
면목중학교,"서울특별시 중랑구 용마산로70길 37 , 면목중학교 (면목동)",37.58301146,127.0965893,면목동,면목3.8동
봉화중학교,"서울특별시 중랑구 망우로70길 89 (망우동,봉화중학교)",37.59582753,127.1043156,망우동,망우본동
상봉중학교,서울특별시 중랑구 상봉중앙로8나길 28 (상봉동),37.60152799,127.0901246,상봉동,상봉1동
성일중학교,서울특별시 동대문구 왕산로23길 55 (제기동),37.58185023,127.0338504,제기동,제기동
송곡중학교,서울특별시 중랑구 양원역로 67 (망우본동,37.60658063,127.1053779,망우동,망우본동
숭인중학교,"서울특별시 동대문구 천호대로47길 34 (답십리동, 숭인중학교)",37.57384826,127.0438965,답십리동,답십리1동
신현중학교,"서울특별시 중랑구 봉화산로 162 , 신현중학교 (상봉동)",37.60446458,127.0915328,상봉동,상봉1동
영란여자중학교,서울특별시 중랑구 망우로73길 56 (망우동),37.6031324,127.1053324,망우동,망우본동
용마중학교,"서울특별시 중랑구 면목로28길 18 , 용마중학교 (면목동)",37.57450911,127.0862674,면목동,면목4동
원묵중학교,"서울특별시 중랑구 신내로23길 57 , 원묵중학교 (묵동)",37.61784163,127.0845539,묵동,묵1동
장안중학교,"서울특별시 중랑구 동일로 780 , 장안중학교 (중화동)",37.6005073,127.0813765,중화동,중화1동
장평중학교,"서울특별시 동대문구 답십리로72길 158 , 장평중학교 (장안동)",37.56685961,127.0704776,장안동,장안1동
전농중학교,"서울특별시 동대문구 사가정로13길 71 (전농동,전농중학교)",37.58204428,127.0592794,전농동,전농2동
전동중학교,"서울특별시 동대문구 장안벚꽃로 291 (휘경동,전동중학교)",37.58619359,127.0709291,휘경동,휘경2동
전일중학교,"서울특별시 동대문구 사가정로13길 67 , 전일중학교 (전농동)",37.58250018,127.0583795,전농동,전농2동
정화여자중학교,"서울특별시 동대문구 홍릉로15길 50 , 정화여자중학교 (제기동)",37.58604864,127.0410703,제기동,제기동
중랑중학교,"서울특별시 중랑구 동일로140길 33 , 중랑중학교 (중화동)",37.6053543,127.0808017,중화동,중화1동
중화중학교,"서울특별시 중랑구 용마산로 364 (면목동,중화중학교)",37.58450379,127.0945608,면목동,면목3.8동
청량중학교,서울특별시 동대문구 왕산로 301 (청량리동),37.58821921,127.0506225,청량리동,청량리동
태릉중학교,서울특별시 중랑구 공릉로2길 60-25 (묵동),37.61253191,127.0834355,묵동,묵1동
혜원여자중학교,"서울특별시 중랑구 봉우재로58길 39 (망우동,혜원여자중고등학교)",37.59327987,127.0970427,망우동,망우3동
휘경여자중학교,"서울특별시 동대문구 한천로 247 , 휘경여자중학교 (휘경동)",37.58190052,127.0674341,휘경동,전농2동
휘경중학교,"서울특별시 동대문구 망우로18나길 20 (휘경동,휘경중학교)",37.58709299,127.0617461,휘경동,휘경2동
강남중학교,"서울특별시 동작구 대방동15길 29 (대방동, 강남중학교)",37.50276263,126.9233466,대방동,대방동
강현중학교,"서울특별시 동작구 상도로13라길 22 , 강현중학교 (상도동)",37.50311599,126.9307563,상도동,상도3동
관악중학교,"서울특별시 관악구 남부순환로237길 60 , 관악중학교 (봉천동)",37.48125828,126.9619123,봉천동,행운동
광신중학교,"서울특별시 관악구 광신길 141 , 광신중학교 (신림동)",37.4644762,126.9259406,신림동,삼성동
국사봉중학교,"서울특별시 동작구 양녕로20길 20 , 국사봉중학교 (상도동)",37.49353263,126.9440557,상도동,상도4동
난우중학교,"서울특별시 관악구 난곡로16길 32 , 난우중학교 (신림동)",37.46680396,126.9228283,신림동,난곡동
남강중학교,"서울특별시 관악구 난곡로34길 80 (신림동,남강중고등학교)",37.47137567,126.9249091,신림동,난곡동
남서울중학교,"서울특별시 관악구 남부순환로172길 97 , 남서울중학교 (신림동)",37.48213625,126.9210371,신림동,미성동
남성중학교,"서울특별시 동작구 남부순환로269길 166 (사당동,남성중학교)",37.47900822,126.9724141,사당동,사당4동
당곡중학교,"서울특별시 관악구 봉천로13길 101 , 당곡중학교 (봉천동)",37.49235863,126.9326787,봉천동,보라매동
대방중학교,"서울특별시 동작구 여의대방로10길 24 (신대방동, 대방중학교)",37.49543678,126.9130162,신대방동,신대방1동
동양중학교,"서울특별시 동작구 흑석로9길 94 , 동양중학교 (흑석동)",37.51022314,126.9574775,흑석동,노량진1동
동작중학교,서울특별시 동작구 동작대로39가길 83 (동작동),37.49546195,126.9778016,동작동,사당2동
문창중학교,서울특별시 동작구 여의대방로22나길 40 (신대방동),37.49586094,126.9224055,신대방동,신대방2동
미성중학교,서울특별시 관악구 문성로16길 40 (신림동),37.47538281,126.9120889,신림동,미성동
봉림중학교,서울특별시 관악구 장군봉길 72 (봉천동),37.48119817,126.9377027,봉천동,청룡동
봉원중학교,"서울특별시 관악구 관악로24가길 15 , 봉원중학교 (봉천동,봉원중학교)",37.48410274,126.9588909,봉천동,행운동
사당중학교,"서울특별시 동작구 사당로9가길 58 , 사당중학교 (사당동)",37.48776119,126.9685407,사당동,사당3동
상도중학교,"서울특별시 동작구 사당로2가길 72 , 상도중학교 (사당동)",37.4909219,126.9614756,사당동,사당5동
상현중학교,서울특별시 동작구 사당로2길 2-19 (상도동),37.49415578,126.9606077,상도동,상도1동
서울문영여자중학교,서울특별시 관악구 관악로 85 (봉천동),37.47290457,126.9509181,봉천동,청룡동
성남중학교,서울특별시 동작구 대방동길 74 (대방동),37.50528157,126.9266153,대방동,대방동
성보중학교,서울특별시 관악구 남부순환로156길 39 성보중학교 (신림동),37.48072837,126.9209573,신림동,미성동
신관중학교,"서울특별시 관악구 신림로48길 17-16 , (신림동 신관중학교)",37.48020125,126.9344522,신림동,서원동
삼성중학교,"서울특별시 관악구 신림로3가길 39-24 (신림동,삼성중학교)",37.4676059,126.9425132,신림동,대학동
신림중학교,"서울특별시 관악구 신림로 40 (신림동,신림중학교)",37.47032734,126.946004,신림동,서림동
영등포중학교,"서울특별시 동작구 등용로8길 5 , 영등포중학교 (대방동)",37.50808541,126.9331437,대방동,대방동
인헌중학교,"서울특별시 관악구 인헌9길 35 , 인헌중학교 (봉천동)",37.47268531,126.9688485,봉천동,인헌동
장승중학교,"서울특별시 동작구 장승배기로10가길 25 , 장승중학교 (상도동)",37.50314858,126.940834,상도동,상도2동
중앙대학교사범대학부속중학교,"서울특별시 동작구 서달로 124 , 중앙대학교사범대학부속중학교 (흑석동)",37.50362942,126.9617326,흑석동,흑석동
공릉중학교,"서울특별시 노원구 노원로1길 42 (공릉동,공릉중학교)",37.62213595,127.0835013,공릉동,공릉2동
광운중학교,"서울특별시 노원구 광운로1길 24 (월계동,광운중학교)",37.6192432,127.0565408,월계동,월계1동
노곡중학교,"서울특별시 도봉구 노해로70길 95 (창동,노곡중학교)",37.64880251,127.0537437,창동,창4동
노원중학교,"서울특별시 노원구 동일로213길 26 (상계동,노원중학교)",37.64936114,127.059692,상계동,상계6.7동
노일중학교,"서울특별시 노원구 동일로231길 24 , 노일중학교 (상계동)",37.67228886,127.0538897,상계동,상계1동
녹천중학교,서울특별시 노원구 월계로 376 (월계동),37.63107911,127.0617422,월계동,월계3동
도봉중학교,"서울특별시 도봉구 마들로 671 (도봉동,도봉중학교)",37.67088384,127.0458717,도봉동,도봉2동
방학중학교,"서울특별시 도봉구 시루봉로 188 , 방학중학교 (방학동)",37.66545122,127.030859,방학동,방학2동
백운중학교,서울특별시 도봉구 도봉로129길 50 (쌍문동),37.65628068,127.0356223,쌍문동,쌍문2동
북서울중학교,서울특별시 도봉구 도봉로169가길 33 (도봉동),37.68157042,127.0425735,도봉동,도봉1동
불암중학교,"서울특별시 노원구 한글비석로5길 45 , 불암중학교 (하계동)",37.64546974,127.0732172,하계동,하계1동
상경중학교,"서울특별시 노원구 동일로227길 61 (상계동, 상경중학교)",37.66714877,127.0537053,상계동,상계8동
상계제일중학교,"서울특별시 노원구 덕릉로86길 29-15 , 상계제일중학교 (중계동)",37.6610756,127.0780785,중계동,중계4동
상계중학교,"서울특별시 노원구 노원로 398 (상계동, 상계중학교)",37.6526541,127.0685525,상계동,상계2동
상명중학교,"서울특별시 노원구 덕릉로 553 , 상명중학교 (중계동)",37.64954079,127.0677013,중계동,중계2.3동
상원중학교,서울특별시 노원구 수락산로 182 (상계동),37.67172498,127.0597836,상계동,상계9동
선덕중학교,"서울특별시 도봉구 시루봉로 53 , 선덕중학교 (쌍문동)",37.65627502,127.0267031,쌍문동,쌍문4동
수락중학교,"서울특별시 노원구 동일로 1729 , 수락중학교 (상계동)",37.68314469,127.0548083,상계동,상계1동
신도봉중학교,서울특별시 도봉구 도봉로115길 16 (쌍문동),37.64959473,127.0332481,쌍문동,쌍문3동
신방학중학교,"서울특별시 도봉구 시루봉로 156 , 신방학중학교 (방학동)",37.66414043,127.028899,방학동,방학3동
신상중학교,"서울특별시 노원구 동일로216길 42 (상계동,신상중학교)",37.65190308,127.0639869,상계동,상계6.7동
신창중학교,"서울 노원구 월계로45길 92 (월계동,신창중학교)",37.6285588,127.0474776,월계동,월계2동
염광중학교,"서울특별시 노원구 월계로45가길 9 , 노원구 월계동 820 (월계동)",37.63028445,127.0492646,월계동,월계2동
온곡중학교,"서울특별시 노원구 노원로 492 (상계동,온곡중학교)",37.66058142,127.0643327,상계동,상계10동
월계중학교,서울특별시 노원구 월계로45가길 54 (월계동),37.63113114,127.0523203,월계동,월계2동
재현중학교,"서울특별시 노원구 덕릉로82길 64 (중계동,재현중/고등학교)",37.66129064,127.0807998,중계동,중계4동
정의여자중학교,"서울특별시 도봉구 노해로49길 69 , 정의여자중학교 (쌍문동)",37.65335584,127.0324273,쌍문동,쌍문4동
중계중학교,서울특별시 노원구 덕릉로76길 23 (중계동),37.65562691,127.0749004,중계동,중계4동
중원중학교,"서울특별시 노원구 공릉로 420 (중계동,중원중학교)",37.64423868,127.0680295,중계동,중계2.3동
중평중학교,"서울특별시 노원구 동일로203길 87 (하계동,중평중학교)",37.63697638,127.0623354,하계동,하계2동
창동중학교,"서울특별시 도봉구 방학로 32 , 창동중학교 (방학동)",37.66322957,127.0489975,방학동,방학1동
창북중학교,"서울특별시 도봉구 노해로62길 33 (창동,창북중학교)",37.64911577,127.0388329,창동,창1동
창일중학교,"서울특별시 도봉구 노해로66길 60 (창동,창일중학교)",37.64898859,127.0464446,창동,창1동
청원중학교,"서울특별시 노원구 한글비석로 506 , 청원중학교 (상계동,청원초/중/고등학교)",37.66525155,127.0625329,상계동,상계9동
태랑중학교,"서울특별시 노원구 화랑로51나길 51 , 태랑중학교 (공릉동)",37.62696092,127.0908073,공릉동,공릉2동
하계중학교,서울특별시 노원구 노원로 261-8 (하계동),37.64136991,127.0723336,하계동,하계1동
한천중학교,"서울특별시 노원구 공릉로 265 (공릉동, 한천중학교)",37.63127216,127.0721178,공릉동,공릉2동
경성중학교,"서울특별시 마포구 성미산로 111 , 경성중학교 (연남동,경성중고등학교)",37.56351064,126.9191663,연남동,연남동
광성중학교,"서울 마포구 신수로8길 20 (신수동,광성중고등학교)",37.54869756,126.9359696,신수동,신수동
구산중학교,"서울특별시 은평구 갈현로15길 20-23 (구산동,구산중학교)",37.60987202,126.9094887,구산동,구산동
대성중학교,"서울특별시 은평구 갈현로29길 51-24 , 대성중학교 (갈현동)",37.6222716,126.9112583,갈현동,갈현2동
덕산중학교,서울특별시 은평구 가좌로 400 (신사동),37.6022574,126.9046771,신사동,신사1동
동도중학교,서울특별시 마포구 백범로 139 동도중학교,37.54667508,126.948479,염리동,염리동
동명여자중학교,서울특별시 서대문구 독립문로 49 (천연동),37.56861542,126.9622529,천연동,천연동
명지중학교,서울특별시 서대문구 명지2길 56 (홍은동),37.58491135,126.9270902,홍은동,홍은2동
불광중학교,"서울특별시 은평구 불광로 180 , 불광중학교 (불광동)",37.62317982,126.9323892,불광동,불광2동
상신중학교,서울특별시 은평구 증산로15길 61 (신사동),37.58978547,126.9064249,신사동,신사2동
서연중학교,서울특별시 서대문구 연희로11마길 9-6 (연희동),37.56821623,126.9271377,연희동,연희동
서울여자중학교,"서울특별시 마포구 백범로25길 34 , 서울여자중학교 (염리동)",37.54780003,126.9490253,염리동,염리동
선일여자중학교,"서울특별시 은평구 갈현로29길 27 , 선일여자중학교 (갈현동)",37.62030421,126.9119931,갈현동,갈현2동
선정중학교,"서울특별시 은평구 서오릉로20길 19 , 선정중학교 (갈현동)",37.61870451,126.9090316,갈현동,갈현2동
성사중학교,"서울특별시 마포구 모래내로9길 16 , 성사중학교 (성산동)",37.5680911,126.912683,성산동,성산2동
성산중학교,서울특별시 마포구 성지1길 32-13 (합정동),37.54731637,126.9165628,합정동,합정동
성서중학교,서울특별시 마포구 성산로4길 42 (성산동),37.5627873,126.9079522,성산동,성산1동
숭문중학교,"서울특별시 마포구 숭문길 99 , 숭문중고등학교 (대흥동)",37.55089095,126.9458869,대흥동,대흥동
숭실중학교,서울특별시 은평구 은평터널로7길 6 (신사동),37.59327482,126.9024039,신사동,신사2동
신수중학교,"서울특별시 마포구 신수로 49 , 신수중학교 (신수동)",37.545923,126.934132,신수동,신수동
신연중학교,서울특별시 서대문구 모래내로 408 (연희동),37.58267678,126.940382,연희동,연희동
아현중학교,"서울특별시 마포구 마포대로 247 (아현동,아현중학교)",37.55640071,126.9565,아현동,아현동
연북중학교,"서울특별시 서대문구 연희로36길 32 (연희동,연북중학교)",37.57755329,126.9382954,연희동,연희동
연서중학교,"서울특별시 은평구 증산서길 125-6 (증산동,연서중학교)",37.58702716,126.9092836,증산동,증산동
연신중학교,"서울특별시 은평구 연서로33길 16-32 (연신중학교, 불광동)",37.62353926,126.9242879,불광동,불광2동
연천중학교,서울특별시 은평구 연서로41길 30 (불광동),37.62754521,126.9258198,불광동,불광2동
연희중학교,서울특별시 서대문구 증가로 170 (남가좌동),37.57958728,126.9187918,남가좌동,남가좌2동
영락중학교,"서울특별시 은평구 백련산로 134-6 , 영락중학교 (응암동)",37.59709761,126.9244734,응암동,응암1동
예일여자중학교,서울특별시 은평구 연서로 117 (구산동),37.6109459,126.9147928,구산동,구산동
은평중학교,서울특별시 은평구 갈현로17나길 12-1 (구산동),37.61063518,126.9083472,구산동,구산동
이화여자대학교사범대학부속이화?금란중학교,서울특별시 서대문구 성산로 520 (대신동),37.56263931,126.9444886,대신동,신촌동
인창중학교,"서울특별시 서대문구 경기대로 65 (충정로2가,인창중학교)",37.56488513,126.9640232,충정로2가,충현동
정원여자중학교,"서울특별시 서대문구 연희로37안길 51 , 정원여자중학교 (홍은동)",37.58537524,126.9334305,홍은동,홍은2동
중암중학교,"서울특별시 마포구 월드컵북로38길 25 (중동,중암중학교)",37.57241132,126.9033686,중동,성산2동
중앙여자중학교,"서울특별시 서대문구 북아현로11가길 7 (북아현동, 중앙여자중학교)",37.56317672,126.9540593,북아현동,충현동
증산중학교,"서울특별시 은평구 증산로5길 27-30 , 증산중학교 (증산동)",37.58400173,126.9057392,증산동,증산동
충암중학교,서울특별시 은평구 가좌로5길 5 (응암동),37.58464029,126.9218095,응암동,응암3동
한성중학교,"서울특별시 서대문구 북아현로1길 24 (북아현동,한성중학교)",37.55909644,126.9544565,북아현동,북아현동
홍은중학교,서울특별시 서대문구 연희로41길 94 (홍은동),37.59189151,126.9357524,홍은동,홍은2동
홍익대학교사범대학부속여자중학교,서울특별시 마포구 성미산로 51 (성산동),37.55966516,126.9129287,성산동,성산1동
건국대학교사범대학부속중학교,서울특별시 광진구 자양로 145-1 건국대학교사범대학부속중학교,37.54069716,127.083215,자양동,자양1동
경수중학교,서울특별시 성동구 뚝섬로13길 14 (성수동2가),37.53950904,127.0592712,성수동2가,성수2가1동
광남중학교,"서울특별시 광진구 아차산로70길 17-62 , 광남중학교 (광장동)",37.54083041,127.1016439,광장동,광장동
광양중학교,서울특별시 광진구 자양로3길 7 (자양동),37.53089134,127.08617,자양동,자양2동
광장중학교,"서울특별시 광진구 광장로1길 1 , 광장중학교 (광장동)",37.54717752,127.1019276,광장동,광장동
광진중학교,"서울특별시 광진구 뚝섬로64길 45 (자양동,광진중학교)",37.53221959,127.0901621,자양동,자양2동
광희중학교,"서울특별시 성동구 독서당로62길 46 , 광희중학교 (응봉동)",37.55115453,127.03398,응봉동,응봉동
구의중학교,서울특별시 광진구 광나루로30길 80 (화양동),37.5428503,127.0788404,화양동,화양동
대원국제중학교,"서울특별시 광진구 용마산로22길 26 , 대원국제중학교 (중곡동)",37.56245022,127.0893767,중곡동,중곡4동
동마중학교,서울특별시 성동구 마조로11길 18 (마장동),37.56280394,127.0403614,마장동,마장동
동국대학교사범대학부속가람중학교,"서울특별시 광진구 광나루로36길 47 , 동국대학교사범대학부속가람중학교 (구의동)",37.54192107,127.0869779,구의동,구의1동
무학중학교,서울특별시 성동구 행당로 120 (행당동),37.55770119,127.0319922,행당동,행당2동
성수중학교,"서울특별시 성동구 서울숲길 18 (성수동1가, 성수중학교)",37.54734181,127.0382534,성수동1가,성수1가1동
성원중학교,"서울특별시 성동구 성덕정9가길 13 (성수동2가, 성원중학교)",37.53945182,127.0513835,성수동2가,성수1가1동
신양중학교,"서울특별시 광진구 자양강변길 73 , 신양중학교 (자양동)",37.53365227,127.0634253,자양동,자양4동
옥정중학교,"서울특별시 성동구 한림말길 11 , 옥정중학교 (옥수동)",37.54167037,127.0129832,옥수동,옥수동
용곡중학교,"서울특별시 광진구 용마산로22길 76 (중곡동,용곡중학교)",37.56583399,127.0892753,중곡동,중곡4동
자양중학교,"서울특별시 광진구 뚝섬로41길 33 (자양동,서울자양중학교)",37.5357299,127.0743689,자양동,자양3동
한양대학교사범대학부속중학교,"서울특별시 성동구 마조로 42 (사근동,한양사대부속중·고등학교)",37.56191884,127.042324,사근동,사근동
행당중학교,"서울특별시 성동구 왕십리로 189 (행당동,행당중학교)",37.55455404,127.0419634,행당동,사근동
강북중학교,"서울특별시 강북구 한천로150길 67 (수유동, 강북중학교)",37.6449159,127.0253734,수유동,수유3동
고려대학교사범대학부속중학교,"서울특별시 성북구 정릉로 161 (정릉동,고려대학교사범대학부속중학교)",37.60804769,127.0026161,정릉동,정릉3동
고명중학교,"서울특별시 성북구 북악산로 870 (돈암동,고명중학교)",37.59767414,127.0191875,돈암동,돈암1동
남대문중학교,"서울특별시 성북구 한천로 660-30 (장위동, 남대문중학교)",37.61853601,127.0559811,장위동,장위3동
동구여자중학교,"서울특별시 성북구 성북로8길 71 (성북동,동구여자중학교)",37.59410659,127.0082155,성북동,성북동
번동중학교,"서울특별시 강북구 오현로35길 87 (번동,번동중학교)",37.63245569,127.0362064,번동,번2동
북악중학교,"서울특별시 성북구 정릉로12길 41 (정릉동,북악중학교)",37.60700905,127.0016095,정릉동,정릉3동
삼선중학교,"서울특별시 성북구 동소문로3길 69 (동소문동4가,삼선중학교)",37.59174439,127.0078729,동소문동1가,돈암2동
서라벌중학교,"서울특별시 강북구 삼양로155길 37-9 , 서라벌중학교 (우이동)",37.65698403,127.0114883,우이동,우이동
석관중학교,"서울특별시 성북구 한천로 526 (석관동,석관중학교)",37.60812158,127.0667182,석관동,석관동
성신여자중학교,"서울특별시 성북구 북악산로 918 (돈암동,성신여자중학교)",37.59462268,127.0231286,돈암동,동선동
성암여자중학교,"서울특별시 강북구 도봉로29길 52 (미아동,학교법인성암학원)",37.62041353,127.0239059,미아동,송천동
수송중학교,"서울특별시 강북구 한천로122길 21 (번동,수송중학교)",37.63675993,127.0335855,번동,번1동
수유중학교,"서울특별시 강북구 인수봉로37길 40 (수유동,수유중학교)",37.63128942,127.0103197,수유동,수유1동
신일중학교,"서울특별시 강북구 솔매로49길 20 (미아동,신일중고등학교)",37.62796722,127.0284031,미아동,미아동
영훈국제중학교,"서울특별시 강북구 도봉로13가길 19 (미아동,학교법인영훈학원)",37.61468187,127.0280933,미아동,송천동
용문중학교,서울 성북구 고려대로17가길 46 용문중고등학교,37.58869033,127.0246608,안암동2가,안암동
월곡중학교,"서울특별시 성북구 장월로 6 (상월곡동,월곡중학교)",37.60698235,127.0482594,상월곡동,월곡2동
인수중학교,"서울특별시 강북구 인수봉로75길 10 (수유동, 인수중학교)",37.64377191,127.0096671,수유동,인수동
장위중학교,"서울특별시 성북구 장위로4길 70 (장위동,장위중학교)",37.61128177,127.0408746,장위동,장위1동
종암중학교,"서울특별시 성북구 종암로5길 80-17 (종암동,종암중학교)",37.5929706,127.0317476,종암동,종암동
창문여자중학교,"서울특별시 강북구 월계로 61 (송중동, 창문여자중고등학교)",37.61340092,127.035828,미아동,송중동
한성여자중학교,"서울특별시 성북구 삼선교로16길 118 (삼선동2가,한성여자중학교)",37.5819996,127.0113127,삼선동2가,삼선동
홍익대학교사범대학부속중학교,"서울특별시 성북구 성북로14가길 23 , 홍익대학교사범대학부속중학교 (성북동,홍익대학교부속중고등학교)",37.59366662,127.002805,성북동,성북동
화계중학교,서울특별시 강북구 화계사길 63 (수유동),37.63251806,127.0097091,수유동,수유1동
경신중학교,"서울특별시 종로구 혜화로 74 (혜화동,경신중고등학교)",37.59220227,126.999531,혜화동,혜화동
금호중학교,"서울특별시 중구 청구로 6 , 금호중학교 (신당동)",37.55845088,127.0208359,신당동,동화동
대경중학교,서울특별시 중구 매봉18길 111 (신당동),37.55637326,127.0169792,신당동,청구동
대신중학교,서울특별시 종로구 사직로 9 (행촌동),37.57312377,126.9612545,행촌동,교남동
덕성여자중학교,서울특별시 종로구 율곡로3길 49 (송현동),37.57778598,126.9819092,송현동,삼청동
덕수중학교,"서울 중구 마른내로9길 10 (인현동2가,덕수중학교)",37.56557957,126.9969973,인현동2가,광희동
동성중학교,서울특별시 종로구 대학로 156 (혜화동),37.58496996,127.0030976,혜화동,혜화동
배문중학교,"서울특별시 용산구 효창원로 258 , 배문중학교 (서계동)",37.54991872,126.9639041,서계동,청파동
배화여자중학교,"서울특별시 종로구 필운대로1길 34 , 배화여자중학교 (필운동)",37.57954401,126.9672919,필운동,청운효자동
보성여자중학교,서울특별시 용산구 신흥로3가길 66 (용산동2가),37.54308154,126.9842842,용산동2가,용산2가동
상명대학교사범대학부속여자중학교,서울특별시 종로구 홍지문2길 20 (홍지동),37.60410891,126.9551595,홍지동,부암동
선린중학교,서울특별시 용산구 원효로97길 33-4 (청파동3가),37.54276768,126.9660794,청파동3가,청파동
성심여자중학교,"서울특별시 용산구 원효로19길 49 , 성심여자중학교 (원효로4가)",37.53420937,126.9545934,원효로4가,원효로2동
숭의여자중학교,서울특별시 동작구 여의대방로36길 79 (대방동),37.50736414,126.9292433,대방동,대방동
신광여자중학교,서울특별시 용산구 청파로 263 (청파동3가),37.54289988,126.9694475,청파동3가,청파동
오산중학교,"서울특별시 용산구 보광로7길 17 (보광동,오산중학교)",37.52358051,127.0008872,보광동,보광동
용강중학교,서울특별시 용산구 이촌로65가길 91 (이촌동),37.52157693,126.9754853,이촌동,한강로동
용산중학교,서울특별시 용산구 두텁바위로 74 (용산동2가),37.54601254,126.9809129,용산동2가,용산2가동
장원중학교,서울특별시 중구 동호로15길 93-34 (신당동),37.55396452,127.0060429,신당동,다산동
장충중학교,서울특별시 중구 동호로15길 93 (신당동),37.5535149,127.006415,신당동,다산동
중앙중학교,서울특별시 종로구 창덕궁길 164 (계동),37.58378822,126.9874726,계동,가회동
창덕여자중학교,"서울특별시 중구 정동길 22 , 창덕여자중학교 (정동)",37.5664328,126.9692102,정동,소공동
청운중학교,서울특별시 종로구 창의문로 51 (청운동),37.58917094,126.9710886,청운동,청운효자동
한강중학교,서울특별시 용산구 녹사평대로 73 (서빙고동),37.52361192,126.9927909,서빙고동,서빙고동
한양중학교,서울특별시 중구 을지로 299 (신당동),37.5658716,127.0114433,신당동,신당동
환일중학교,서울특별시 중구 환일길 47 (만리동2가),37.55375593,126.9625884,만리동2가,중림동
서울체육중학교,"서울특별시 송파구 강동대로 232 , 서울체육중학교 (방이동)",37.52233038,127.1298226,방이동,오륜동
삼각산중학교,"서울특별시 강북구 삼양로19길 141 , 삼각산중학교 (미아동)",37.61604124,127.0143427,미아동,삼각산동
을지중학교,서울특별시 노원구 덕릉로 580 (중계동),37.64978791,127.0717084,중계동,중계1동
구암중학교,서울특별시 관악구 성현로 53 (봉천동),37.49276624,126.9490357,봉천동,성현동
경일중학교,서울특별시 성동구 성수일로 27 (성수동1가),37.54380838,127.0478538,성수동1가,성수1가1동
마장중학교,"서울특별시 성동구 마장로35나길 31 , 마장중학교 (마장동)",37.56833887,127.0416051,마장동,마장동
개운중학교,"서울특별시 성북구 북악산로 935 (돈암동,개운중학교)",37.59462665,127.0248421,돈암동,돈암1동
양진중학교,"서울특별시 광진구 워커힐로 32 , 양진중학교",37.54497821,127.0987143,광장동,광장동
염경중학교,"서울특별시 강서구 양천로69길 35 (염창동,염경중학교)",37.55453781,126.8705292,염창동,염창동
효문중학교,"서울특별시 도봉구 우이천로 432 (쌍문동, 효문중 고등학교)",37.65269871,127.0184005,쌍문동,쌍문1동
상암중학교,서울특별시 마포구 상암산로1길 26 (상암동),37.57905692,126.8875508,상암동,상암동
수명중학교,"서울특별시 강서구 수명로2길 16 (내발산동,수명중학교)",37.54856699,126.8240596,내발산동,발산1동
진관중학교,서울특별시 은평구 진관4로 36 (진관동),37.64425564,126.9257277,진관동,진관동
목운중학교,"서울특별시 양천구 목동동로 235 (목동,목운초.중학교)",37.52700952,126.8730442,목동,목1동
솔샘중학교,"서울특별시 강북구 인수봉로 39 (미아동, 솔샘중.고등학교)",37.62376485,127.0120689,미아동,삼양동
인왕중학교,"서울특별시 서대문구 세검정로4길 , 69 (홍제동)",37.59272256,126.9517793,홍제동,홍제3동
문현중학교,"서울특별시 송파구 충민로 99 (장지동, 문현중학교)",37.4805588,127.1282441,장지동,장지동
강명중학교,"서울특별시 강동구 상일로12길 56 (강일동, 강명중학교)",37.55561278,127.1746084,상일동,상일2동
강동중학교,"서울특별시 강동구 풍산로 237 , 강동중학교 (강일동)",37.56965025,127.177836,강일동,강일동
신도중학교,서울특별시 은평구 진관1로 77-30 (진관동),37.63299312,126.9307131,진관동,진관동
창천중학교,서울특별시 마포구 백범로1길 56 (노고산동),37.55491782,126.9392951,노고산동,대흥동
천왕중학교,"서울특별시 구로구 천왕로 63 (천왕동, 천왕중학교)",37.48265442,126.8373336,천왕동,오류2동
가재울중학교,"서울특별시 서대문구 수색로 100-75 (북가좌동, 가재울중학교)",37.57509835,126.9099742,북가좌동,북가좌1동
위례솔중학교,"서울특별시 송파구 위례북로2길 10 , 위례솔중학교 (거여동)",37.48725911,127.150355,거여동,위례동
길음중학교,"서울특별시 성북구 길음로 144 , 길음중학교 (길음동)",37.61403346,127.0177524,길음동,길음1동
마곡중학교,서울특별시 강서구 마곡중앙5로 58 (마곡동),37.5680344,126.821326,마곡동,방화1동
숭곡중학교,"서울특별시 성북구 종암로 208 , 숭곡중학교 (하월곡동)",37.60855346,127.0312403,하월곡동,월곡1동
세곡중학교,"서울특별시 강남구 자곡로 81 (자곡동, 세곡중학교)",37.47196487,127.0925838,자곡동,세곡동
송례중학교,서울특별시 송파구 위례순환로 429 (장지동),37.47783301,127.1397345,장지동,위례동
내곡중학교,서울특별시 서초구 청계산로7길 9-20 (신원동),37.45200325,127.0544446,신원동,내곡동
항동중학교,"서울특별시 구로구 연동로 239-2 (항동, 항동중학교)",37.48283808,126.8203721,항동,항동
신길중학교,"서울특별시 영등포구 신길로28길 43 (신길동, 신길중학교)",37.50203454,126.9154355,신길동,신길7동
마곡하늬중학교,서울특별시 강서구 마곡서1로 16 (마곡동),37.5581679,126.8209848,마곡동,공항동
해누리중학교,"서울특별시 송파구 송파대로37길 95 , 해누리중학교 (가락동)",37.49841159,127.1021242,가락동,가락1동
강빛중학교,"서울특별시 강동구 아리수로93다길 1 (강일동, 강빛초중통합학교)",37.57434332,127.1707749,강일동,강일동
강남중학교,"인천광역시 강화군 길상면 강화남로 62-2 (길상면, 강남중학교)",37.64384136,126.4790998,길상면 온수리,길상면
강서중학교,"인천광역시 강화군 하점면 강화서로 909-19 (하점면, 강서중학교)",37.77311093,126.3881076,하점면 이강리,하점면
강화여자중학교,인천광역시 강화군 강화읍 갑룡길 11 (강화읍),37.74429631,126.4950253,강화읍 갑곳리,강화읍
강화중학교,"인천광역시 강화군 강화읍 동문로 53 , 강화중학교 (강화읍)",37.75040373,126.4910246,강화읍 관청리,강화읍
교동중학교,인천광역시 강화군 교동면 교동남로 77 (교동면),37.77846268,126.2843169,교동면 대룡리,교동면
동광중학교,"인천광역시 강화군 양도면 강화남로 704 (양도면, 동광중학교)",37.66237195,126.4231998,양도면 하일리,양도면
삼량중학교,"인천광역시 강화군 내가면 강화서로 184 (내가면,삼량중고등학교)",37.71179563,126.39281,내가면 고천리,내가면
승영중학교,"인천광역시 강화군 삼산면 삼산북로 473 , 47 삼산승영중학교",37.70478515,126.3208771,삼산면 석모리,삼산면
서도중학교,"인천광역시 강화군 서도면 주문도길 173 (서도면, 서도초,중,고등학교)",37.64803766,126.2524746,서도면 주문도리,서도면
심도중학교,"인천광역시 강화군 화도면 마니산로 703-20 (화도면, 심도중학교)",37.63128211,126.4212324,화도면 상방리,화도면
관교여자중학교,"인천광역시 미추홀구 경원대로 691 (관교동, 관교여자중학교)",37.44495673,126.6886407,관교동,관교동
관교중학교,"인천광역시 미추홀구 경원대로 670번길 19 (관교동, 관교중학교)",37.44425703,126.6917774,관교동,관교동
광성중학교,"인천광역시 중구 참외전로244번길 47 , 광성중학교 (도원동)",37.46761233,126.6397464,도원동,도원동
남인천여자중학교,"인천광역시 미추홀구 인하로 426 (관교동, 남인천여자중학교)",37.44514508,126.6942107,관교동,관교동
대청중학교,인천광역시 옹진군 대청면 대청로244번길 116-45 (대청면),37.8325852,124.6939792,대청면 대청리,대청면
재능중학교,"인천광역시 동구 재능로 178 (송림동, 재능중학교)",37.47554184,126.650465,송림동,송림3.5동
덕적중학교,"인천광역시 옹진군 덕적면 덕적남로 15 (덕적면, 덕적초중고등학교)",37.22538058,126.1481953,덕적면 진리,덕적면
동산중학교,"인천광역시 동구 동산로 58 , 동산중학교 (송림동, 동산중학교,동산고등학교)",37.47303977,126.6488935,송림동,송림3.5동
백령중학교,"인천광역시 옹진군 백령면 백령로 708 (백령면, 백령고등학교, 백령중학교)",37.96444697,124.6760478,백령면 북포리,백령면
선인중학교,"인천광역시 미추홀구 석정로 165 , 선인중학교 (도화동)",37.47396441,126.6519788,도화동,도화2.3동
선화여자중학교,"인천광역시 미추홀구 석정로 165 , 선화여자중학교 (도화동)",37.47396441,126.6519788,도화동,도화2.3동
송도중학교,"인천광역시 중구 제물량로 123 (답동, 송도중학교)",37.46822398,126.629074,답동,신포동
신흥여자중학교,"인천광역시 중구 인항로24번길 37 (신흥동3가, 신흥여자중학교)",37.45404114,126.632101,신흥동3가,신흥동
신흥중학교,인천광역시 중구 인항로24번길 38 (신흥동3가),37.4541787,126.6299576,신흥동3가,신흥동
연평중학교,"인천광역시 옹진군 연평면 연평로 137번길 , 101 (연평면)",37.66412421,125.7010233,연평면 연평리,연평면
영종중학교,"인천광역시 중구 남디로 92 (운남동, 영종중학교)",37.48351207,126.5252529,운남동,영종동
영흥중학교,"인천광역시 옹진군 영흥면 내동로 107 (영흥면, 영흥고등학교, 영흥중학교)",37.26520659,126.4794201,영흥면 내리,영흥면
용유중학교,인천광역시 중구 남북로87번길 4 (남북동),37.44825105,126.4123732,남북동,용유동
용현여자중학교,"인천광역시 미추홀구 낙섬동로 28 (용현동, 용현여자중학교)",37.44840638,126.6406704,용현동,용현5동
용현중학교,"인천광역시 미추홀구 낙섬동로 16 (용현동, 용현중학교)",37.44774694,126.6395809,용현동,용현5동
인성여자중학교,"인천광역시 중구 홍예문로 39 (송학동2가,인성여자중학교)",37.47423949,126.624435,송학동2가,신포동
인천공항중학교,"인천광역시 중구 영종대로27번길 49 , 인천공항중학교 (운서동, 인천공항중학교)",37.49774785,126.4841639,운서동,운서1동
인천남중학교,"인천광역시 미추홀구 수봉로 16-23 (숭의동, 인천남 중학교)",37.46379213,126.6539999,숭의동,숭의4동
박문중학교,"인천광역시 연수구 송도과학로51번길 102 (송도동, 박문중학교)",37.38559779,126.6720928,송도동,송도3동
인하대학교사범대학부속중학교,"인천광역시 미추홀구 재넘이길123번길 29 (학익동, 인하사범대부속중고등학교)",37.44596571,126.6628662,학익동,학익2동
인화여자중학교,인천광역시 미추홀구 석정로 165 (도화동),37.47396441,126.6519788,도화동,도화2.3동
제물포여자중학교,"인천광역시 미추홀구 인주대로470번길 20 (주안동, 제물포여자중학교)",37.44914564,126.6882045,주안동,주안8동
화도진중학교,"인천광역시 동구 화수로 64 (화수동, 화도진중학교)",37.48499013,126.632209,화수동,화수2동
간석여자중학교,"인천광역시 남동구 간석로25번길 13 (간석동, 간석여자중학교)",37.46837559,126.710288,간석동,간석3동
구월여자중학교,"인천 남동구 성말로13번길 78 , 구월여자중학교  (구월동,구월여자중학교)",37.44854554,126.7027391,구월동,구월3동
구월중학교,인천광역시 남동구 남동대로 814 (구월동),37.45562642,126.7087556,구월동,구월2동
남동중학교,"인천광역시 남동구 담방로 7 (만수동, 남동중학교)",37.44026785,126.7382054,만수동,만수6동
논곡중학교,"인천광역시 남동구 논곡로 84 (논현동, 논곡중학교)",37.41492161,126.7120214,논현동,논현2동
동인천중학교,"인천광역시 남동구 구월남로57번길 12 (구월동, 동인천중학교)",37.45482998,126.6975471,구월동,구월3동
만성중학교,"인천광역시 남동구 인주대로 899 (만수동, 만성중학교)",37.44923153,126.7379834,만수동,만수1동
만수북중학교,"인천광역시 남동구 만수서로 117 (만수동, 만수북중학교)",37.46188844,126.739112,만수동,만수4동
만수여자중학교,"인천광역시 남동구 만수로50번길 22-36 (만수동, 만수여자중학교)",37.45920281,126.7339412,만수동,만수4동
만수중학교,"인천광역시 남동구 인수로 13 (만수동,만수중학교)",37.45480199,126.73748,만수동,만수4동
만월중학교,"인천광역시 남동구 서창남순환로 22 (서창동, 만월중학교)",37.4264704,126.7519303,서창동,서창2동
상인천여자중학교,"인천광역시 남동구 문화로169번길 30 (간석동, 상인천여자중학교)",37.45563182,126.6993976,간석동,간석1동
상인천중학교,"인천광역시 남동구 백범로297번길 21 (간석동, 상인천중학교)",37.46139158,126.7161431,간석동,간석2동
선학중학교,"인천광역시 연수구 선학로 19 (선학동, 선학중학교)",37.42050465,126.69864,선학동,선학동
숭덕여자중학교,"인천광역시 남동구 만수로73번길 20-23 (만수동, 숭덕여자중고등학교)",37.46428211,126.7339171,만수동,만수2동
연성중학교,"인천광역시 연수구 원인재로 105 (동춘동, 연성중학교)",37.40899233,126.6773207,동춘동,동춘3동
연수중학교,"인천광역시 연수구 원인재로 231 (연수동, 연수중학교)",37.41679495,126.6864287,연수동,연수3동
연화중학교,"인천광역시 연수구 용담로 156 (연수동, 연화중학교)",37.41233122,126.6803368,연수동,연수2동
인송중학교,"인천광역시 연수구 능허대로79번길 55 (옥련동,인송중학교)",37.42690268,126.6426349,옥련동,옥련2동
인천여자중학교,인천광역시 연수구 원인재로 47 (동춘동),37.40450296,126.674377,동춘동,동춘2동
옥련중학교,"인천광역시 연수구 청량로 222 (옥련동, 옥련중학교)",37.42666155,126.6542629,옥련동,옥련1동
인천중학교,"인천광역시 연수구 함박뫼로 203 (연수동,인천중학교)",37.42141837,126.6890396,연수동,연수3동
청량중학교,"인천광역시 연수구 먼우금로 138 (동춘동, 청량중학교)",37.41044031,126.6735294,동춘동,동춘3동
청학중학교,"인천 연수구 함박뫼로 5 (청학동,청학중학교)",37.41852847,126.6703876,청학동,청학동
가정여자중학교,인천광역시 서구 고래울로28번길 13 (가좌동),37.48538158,126.6853919,가좌동,가좌4동
인천가좌여자중학교,"인천광역시 서구 서달로 110 (석남동, 가좌여자중학교)",37.50856018,126.6793052,석남동,석남3동
갈산중학교,"인천광역시 부평구 주부토로 166 (갈산동, 갈산중학교)",37.5102242,126.7265421,갈산동,갈산2동
검단중학교,인천광역시 서구 완정로188번길 12 (마전동),37.6035808,126.6577475,마전동,검단동
검암중학교,"인천광역시 서구 검암로29번길 12 (검암동, 검암중학교)",37.5672271,126.6789261,검암동,검암경서동
계산여자중학교,"인천광역시 계양구 장제로755번길 16 (계산동,계산여자중학교)",37.53635047,126.7326684,계산동,계산3동
계산중학교,"인천광역시 계양구 도두리로 67-16 (계산동, 계산중학교)",37.53455221,126.7425839,계산동,계산4동
계양중학교,"인천광역시 계양구 장제로1181번길 9 (귤현동, 계양중학교)",37.56898805,126.7395635,귤현동,계양1동
구산중학교,"인천광역시 부평구 수변로 199 (부개동, 구산중학교)",37.5046493,126.7418196,부개동,부개3동
동암중학교,인천광역시 부평구 동암산로 43번길 12 (십정동),37.47415487,126.705816,십정동,십정2동
동인천여자중학교,"인천광역시 서구 여우재로112번길 13 (가좌동, 동인천여자중학교)",37.49004466,126.6877442,가좌동,가좌4동
명현중학교,"인천광역시 계양구 안남로554번길 26 , 명현중학교 (효성동)",37.53206223,126.7139681,효성동,효성1동
백석중학교,인천광역시 서구 서곶로 695 (백석동),37.57941676,126.6742104,백석동,당하동
부광중학교,"인천광역시 부평구 충선로 140 , 부광중학교 (부개동)",37.50101254,126.7374688,부개동,부개3동
부원여자중학교,"인천광역시 부평구 부영로 88 (부평동, 부원여자중학교)",37.49329275,126.7170969,부평동,부평1동
부원중학교,"인천광역시 부평구 경원대로 1339 (부평동, 인천 부원중학교)",37.49242189,126.7165915,부평동,부평1동
인천동수중학교,"인천광역시 부평구 동수로 8 (부평동, 인천동수중학교)",37.48428414,126.7194391,부평동,부평2동
부일중학교,"인천광역시 부평구 영성로 3 (삼산동, 부일중학교)",37.52074703,126.7405339,삼산동,삼산1동
부평동중학교,"인천광역시 부평구 수변로107번길 4 (부개동, 부평동중학교)",37.49665352,126.7408276,부개동,부개2동
부평서여자중학교,"인천광역시 부평구 경원대로 1213 (십정동, 부평서여자중학교)",37.4853651,126.7053476,십정동,부평3동
부평서중학교,"인천광역시 부평구 화랑로 29 (십정동, 부평서중학교)",37.48661833,126.7036652,산곡동,부평3동
부평여자중학교,"인천광역시 부평구 부평문화로 193-1 (부개동, 부평여자중학교)",37.49559383,126.738696,부개동,부개2동
부평중학교,"인천광역시 부평구 부흥북로57번길 10 (부평동, 부평중학교)",37.50190044,126.7293453,부평동,부평4동
부흥중학교,"인천광역시 부평구 충선로 152 (부개동, 인천부흥중학교)",37.50305987,126.7367691,부개동,부개3동
북인천여자중학교,인천광역시 계양구 아나지로85번길 12 (효성동),37.52651485,126.7017923,효성동,효성2동
북인천중학교,"인천광역시 계양구 계산로22번길 6 (계산동, 북인천중학교)",37.54258661,126.7171108,계산동,계산1동
불로중학교,인천광역시 서구 고산후로 363 (불로동),37.61557355,126.6952144,불로동,불로대곡동
산곡남중학교,"인천광역시 부평구 안남로 187 (산곡동, 산곡남중학교)",37.50013864,126.707396,산곡동,산곡2동
산곡여자중학교,"인천광역시 부평구 마장로204번길 37 (산곡동, 산곡여자중학교)",37.49747444,126.7060067,산곡동,산곡2동
산곡중학교,"인천광역시 부평구 원적로300번길 14 (산곡동, 산곡중학교)",37.50424716,126.6991626,산곡동,산곡1동
서곶중학교,"인천광역시 서구 대평로56번길 22 (연희동,서곶중학교)",37.54935316,126.6711893,연희동,연희동
서운중학교,"인천광역시 계양구 아나지로 467 (서운동, 서운중학교)",37.52615511,126.744796,서운동,작전서운동
신현여자중학교,"인천광역시 서구 새오개로111번길 15 (신현동, 신현여자중학교)",37.52085971,126.6642185,신현동,신현원창동
신현중학교,인천광역시 서구 원창로131번길 23 (신현동),37.51991492,126.6642505,신현동,신현원창동
인천안남중학교,"인천광역시 계양구 계산새로33번길 5 (계산동, 안남중학교)",37.53945155,126.730699,계산동,계산3동
가좌중학교,"인천광역시 서구 건지로334번길 31 (가좌동, 가좌중학교)",37.495703,126.6797136,가좌동,가좌3동
인천효성중학교,"인천광역시 계양구 안남로 607 , 인천효성중학교 (효성동)",37.53745471,126.7102746,효성동,효성1동
임학중학교,"인천광역시 계양구 장제로 894 , 임학중학교 (병방동)",37.54602756,126.7398997,병방동,계양2동
제물포중학교,"인천광역시 서구 여우재로112번길 7 , 제물포중학교 (가좌동, 제물포중학교)",37.48924024,126.687197,가좌동,가좌4동
청천중학교,"인천광역시 부평구 마장로364번길 23 (청천동, 청천중학교)",37.51173257,126.704543,청천동,청천2동
서도중학교볼음분교장,인천광역시 강화군 서도면 볼음도길 256 (서도면),37.67160759,126.1881412,서도면 볼음도리,서도면
함박중학교,인천광역시 연수구 솔샘로 143 (청학동 109-1),37.42451685,126.6615415,청학동,청학동
작전중학교,인천광역시 계양구 주부토로448번길 16 (작전동),37.53358903,126.7296731,작전동,작전1동
인천양촌중학교,인천광역시 계양구 장제로948번길 13 (병방동),37.55032708,126.7450048,병방동,계양2동
인천예일중학교,"인천광역시 계양구 장제로995번길 39 (방축동, 인천예일중학교)",37.55467618,126.7405362,방축동,계양2동
간재울중학교,"인천광역시 서구 승학로512번길 34 (검암동, 간재울중학교)",37.56290197,126.6763165,검암동,검암경서동
능허대중학교,"인천광역시 연수구 송도교육로 31 (송도동, 능허대중학교)",37.37353727,126.6578118,송도동,송도3동
석정중학교,"인천광역시 남동구 방축로469번길 1 (간석동,석정중학교)",37.46920108,126.6940174,간석동,간석4동
인주중학교,"인천광역시 미추홀구 매소홀로 335 (학익동, 인주중학교)",37.44280597,126.6601354,학익동,학익1동
신송중학교,"인천광역시 연수구 해돋이로56번길 12 (송도동, 신송중학교)",37.38956087,126.6562398,송도동,송도1동
마전중학교,"인천광역시 서구 완정로 91 (마전동, 마전중학교)",37.59796942,126.6652753,마전동,마전동
원당중학교,"인천광역시 서구 고산로40번길 22 (원당동, 원당중학교)",37.59640974,126.7033113,원당동,원당동
삼산중학교,"인천광역시 부평구 충선로 308 , 삼산중학교 (삼산동)",37.51662155,126.7362331,삼산동,삼산2동
진산중학교,"인천광역시 부평구 충선로234번길 70 (삼산동, 진산중학교)",37.50945861,126.74031,삼산동,삼산2동
인천당하중학교,"인천광역시 서구 청마로 38 (당하동, 당하중학교)",37.59060591,126.6695556,당하동,당하동
인천상정중학교,"인천광역시 부평구 경원대로 1083 (십정동, 상정중학교)",37.47903727,126.6941199,십정동,십정1동
인천동양중학교,"인천광역시 계양구 당미길 56 (동양동, 인천동양중학교)",37.56235515,126.7606074,동양동,계양1동
인천논현중학교,"인천광역시 남동구 포구로 118 (논현동,논현중학교)",37.40858946,126.7325467,논현동,논현1동
인천성리중학교,"인천광역시 남동구 성리로 26 (구월동, 성리중학교)",37.44500969,126.7094736,구월동,구월1동
인천가현중학교,"인천광역시 서구 염곡로 409 (신현동, 가현중학교)",37.52109126,126.6685551,신현동,신현원창동
인천계수중학교,"인천광역시 계양구 살라리로2번길 25 (서운동,계수중학교)",37.53515968,126.7449164,서운동,작전서운동
인천동방중학교,"인천광역시 남동구 논현역로 41 (논현동, 동방중학교)",37.40430158,126.7190567,논현동,논현2동
인천정각중학교,"인천광역시 남동구 구월로 240 (구월동, 정각중학교)",37.45578917,126.7170728,구월동,구월2동
인천서창중학교,"인천광역시 남동구 독곡로60번길 16 (서창동, 인천서창중학교)",37.43370935,126.7496321,서창동,장수서창동
인천석남중학교,"인천광역시 서구 건지로 333 (석남동, 석남중학교)",37.49899135,126.6795646,석남동,석남3동
인천고잔중학교,"인천광역시 남동구 논고개로 20 , 인천고잔중학교 (논현동)",37.39604139,126.7316201,논현동,논현고잔동
인천해송중학교,"인천광역시 연수구 해송로 148 (송도동, 인천해송중학교)",37.37990415,126.6484699,송도동,송도1동
인천사리울중학교,"인천광역시 남동구 에코중앙로84번길 12 , (논현동) (논현동, 사리울중학교)",37.38569699,126.720128,논현동,논현고잔동
인천신정중학교,"인천광역시 연수구 컨벤시아대로42번길 80 (송도동, 신정중학교)",37.4036411,126.6461098,송도동,송도2동
인천청라중학교,"인천광역시 서구 청라라임로 112 (청라동, 청라중학교)",37.53783941,126.653874,청라동,청라1동
인천초은중학교,"인천광역시 서구 청라라임로 10 (청라동, 초은중학교)",37.52838091,126.6539276,청라동,청라1동
인천아라중학교,"인천광역시 서구 서로2로 50 (당하동, 인천아라중학교)",37.58611564,126.7039084,당하동,아라1동
인천이음중학교,"인천광역시 서구 이음1로 455 , (우)22861 (원당동, 인천이음중학교)",37.59975724,126.7115505,원당동,아라2동
인천해원중학교,"인천광역시 서구 청라한내로 21 (청라동, 인천해원중학교)",37.52723444,126.6280402,청라동,청라3동
인천예송중학교,"인천광역시 연수구 아카데미로 212 (송도동, 예송중학교)",37.38341562,126.6275486,송도동,송도4동
인천단봉중학교,인천광역시 서구 봉화로15번길 10 (오류동),37.59548786,126.6358564,오류동,오류왕길동
인천청람중학교,"인천광역시 서구 청라커낼로 335 (청라동, 인천청람중학교)",37.5387195,126.6438114,청라동,청라2동
인천하늘중학교,인천광역시 중구 찬들로284번길 16 (운남동),37.4838328,126.5432593,운남동,영종동
인천중산중학교,인천광역시 중구 두미포로 189 (중산동),37.49834942,126.5710124,중산동,영종2동
인천경연중학교,"인천광역시 서구 차오름로 64 (청라동, 인천경연초중학교)",37.53849651,126.6262363,청라동,청라3동
인천미송중학교,"인천광역시 연수구 아카데미로 679 (송도동, 인천미송중학교)",37.41595901,126.6131619,송도동,송도5동
인천현송중학교,"인천광역시 연수구 아카데미로312번길 84 (송도동, 인천현송중학교)",37.39310879,126.6195981,송도동,송도4동
인천루원중학교,"인천광역시 서구 염곡로 517 (가정동, 인천루원중학교)",37.53128489,126.6686528,가정동,가정1동
인천청호중학교,인천광역시 서구 청라한울로 44 (청라동),37.53864489,126.6415165,청라동,청라2동
인천운서중학교,인천광역시 중구 하늘초롱길 73 (운서동),37.4912193,126.5051173,운서동,운서2동
인천은송중학교,인천광역시 연수구 센트럴로 464 (송도동),37.41599448,126.6296701,송도동,송도5동
가람중학교,"경기도 고양시 덕양구 화신로 122(행신동,가람중학교)",37.62365997,126.8412071,행신동,행신3동
고양중학교,경기도 고양시 덕양구 동세로 82(삼송동),37.64966819,126.8845811,삼송동,삼송2동
능곡중학교,경기도 고양시 덕양구 행당로11번길 48(토당동),37.62292202,126.8266419,토당동,행주동
대화중학교,"경기도 고양시 일산서구 고양대로 348(대화동,대화중학교)",37.67384355,126.7444769,대화동,대화동
덕양중학교,경기도 고양시 덕양구 중앙로176번길 18-29(화전동),37.60465416,126.8717155,화전동,화전동
무원중학교,경기도 고양시 덕양구 무원로 45(행신동),37.6176865,126.8305704,행신동,행신2동
발산중학교,"경기도 고양시 일산서구 고봉로 99(주엽동,발산중학교)",37.66984321,126.7696268,주엽동,주엽1동
백마중학교,경기도 고양시 일산동구 강촌로 189(마두동),37.65512778,126.7933085,마두동,마두1동
백석중학교,"경기도 고양시 일산동구 호수로 404(백석동, 백석중학교)",37.64201405,126.7828129,백석동,백석2동
백신중학교,"경기도 고양시 일산동구 강촌로 89(마두동,백신중학교)",37.65133133,126.7831772,마두동,마두2동
백양중학교,"경기도 고양시 덕양구 화신로 236(화정동,백양중학교)",37.63132597,126.8358443,화정동,화정2동
고양제일중학교,"경기도 고양시 덕양구 통일로 820(관산동,고양제일중학교)",37.69052753,126.8592787,관산동,관산동
신능중학교,"경기도 고양시 덕양구 충장로, 78 (행신동)",37.61956068,126.8354977,행신동,행신1동
신일중학교,경기도 고양시 일산서구 고봉로 177(일산동),37.676619,126.7741412,일산동,일산3동
오마중학교,경기도 고양시 일산서구 주엽로 213(주엽동),37.6776984,126.7615222,주엽동,주엽2동
원당중학교,경기도 고양시 덕양구 마상로 1(주교동),37.66465516,126.823159,주교동,주교동
일산동중학교,"경기도 고양시 일산서구 현중로 48 (탄현동,일산동중학교)",37.69537427,126.7680679,탄현동,탄현1동
일산중학교,경기도 고양시 일산서구 원일로 53(일산동),37.68897122,126.7683384,일산동,일산1동
장성중학교,경기도 고양시 일산서구 대산로 254(대화동),37.68131955,126.7513728,대화동,대화동
저동중학교,"경기도 고양시 일산동구 무궁화로 159, 저동중학교 (정발산동)",37.67073855,126.7779123,정발산동,정발산동
정발중학교,"경기도 고양시 일산동구 정발산로 115(마두동, 정발중학교)",37.6594744,126.7807456,마두동,마두1동
중산중학교,"경기도 고양시 일산동구 탄중로 361(중산동,중산중학교)",37.69140401,126.7835017,중산동,중산1동
지도중학교,"경기도 고양시 덕양구 성신로 46, 지도중학교 (화정동)",37.62706051,126.8340317,화정동,화정2동
한수중학교,경기도 고양시 일산서구 주엽로 117(주엽동),37.66990116,126.7561898,주엽동,주엽2동
행신중학교,"경기도 고양시 덕양구 화신로 22, 행신중학교 (행신동)",37.61515697,126.8396543,행신동,행신2동
호곡중학교,경기도 고양시 일산서구 탄현로 110(탄현동),37.70159366,126.7685069,탄현동,탄현2동
화수중학교,"경기도 고양시 덕양구 화수로 47(화정동, 화수중학교)",37.64522938,126.834916,화정동,화정1동
화정중학교,"경기도 고양시 덕양구 화신로 343(화정동, 화정중학교)",37.63491092,126.8264796,화정동,화정2동
가림중학교,"경기도 광명시 오리로 616(하안동,가림중학교)",37.45764308,126.8796742,하안동,하안3동
광남중학교,"경기도 광명시 광명로 785(광명동,광남중학교)",37.47007475,126.8475588,광명동,광명6동
광명북중학교,"경기도 광명시 시청로 121, 광명북중학교 (철산동)",37.48714374,126.8657712,철산동,철산1동
하안북중학교,"경기도 광명시 가림로 22, 하안북중학교 (하안동)",37.46508438,126.8677256,하안동,하안1동
광명중학교,"경기도 광명시 오리로876번길 27, 광명중학교 (철산동)",37.47842348,126.8675734,철산동,철산3동
소하중학교,"경기도 광명시 소하일로 31(소하동, 소하중학교)",37.44819692,126.8874165,소하동,소하1동
안서중학교,"경기도 광명시 기아로13번안길 9-9(소하동,안서중학교)",37.4383574,126.8821568,소하동,소하2동
철산중학교,"경기도 광명시 철망산로 71, (철산동,철산중학교) (철산동)",37.47030832,126.8753237,철산동,철산3동
하안중학교,"경기도 광명시 안현로 80-1(하안동, 하안중학교)",37.46738575,126.8807721,하안동,하안4동
광주중학교,"경기도 광주시 경안로42번길 11, 광주중학교 (경안동)",37.40965359,127.2543737,경안동,경안동
남한중학교,"경기도 하남시 하남대로802번길 21, 남한중학교 (신장동)",37.54274227,127.2092757,신장동,신장2동
동부중학교,"경기도 하남시 신평로, 15 (덕풍동)",37.53568227,127.202319,덕풍동,덕풍1동
신장중학교,"경기도 하남시 대청로59번길 37(신장동, 신장중학교)",37.54312025,127.218857,신장동,신장2동
하남중학교,"경기도 하남시 천현로 113, 하남중학교 (창우동)",37.53645843,127.222966,창우동,신장2동
고촌중학교,"경기도 김포시 고촌읍 신곡로 106(고촌읍, 고촌중학교)",37.60846318,126.7678681,고촌읍 신곡리,고촌읍
김포여자중학교,"경기도 김포시 봉화로 37-15, 김포여자중학교 (사우동)",37.61922143,126.7139535,사우동,사우동
금파중학교,경기도 김포시 김포대로926번길 88-9(북변동),37.62404987,126.7190051,북변동,김포본동
김포중학교,"경기도 김포시 봉화로 83, 김포중학교 (북변동)",37.6221982,126.7079972,북변동,김포본동
대곶중학교,경기도 김포시 대곶면 율생중앙로 8(대곶면),37.64933563,126.5837202,대곶면 율생리,대곶면
분진중학교,"경기도 김포시 월곶면 애기봉로11번길 86(월곶면,분진중학교)",37.7192687,126.552961,월곶면 군하리,월곶면
양곡중학교,"경기도 김포시 양촌읍 양곡4로 138, 양곡중학교 (양촌읍)",37.65963944,126.6251437,양촌읍 양곡리,양촌읍
장기중학교,"경기도 김포시 청송로 5 (장기동,장기중학교)",37.64787995,126.6648355,장기동,장기본동
통진중학교,"경기도 김포시 통진읍 김포대로 2165, 통진중학교 (통진읍)",37.68585311,126.6021476,통진읍 마송리,통진읍
풍무중학교,"경기도 김포시 유현로33번길 60(풍무동,풍무중학교)",37.60007633,126.7267522,풍무동,풍무동
하성중학교,경기도 김포시 하성면 애기봉로806번길 30(하성중학교),37.71800637,126.6284333,하성면 마곡리,하성면
광동중학교,"경기도 남양주시 진접읍 장현로광동1길 10(진접읍,광동중학교)",37.71675577,127.1751688,진접읍 장현리,진접읍
교문중학교,경기도 구리시 장자대로37번길 15(교문동),37.58859086,127.1338727,교문동,교문2동
구리중학교,"경기도 구리시 장자대로 89-1(수택동,구리중학교)",37.58972144,127.1408286,수택동,수택3동
구리여자중학교,"경기도 구리시 벌말로 168, 구리여자중학교 (토평동)",37.59143066,127.1520485,토평동,수택3동
금곡중학교,경기도 남양주시 경춘로 1008(금곡동),37.6339474,127.2145117,금곡동,금곡동
덕소중학교,"경기도 남양주시 와부읍 도곡길 7, 덕소중학교 (와부읍)",37.58067361,127.226325,와부읍 도곡리,와부읍
도농중학교,경기도 남양주시 미금로 234(도농동),37.61089827,127.1634353,다산동,다산1동
동구중학교,"경기도 구리시 동구릉로103번길 75(인창동,동구중학교)",37.61261522,127.1350602,인창동,동구동
동화중학교,"경기도 남양주시 경춘로 434(다산동, 동화중고교)",37.60793099,127.1619037,다산동,다산2동
마석중학교,"경기도 남양주시 화도읍 수레로 1234-38(화도읍, 마석중학교)",37.64848114,127.3047481,화도읍 창현리,화도읍
미금중학교,경기도 남양주시 미금로 140(지금동),37.61497744,127.1593169,다산동,다산1동
별내중학교,경기도 남양주시 별내면 청학로132번길 30(별내면),37.71100971,127.1123849,별내면 청학리,별내면
수동중학교,경기도 남양주시 수동면 비룡로 790-22(수동면),37.70912577,127.3248037,수동면 입석리,수동면
심석중학교,"경기도 남양주시 화도읍 마석로 62, 심석중학교 (화도읍)",37.65603445,127.3068854,화도읍 마석우리,화도읍
오남중학교,경기도 남양주시 오남읍 진건오남로808번길 34(오남읍),37.70137965,127.2058536,오남읍 양지리,오남읍
와부중학교,경기도 남양주시 와부읍 월문천로 65(와부읍),37.58703422,127.219809,와부읍 덕소리,와부읍
연세중학교,"경기도 남양주시 조안면 북한강로 545(조안면,연세중학교)",37.5685278,127.3219261,조안면 송촌리,조안면
인창중학교,"경기도 구리시 건원대로34번길 118, 인창중학교 (인창동)",37.60650704,127.1464064,인창동,동구동
장자중학교,경기도 구리시 장자호수길 45(교문동),37.58583837,127.1351764,교문동,교문2동
진건중학교,경기도 남양주시 진건읍 진건오남로 39(진건읍),37.65428897,127.1783051,진건읍 사능리,진건읍
토평중학교,경기도 구리시 장자대로111번길 61(토평동),37.59005331,127.1443047,토평동,수택3동
퇴계원중학교,경기도 남양주시 퇴계원면 퇴계원로 49-8(퇴계원면),37.6523679,127.141026,퇴계원읍 퇴계원리,퇴계원읍
호평중학교,"경기도 남양주시 호평로 76-7, 호평중학교 (호평동)",37.65601064,127.2489602,호평동,호평동
화광중학교,"경기도 남양주시 화도읍 경춘로 2226(화도읍,화광중학교)",37.65276413,127.3349525,화도읍 월산리,화도읍
계남중학교,"경기도 부천시 조마루로 274(중동, 계남중학교)",37.49743967,126.7740118,중동,중2동
내동중학교,"경기도 부천시 오정구 삼작로108번길 53(내동, 내동중학교)",37.51773405,126.7746305,내동,신흥동
덕산중학교,"경기도 부천시 성오로 203(오정동, 덕산중학교)",37.52892504,126.7936183,오정동,오정동
부명중학교,"경기도 부천시 조마루로 182(중동, 부명중학교)",37.4979572,126.764009,중동,중1동
부인중학교,"경기도 부천시 상일로 62(상동, 부인중학교)",37.49056093,126.7486727,상동,상1동
부일중학교,"경기도 부천시 소사구 소사로 86(소사본동, 부일중학교)",37.46617482,126.7996379,소사본동,소사본1동
부천남중학교,"경기도 부천시 성주로 148(송내동, 부천남중학교)",37.479065,126.7720417,송내동,송내2동
부천동여자중학교,"경기도 부천시 소사구 경인로484번길 36(괴안동,부천동여자중학교)",37.48077551,126.8102958,괴안동,괴안동
부천동중학교,"경기도 부천시 경인로484번길 36(괴안동, 부천동중학교 부천동여자중학교)",37.48077551,126.8102958,괴안동,괴안동
부천부곡중학교,"경기도 부천시 원미구 부흥로 284(중동, 부곡중학교)",37.49463492,126.7745241,중동,중2동
부천부흥중학교,"경기도 부천시 계남로 268(중동, 부흥중학교)",37.50522669,126.7781508,중동,중3동
부천북여자중학교,"경기도 부천시 원미구 원미구 부천로366번길 19, 부천북여자중학교 (도당동)",37.5169003,126.7867799,도당동,도당동
부천북중학교,"경기도 부천시 원미구 원미구 평천로849번길 58(도당동,부천북중학교)",37.51804743,126.787367,도당동,도당동
부천여월중학교,"경기도 부천시 오정구 성곡로57번길 25(여월동, 부천여월중학교)",37.51721663,126.7972099,여월동,성곡동
부천여자중학교,"경기도 부천시 소사구 성주로23번길 22(송내동, 부천여자중학교)",37.48137627,126.7604785,송내동,송내1동
부천중학교,"경기도 부천시 심중로75번길 64(중동, 부천중학교)",37.49042845,126.7688648,중동,중동
상도중학교,"경기도 부천시 장말로 159(상동, 상도중학교)",37.49439279,126.7603691,상동,상동
상동중학교,"경기도 부천시 부흥로 19(상동, 상동중학교)",37.49791283,126.7447081,상동,상2동
상일중학교,"경기도 부천시 조마루로 69(상동, 상일중학교)",37.50153823,126.7512275,상동,상2동
석천중학교,"경기도 부천시 원미구 계남로 71, 석천중학교 (상동)",37.509763,126.7567028,상동,상3동
성곡중학교,"경기도 부천시 오정구 삼작로496번길 10-25(작동, 성곡중학교)",37.51747803,126.8153521,작동,성곡동
성주중학교,"경기도 부천시 성주로 24(송내동, 성주중학교)",37.48028041,126.7599147,송내동,송내1동
소명여자중학교,"경기도 부천시 부일로 571번길 84, 소명여자중학교 (소사동)",37.48781478,126.7913069,소사동,소사동
소사중학교,"경기도 부천시 소사로102번길 80, 소사중학교 (소사본동, 소사중학교)",37.47003603,126.8022198,소사본동,소사본1동
심원중학교,"경기도 부천시 계남로 352(중동, 심원중학교)",37.49986146,126.7827904,중동,중2동
역곡중학교,"경기도 부천시 역곡로58번길 27(역곡동, 역곡중학교)",37.49143937,126.8109076,역곡동,역곡1동
중원중학교,"경기도 부천시 도약로 119(중동, 중원중학교)",37.51193975,126.7628683,중동,중4동
중흥중학교,경기도 부천시 원미구 신흥로 245중흥중학교,37.50597562,126.7738818,중동,중3동
금광중학교,경기도 성남시 중원구 황송로 25(금광동),37.44660311,127.1716429,금광동,금광1동
내정중학교,"경기도 성남시 분당구 백현로 197(수내동, 내정중학교)",37.37006966,127.1199557,수내동,수내2동
대원중학교,경기도 성남시 중원구 황송로 35(금광동),37.44763955,127.1725632,금광동,금광1동
매송중학교,"경기도 성남시 분당구 탄천로 49(이매동,매송중학교)",37.39679771,127.1233688,이매동,이매2동
백현중학교,"경기도 성남시 분당구 황새울로 124(정자동, 백현중학교)",37.37132024,127.1106623,정자동,정자동
분당중학교,경기도 성남시 분당구 황새울로 4(정자동),37.36090634,127.1110695,정자동,정자동
불곡중학교,"경기도 성남시 분당구 금곡로 139(구미동,불곡중학교)",37.34745932,127.119915,구미동,구미1동
상원여자중학교,경기도 성남시 수정구 논골로35번길 6-1(단대동),37.45701189,127.1580691,단대동,단대동
서현중학교,"경기도 성남시 분당구 중앙공원로 54-1(서현동,서현중학교)",37.3807546,127.1335296,서현동,서현1동
성남동중학교,경기도 성남시 중원구 광명로361번길 23(금광동),37.44873911,127.1641774,금광동,금광2동
성남문원중학교,"경기도 성남시 수정구 논골로 79(단대동,성남문원중학교)",37.46091703,127.1574062,단대동,단대동
성남서중학교,"경기도 성남시 수정구 희망로 496(단대동, 성남서중학교)",37.44911542,127.1541109,단대동,단대동
성남여자중학교,"경기도 성남시 수정구 공원로 446, 성남여자중학교 (신흥동)",37.45023391,127.1427174,신흥동,신흥2동
성남중학교,경기도 성남시 중원구 원터로 64(성남동),37.43269846,127.1445728,성남동,성남동
동광중학교,"경기도 성남시 중원구 원터로 84, 동광중학교 (성남동)",37.4346611,127.1434279,성남동,성남동
성일중학교,"경기도 성남시 중원구 시민로77번길 10-1(성일고, 성일정보고, 성일중)",37.43491597,127.1450011,성남동,성남동
송림중학교,경기도 성남시 분당구 이매로 100(이매동),37.39191272,127.1318098,이매동,이매1동
수내중학교,"경기도 성남시 분당구 수내로192번길 12(수내동, 수내중학교)",37.37098934,127.1261902,수내동,수내3동
숭신여자중학교,경기도 성남시 중원구 황송로 77번길 34(금광동),37.45015327,127.1705928,금광동,금광2동
야탑중학교,"경기도 성남시 분당구 양현로 442, 야탑중학교 (야탑동)",37.41612945,127.1312341,야탑동,야탑1동
양영중학교,"경기도 성남시 분당구 돌마로486번길 23, 양영중학교 (서현동)",37.37652556,127.1359747,서현동,서현2동
영성여자중학교,"경기도 성남시 수정구 수정로 386(산성동,영성여자중학교)",37.45780532,127.1521633,산성동,산성동
영성중학교,"경기도 성남시 중원구 둔촌대로248번길 7, 영성중학교 (하대원동)",37.42721098,127.147292,하대원동,하대원동
은행중학교,"경기도 성남시 중원구 순환로379번길 20(은행동,은행중학교)",37.45703332,127.1725674,은행동,은행2동
이매중학교,"경기 성남시 분당구 양현로 194(이매동,이매중학교)",37.40192933,127.12607,이매동,이매1동
장안중학교,"경기도 성남시 분당구 장안로 70(분당동,장안중학교)",37.37142116,127.1466861,분당동,분당동
정자중학교,"경기도 성남시 분당구 황새울로 60, 정자중학교 (정자동)",37.3653198,127.1101466,정자동,정자동
창곡여자중학교,"경기도 성남시 수정구 수정로 400(산성동,창곡여자중학교)",37.46073862,127.1535099,산성동,산성동
청솔중학교,경기도 성남시 분당구 금곡로 283(금곡동),37.35647367,127.1102747,금곡동,금곡동
태평중학교,"경기도 성남시 수정구 제일로 223, 태평중학교 (태평동)",37.44667267,127.1288292,태평동,태평1동
풍생중학교,"경기도 성남시 수정구 산성대로 111, 풍생중학교 (수진동)",37.43504295,127.1314146,수진동,수진2동
하탑중학교,"경기도 성남시 분당구 벌말로 11, 하탑중학교 (야탑동)",37.40946211,127.137175,야탑동,야탑2동
인덕원중학교,"경기도 안양시 동안구 벌말로 174(관양동, 인덕원중학교)",37.40224961,126.9714242,관양동,인덕원동
관양중학교,"경기도 안양시 동안구 관악대로339번길 35(관양동,관양중학교)",37.40568279,126.9605487,관양동,관양동
귀인중학교,경기도 안양시 동안구 귀인로190번길 114(평촌동),37.38403061,126.9633897,평촌동,귀인동
근명중학교,경기도 안양시 만안구 삼덕로 49(안양동),37.39354178,126.9200142,안양동,안양5동
대안여자중학교,경기도 안양시 동안구 흥안대로223번길 46(호계동),37.3771591,126.9651002,호계동,갈산동
대안중학교,"경기도 안양시 동안구 흥안대로249번길 25(호계동,대안중학교)",37.37798341,126.9658777,호계동,갈산동
범계중학교,경기도 안양시 동안구 동안로 56(호계동),37.38471774,126.9553019,호계동,범계동
부림중학교,"경기도 안양시 동안구 달안로 95, 부림중학교 (관양동)",37.39806651,126.9532768,관양동,부림동
부안중학교,"경기도 안양시 동안구 달안로 170(관양동, 부안중학교)",37.39909518,126.9606259,관양동,부림동
성문중학교,"경기도 안양시 만안구 성문길 1(안양동,성문중학교)",37.37982538,126.9246352,안양동,안양8동
신기중학교,"경기도 안양시 동안구 경수대로610번길 57, 신기중학교 (호계동)",37.37908069,126.9588302,호계동,신촌동
신성중학교,"경기도 안양시 만안구 소곡로 93(안양동, 신성중,고등학교)",37.38415504,126.9186013,안양동,안양6동
신안중학교,"경기도 안양시 만안구 능곡로 78, 신안중학교 (안양동)",37.38811426,126.9148167,안양동,안양9동
안양부흥중학교,"경기도 안양시 동안구 달안로 25, 안양부흥중학교 (비산동)",37.39408695,126.9454579,비산동,부흥동
안양서여자중학교,"경기도 안양시 만안구 능곡로 84(안양동,안양서여자중학교)",37.38711202,126.9147686,안양동,안양9동
안양서중학교,"경기도 안양시 만안구 창박로 26(안양동,안양서중학교)",37.38592792,126.9043162,안양동,안양9동
안양여자중학교,경기도 안양시 만안구 안양로 357(안양동),37.40353299,126.9163223,안양동,안양2동
안양중학교,"경기도 안양시 만안구 와룡로 53(석수동,안양중학교)",37.40925264,126.8966844,석수동,충훈동
연현중학교,"경기도 안양시 만안구 석수로 462(석수동,연현중학교)",37.42934143,126.8995654,석수동,석수2동
평촌중학교,"경기도 안양시 동안구 관평로 127, 평촌중학교 (평촌동)",37.38878173,126.9614853,평촌동,평안동
호계중학교,"경기도 안양시 동안구 경수대로665번길 74-23(호계동, 호계중학교)",37.37834907,126.9517363,호계동,호계2동
구갈중학교,"경기도 용인시 기흥구 산양로 12, 구갈중학교 (신갈동)",37.28483757,127.1083268,신갈동,신갈동
구성중학교,경기도 용인시 기흥구 연원로42번길 48(마북동),37.29999927,127.114422,마북동,마북동
기흥중학교,"경기도 용인시 기흥구 신갈로138번길 23, 기흥중학교 (신갈동)",37.27939932,127.1088516,신갈동,신갈동
나곡중학교,"경기도 용인시 기흥구 사은로126번길 83(보라동, 나곡중학교)",37.25140867,127.124723,보라동,보라동
남사중학교,"경기도 용인시 처인구 남사읍 내기로 27(남사읍, 남사중학교)",37.1165576,127.1487791,남사읍 봉무리,남사읍
대지중학교,경기도 용인시 수지구 대지로51번길 22(죽전동),37.3310566,127.1161359,죽전동,죽전1동
모현중학교,"경기도 용인시 처인구 모현읍 문현로189번길 5(모현읍, 모현중학교)",37.34383068,127.231589,모현읍 일산리,모현읍
문정중학교,"경기도 용인시 수지구 포은대로 455(풍덕천동, 문정중학교)",37.32272577,127.0990637,풍덕천동,풍덕천1동
백암중학교,"경기도 용인시 처인구 백암면 백원로 519-9(백암면,백암중고등학교)",37.164968,127.3685728,백암면 근창리,백암면
상갈중학교,"경기 용인시 기흥구 금화로82번길 7(상갈동,상갈중학교)",37.2664741,127.1092177,상갈동,상갈동
상현중학교,"경기도 용인시 수지구 광교마을로 61(상현동, 상현중학교)",37.29949159,127.0709899,상현동,상현3동
서원중학교,경기도 용인시 수지구 상현로42번길 26-8(상현동),37.3018915,127.0805582,상현동,상현1동
성복중학교,경기도 용인시 수지구 성복2로78번길 51(성복동),37.31974732,127.0764604,성복동,성복동
소현중학교,"경기도 용인시 기흥구 만현로133번길 96(보정동,소현중학교)",37.30161125,127.0935725,보정동,보정동
송전중학교,"경기도 용인시 처인구 이동읍 경기동로687번길 28-14(이동읍, 용인바이오고등학교, 송전중학교)",37.1404346,127.2007625,이동읍 송전리,이동읍
수지중학교,경기도 용인시 수지구 수풍로 102(풍덕천동),37.33289857,127.0943635,풍덕천동,풍덕천1동
신갈중학교,"경기도 용인시 기흥구 용구대로2152번길 23(신갈동,신갈중학교)",37.28069917,127.1087441,신갈동,신갈동
영문중학교,경기도 용인시 처인구 포곡읍 영문로 70(포곡읍),37.2719248,127.2084,포곡읍 영문리,포곡읍
용동중학교,"경기도 용인시 처인구 양지면 남곡로 26, 용동중학교 (양지면)",37.23151035,127.2829379,양지읍 남곡리,양지읍
용인중학교,경기도 용인시 처인구 금학로341번길 8(김량장동 212번지 ),37.23861861,127.2005664,김량장동,중앙동
원삼중학교,"경기도 용인시 처인구 원삼면 고당로16번길 29(원삼면,원삼중학교)",37.16816305,127.3093127,원삼면 고당리,원삼면
이현중학교,경기도 용인시 수지구 진산로34번길 39(풍덕천동),37.31529896,127.0969355,풍덕천동,풍덕천2동
정평중학교,경기도 용인시 수지구 정평로 21(풍덕천동),37.31807594,127.0878299,풍덕천동,풍덕천2동
죽전중학교,경기도 용인시 수지구 용구대로2771번길 15(죽전동),37.33236479,127.1075744,죽전동,죽전2동
태성중학교,"경기도 용인시 처인구 백옥대로 1059-2(남동,태성중학교)",37.22892007,127.2088324,남동,중앙동
포곡중학교,"경기도 용인시 처인구 포곡읍 석성로 1176(포곡읍,포곡중학교)",37.2797216,127.2213922,포곡읍 전대리,포곡읍
홍천중학교,"경기도 용인시 수지구 신봉1로71번길 36(신봉동,홍천중학교)",37.32102442,127.0762218,신봉동,신봉동
분당구미중학교,경기도 성남시 분당구 구미로173번길 29(구미동) 분당구미중학교,37.34634609,127.1236076,구미동,구미동
호성중학교,경기도 안양시 동안구 호성로 55(호계동),37.36690771,126.9634064,호계동,호계3동
부천일신중학교,"경기도 부천시 소사구 범안로96번길 44(범박동, 부천일신중학교)",37.47298268,126.8057999,범박동,범박동
진접중학교,"경기도 남양주시 진접읍 금강로 1641-1, 진접중학교 (진접읍)",37.73654954,127.1947014,진접읍 장현리,진접읍
대송중학교,경기도 고양시 일산서구 송포로 49(대화동),37.67086006,126.7308676,대화동,송포동
현산중학교,"경기도 고양시 일산서구 일청로 85(일산동, 현산중학교)",37.69118404,126.7742999,일산동,일산1동
헌산중학교,"경기도 용인시 처인구 원삼면 내동로 50-13(원삼면,헌산중학교)",37.17384579,127.2958775,원삼면 사암리,원삼면
현암중학교,"경기도 용인시 수지구 대지로 128, 현암중학교 (죽전동)",37.32962706,127.121389,죽전동,죽전3동
용인신릉중학교,"경기도 용인시 기흥구 새천년로 57(신갈동,용인신릉중학교)",37.29002292,127.115696,신갈동,신갈동
용인신촌중학교,경기도 용인시 기흥구 보정로 71(보정동),37.31589569,127.1130098,보정동,보정동
용인대덕중학교,"경기 용인시 수지구 죽전로293번길 12, 용인대덕중학교 (죽전동,대덕중학교)",37.33674758,127.1276076,죽전동,죽전1동
손곡중학교,경기도 용인시 수지구 수풍로116번길 5(동천동),37.33475528,127.094074,동천동,동천동
성지중학교,"경기도 용인시 기흥구 강남서로 26(구갈동, 성지중학교)",37.27403886,127.1281168,구갈동,구갈동
언동중학교,"경기도 용인시 기흥구 언남로 41(언남동, 언동중학교)",37.29442085,127.1302984,언남동,구성동
용신중학교,"경기도 용인시 처인구 명지로 15-26(김량장동,용신중학교)",37.23391303,127.1925659,김량장동,중앙동
이우중학교,"경기도 성남시 분당구 동막로 287, 이우중고등학교 (동원동)",37.35324326,127.090941,동원동,구미1동
송라중학교,"경기도 남양주시 화도읍 마석로45번길 31, 송라중학교 (화도읍)",37.65460152,127.3029538,화도읍 마석우리,화도읍
장내중학교,"경기도 남양주시 평내로 37(평내동,장내중학교)",37.64209873,127.233239,평내동,평내동
목암중학교,경기도 고양시 덕양구 푸른마을로 65(고양동),37.71396906,126.9055087,고양동,고양동
비산중학교,경기도 안양시 동안구 평촌대로427번길 42(비산동),37.40942621,126.948075,비산동,비산3동
늘푸른중학교,"경기도 성남시 분당구 정자일로 77, 늘푸른중학교 (정자동)",37.35739426,127.1051176,정자동,정자1동
평내중학교,"경기도 남양주시 경춘로1286번길 23(평내동, 평내중학교)",37.64804303,127.2382105,평내동,평내동
동백중학교,"경기도 용인시 기흥구 동백중앙로 385(동백동,동백중학교)",37.28558222,127.1589105,동백동,동백1동
용인백현중학교,경기도 용인시 기흥구 동백7로107번길 20(동백동),37.28096336,127.164679,동백동,동백1동
초당중학교,"경기도 용인시 기흥구 동백중앙로 119(중동,초당중학교)",37.26553571,127.1568124,중동,동백2동
신평중학교,"경기도 하남시 신장동로 57(신장동,신평중학교)",37.54397466,127.2139469,신장동,신장2동
양오중학교,"경기도 남양주시 오남읍 양지로 261-31(오남읍, 양오중학교)",37.69767148,127.1931423,오남읍 양지리,오남읍
판곡중학교,"경기도 남양주시 늘을1로 115, 판곡중학교 (호평동)",37.66279729,127.2419367,호평동,호평동
풍산중학교,경기도 고양시 일산동구 숲속마을1로 33(풍동),37.6647462,126.7991028,풍동,풍산동
서정중학교,경기도 고양시 덕양구 서정마을로 22(행신동),37.61842845,126.8497837,행신동,행신4동
감정중학교,"경기도 김포시 감정로 25(감정동, 감정중학교)",37.62110744,126.7009004,감정동,김포본동
고양송산중학교,"경기도 고양시 일산서구 가좌2로 15, 고양송산중학교 (가좌동)",37.68786997,126.721753,가좌동,가좌동
용천중학교,경기도 용인시 처인구 이동읍 백옥대로587번길 54용천중학교,37.19123619,127.2006172,이동읍 천리,이동읍
임곡중학교,"경기도 안양시 동안구 임곡로 105, 임곡중학교 (비산동)",37.40854787,126.9315627,비산동,비산1동
풍동중학교,"경기도 고양시 일산동구 숲속마을1로 101, 풍동중학교 (풍동)",37.67081772,126.799422,풍동,풍산동
고림중학교,"경기도 용인시 처인구 고림로74번길 30, 고림중학교 (고림동)",37.24046136,127.2184287,고림동,유림2동
어람중학교,"경기도 남양주시 오남읍 진건오남로550번길 35, 어람중학교 (오남읍)",37.68200711,127.214868,오남읍 오남리,오남읍
보라중학교,"경기도 용인시 기흥구 한보라1로 63, 보라중학교 (보라동,보라중학교)",37.24950722,127.1082152,보라동,보라동
수주중학교,"경기도 부천시 오정구 역곡로 524(고강동, 부천수주중학교)",37.53118695,126.8171487,고강동,고강본동
원미중학교,"경기도 부천시 원미구 원미로182번길 15(원미동, 원미중학교)",37.49924823,126.7944696,원미동,원미1동
까치울중학교,"경기도 부천시 오정구 소사로 647, 까치울중학교 (여월동)",37.51533514,126.8010672,여월동,성곡동
안곡중학교,"경기도 고양시 일산동구 하늘마을로 93, 안곡중학교 (중산동)",37.6810011,126.7868841,중산동,중산2동
청덕중학교,"경기도 용인시 기흥구 구성1로 23, 청덕중학교 (청덕동)",37.29320969,127.1450024,청덕동,구성동
고창중학교,경기도 김포시 초당로 15(장기동),37.64183725,126.6703971,장기동,장기동
도촌중학교,"경기도 성남시 중원구 도촌북로 50, 도촌중학교 (도촌동,도촌중학교)",37.41676815,127.1542449,도촌동,도촌동
샛별중학교,경기도 성남시 분당구 불정로 288(수내동),37.36813084,127.1299286,수내동,수내3동
수진중학교,"경기도 성남시 수정구 모란로 55, 수진중학교 (수진동)",37.43711701,127.1236376,수진동,수진2동
광릉중학교,"경기도 남양주시 진접읍 진벌로 78-23, 광릉중학교 (진접읍,광릉중학교)",37.74286242,127.2135456,진접읍 진벌리,진접읍
김포신곡중학교,경기도 김포시 고촌읍 수기로 54-20김포신곡중학교,37.59936807,126.7649552,고촌읍 신곡리,고촌읍
예봉중학교,"경기도 남양주시 와부읍 수레로 127-37, 예봉중학교 (와부읍)",37.59534936,127.2204412,와부읍 덕소리,와부읍
보평중학교,경기도 성남시 분당구 동판교로 131(백현동),37.39395033,127.1157671,백현동,백현동
운중중학교,경기도 성남시 분당구 운중로 96(운중동),37.39124417,127.0736017,운중동,운중동
판교중학교,"경기도 성남시 분당구 판교원로 193(판교동, 판교중학교)",37.38729787,127.0878556,판교동,판교동
가운중학교,"경기도 남양주시 가운로2길 74(가운동,가운중학교)",37.59944252,127.1566123,다산동,다산2동
성사중학교,"경기도 고양시 덕양구 호국로 887, 성사중학교 (성사동)",37.6637849,126.8429581,성사동,성사1동
풍양중학교,경기도 남양주시 진접읍 해밀예당1로 109(진접읍),37.71880828,127.1912244,진접읍 금곡리,진접읍
덕풍중학교,경기도 하남시 덕풍북로71번길 10(덕풍동),37.55369803,127.1992248,덕풍동,덕풍3동
신양중학교,"경기도 김포시 양촌읍 양곡4로 243(양촌읍, 신양중학교)",37.65907718,126.6357378,양촌읍 양곡리,양촌읍
용인한빛중학교,"경기도 용인시 수지구 동천로 177(동천동,용인한빛중학교)",37.3372256,127.0848322,동천동,동천동
마송중학교,"경기도 김포시 통진읍 서암로 7, 마송중학교 (통진읍)",37.68673551,126.5947876,통진읍 마송리,통진읍
충현중학교,경기도 광명시 서원로 42(소하동),37.4303179,126.8821469,소하동,소하2동
흥덕중학교,"경기도 용인시 기흥구 흥덕중앙로105번길 10(영덕동,흥덕중학교)",37.2768101,127.0793736,영덕동,영덕1동
별가람중학교,경기도 남양주시 별내3로 232,37.65912402,127.1225367,별내동,별내동
화접중학교,경기도 남양주시 별내4로 26 화접중학교(별내동),37.64585444,127.1147552,별내동,별내동
삼평중학교,경기도 성남시 분당구 대왕판교로644번길 77(삼평동),37.40039146,127.1154915,삼평동,삼평동
덕이중학교,"경기도 고양시 일산서구 하이파크3로, 122 (덕이동)",37.70291507,126.7536353,덕이동,덕이동
만정중학교,경기도 안성시 공도읍 송원길 21-6(공도읍),37.008507,127.1731521,공도읍 만정리,공도읍
상하중학교,경기도 용인시 기흥구 중부대로746번길 16-29(상하동),37.26153615,127.1356759,상하동,상하동
서천중학교,경기도 용인시 기흥구 서천동로 7(서천동),37.24001911,127.0758949,서천동,서농동
성서중학교,경기도 용인시 수지구 성복1로 137(성복동),37.3152095,127.0642436,성복동,성복동
푸른솔중학교,경기도 김포시 김포한강2로 328(장기동),37.65243694,126.6671637,장기동,장기본동
운양중학교,경기도 김포시 김포한강2로24번길 50(장기동),37.64498274,126.6764461,장기동,장기동
고진중학교,경기도 용인시 처인구 고림로 165-2 고진중학교,37.24717747,127.2195504,고림동,유림2동
신봉중학교,경기도 용인시 수지구 신봉3로 43(신봉동),37.32765756,127.0643811,신봉동,신봉동
한숲중학교,"경기도 용인시 처인구 남사읍 한숲로 109(남사읍, 한숲중학교)",37.15776721,127.1729056,남사읍 완장리,남사읍
하늘빛중학교,"경기도 김포시 김포한강11로 354(운양동, 하늘빛중학교)",37.65493021,126.687995,운양동,운양동
원흥중학교,경기도 고양시 덕양구 원흥1로 10 원흥중학교,37.64970988,126.8684587,원흥동,삼송2동
위례중앙중학교,경기도 성남시 수정구 위례순환로 91(창곡동),37.47188409,127.1382118,창곡동,위례동
위례한빛중학교,"경기도 성남시 수정구 위례동로 85, (창곡동, 위례한빛중학교)",37.46797483,127.1486362,창곡동,위례동
낙원중학교,"경기도 성남시 분당구 서판교로132번길 11(판교동,낙원중학교)",37.39918911,127.0958605,판교동,판교동
신백현중학교,"경기도 성남시 분당구 판교역로50번길 19, 신백현중학교 (백현동)",37.38628038,127.1102927,백현동,백현동
양도중학교,경기도 김포시 양도로56번길 59-25(풍무동),37.60472045,126.7307012,풍무동,풍무동
일산양일중학교,"경기도 고양시 일산동구 위시티3로 47, 일산양일중학교 (식사동)",37.67683594,126.8155141,식사동,식사동
주곡중학교,경기도 남양주시 진접읍 해밀예당1로 283(진접읍),37.72536786,127.2067255,진접읍 금곡리,진접읍
은여울중학교,경기도 김포시 김포한강8로 173-48(마산동),37.63794719,126.6390605,마산동,마산동
신원중학교,경기도 고양시 덕양구 신원2로6 (신원동),37.66758738,126.8877768,신원동,원신동
김포한가람중학교,"경기도 김포시 김포한강9로 140, 김포한가람중학교 (구래동)",37.6493725,126.6234637,구래동,구래동
어정중학교,"경기도 용인시 기흥구 동백죽전대로527번길 83(중동, 어정중학교)",37.28072654,127.1451478,중동,동백3동
천마중학교,"경기도 남양주시 화도읍 먹갓로28번길 12(화도읍, 천마중학교)",37.65616529,127.2767586,화도읍 묵현리,화도읍
미사강변중학교,경기도 하남시 미사강변한강로 89(선동),37.57788767,127.1856213,선동,미사2동
도래울중학교,경기도 고양시 덕양구 도래울로 57(도내동),37.63190171,126.8686626,도내동,흥도동
한별중학교,경기도 남양주시 별내4로 70(별내동),37.64880857,127.1188629,별내동,별내동
위례중학교,"경기도 하남시 위례순환로 343, 위례중학교 (학암동)",37.4772169,127.1483118,학암동,위례동
은가람중학교,경기도 하남시 미사강변한강로 9(선동),37.5759643,127.1770753,선동,미사2동
미사중학교,경기도 하남시 미사강변한강로334번길 70(망월동),37.55857099,127.1996957,망월동,미사1동
옥길중학교,"경기도 부천시 양지로 234-41(옥길동, 옥길중학교)",37.4638567,126.8266497,옥길동,옥길동
박달중학교,"경기도 안양시 만안구 박달로418번길 70, 박달중학교 (박달동)",37.39939795,126.8970462,박달동,호현동
갈매중학교,"경기도 구리시 갈매순환로 121(갈매동, 갈매중학교)",37.63093445,127.1197809,갈매동,갈매동
윤슬중학교,"경기도 하남시 풍산로 168, 윤슬중학교 (망월동)",37.5634421,127.1815823,망월동,미사1동
남양주다산중학교,"경기도 남양주시 다산중앙로172번길 50, 남양주다산중학교 (다산동)",37.62784624,127.1587109,다산동,다산1동
창성중학교,경기도 성남시 수정구 수정로 400(산성동),37.46073862,127.1535099,산성동,산성동
이산중학교,"경기도 화성시 동탄구 동탄감배산로 51, 이산중학교 (오산동)",37.19125691,127.0893594,여울동,동탄6동
도당중학교,"경기도 부천시 평천로849번길 58, 도당중학교 (도당동)",37.51804743,126.787367,도당동,도당동
다산한강중학교,"경기도 남양주시 다산지금로145번길 20(다산동, 다산한강중학교)",37.59929572,127.1755838,다산동,다산2동
빛가온중학교,"경기도 광명시 오리로84번길 16, 16 (일직동)",37.41214809,126.8837092,일직동,일직동
향동중학교,경기도 고양시 덕양구 향동1로 38(향동동),37.60301142,126.8953017,향동동,화전동
감일중학교,경기도 하남시 감일백제로 55(감이동),37.50118776,127.1623407,감이동,감일동
지축중학교,"경기도 고양시 덕양구 오부자2길 14, 지축중학교 (지축동)",37.65242981,126.9177179,지축동,효자동
안산해솔중학교,경기도 안산시 상록구 해양5로 10(사동),37.2813567,126.833862,사동,해양동
다산새봄중학교,경기도 남양주시 다산순환로 435 (다산동),37.61885896,127.1592071,다산동,다산1동
감일백제중학교,경기도 하남시 감일백제로 210감일동,37.50996779,127.1511976,감일동,감일동
나래중학교,"경기도 김포시 김포한강9로 19(구래동, 나래중학교)",37.63907449,126.6257301,구래동,구래동
범박중학교,"경기도 부천시 양지남로 69-16, 범박중학교 (범박동, 범박중학교)",37.46915858,126.8145241,범박동,옥길동
향산중학교,"경기도 김포시 고촌읍 상미1로 26(고촌읍, 향산초중학교)",37.61958072,126.749325,고촌읍 향산리,고촌읍
덕은한강중학교,경기도 고양시 덕양구 대덕산로 111(덕은동),37.58225939,126.8686047,덕은동,대덕동
모담중학교,경기도 김포시 운양로 158(운양동),37.65673016,126.674743,운양동,운양동
하랑중학교,"경기도 남양주시 백봉로 92, 하랑중학교 (호평동)",37.64995713,127.2550792,호평동,호평동
판교대장중학교,"경기도 성남시 분당구 판교대장로5길 71, 판교대장중학교 (대장동)",37.36857029,127.0696782,대장동,운중동
과천율목중학교,경기도 과천시 과천대로2길 37(갈현동),37.40757059,126.9826041,갈현동,갈현동
옥길새길중학교,경기도 부천시 소사구 양지로166번길 45옥길새길중학교(옥길동),37.46773373,126.818591,옥길동,옥길동
한홀중학교,경기도 하남시 조정대로 115 한홀중학교(풍산동),37.55445311,127.1915716,풍산동,미사3동
처인중학교,경기도 용인시 처인구 남사읍 한숲로57번길 17 처인중학교,37.15409553,127.1685666,남사읍 아곡리,남사읍
도현중학교,경기도 용인시 처인구 모현읍 왕산로 15,37.34618306,127.2569538,모현읍 왕산리,모현읍
용인솔빛중학교,경기도 용인시 처인구 낙은로 98(역북동),37.24476629,127.1950999,역북동,역북동
