시도,시군구,학교명,도로명주소,위도,경도
서울시교육청,동대문구,서울군자초등학교,서울 동대문구 한천로6길 21,37.56442961,127.0616461
서울시교육청,동대문구,서울답십리초등학교,서울 동대문구 전농로3길 23,37.56872501,127.0554738
서울시교육청,동대문구,서울동답초등학교,서울 동대문구 답십리로60길 12,37.57191001,127.0643872
서울시교육청,중랑구,서울동원초등학교,서울 중랑구 송림길 114,37.60472351,127.1053795
서울시교육청,중랑구,서울망우초등학교,서울 중랑구 망우로72길 49,37.59851572,127.1033007
서울시교육청,중랑구,서울면남초등학교,서울 중랑구 면목로30나길 38,37.5770285,127.0881886
서울시교육청,중랑구,서울면동초등학교,서울 중랑구 면목로57길 32,37.58545387,127.0867256
서울시교육청,중랑구,서울면목초등학교,서울 중랑구 면목로 434,37.59097055,127.0880726
서울시교육청,중랑구,서울면북초등학교,서울 중랑구 용마공원로5길 32,37.59457741,127.1033904
서울시교육청,중랑구,서울면일초등학교,서울 중랑구 용마산로100길 13,37.59205324,127.0997794
서울시교육청,중랑구,서울묵동초등학교,서울 중랑구 동일로138길 27,37.60429924,127.0813388
서울시교육청,중랑구,서울묵현초등학교,서울 중랑구 동일로157길 75,37.60891735,127.0736527
서울시교육청,동대문구,서울배봉초등학교,서울 동대문구 사가정로 193,37.58032791,127.0661832
서울시교육청,중랑구,서울봉화초등학교,서울 중랑구 신내로15길 110,37.61361002,127.0924009
서울시교육청,중랑구,서울상봉초등학교,서울 중랑구 동일로126가길 11,37.59841952,127.0837013
서울시교육청,중랑구,서울새솔초등학교,서울 중랑구 신내역로1길 164,37.61794461,127.1112745
서울시교육청,중랑구,서울신내초등학교,서울 중랑구 용마산로125나길 22,37.6045182,127.1000713
서울시교육청,동대문구,서울신답초등학교,서울 동대문구 천호대로 177,37.57302613,127.0430703
서울시교육청,중랑구,서울신묵초등학교,서울 중랑구 동일로149길 46,37.6071107,127.0753485
서울시교육청,중랑구,서울신현초등학교,서울 중랑구 봉화산로 188,37.60568504,127.0934036
서울시교육청,동대문구,서울안평초등학교,서울 동대문구 장한로14길 61,37.56593554,127.0721242
서울시교육청,중랑구,서울양원숲초등학교,서울 중랑구 양원역로 95,37.60904974,127.1054337
서울시교육청,동대문구,서울용두초등학교,서울 동대문구 천호대로13길 43,37.57615152,127.0288083
서울시교육청,중랑구,서울원묵초등학교,서울 중랑구 숙선옹주로 109,37.61793486,127.0863351
서울시교육청,동대문구,서울이문초등학교,서울 동대문구 신이문로 16,37.60225366,127.0643567
서울시교육청,동대문구,서울장평초등학교,서울 동대문구 답십리로69길 27,37.57378428,127.0733158
서울시교육청,동대문구,서울전곡초등학교,서울 동대문구 전농로 172,37.58052395,127.056506
서울시교육청,동대문구,서울전농초등학교,서울 동대문구 사가정로 66,37.57477299,127.0544006
서울시교육청,동대문구,서울전동초등학교,서울 동대문구 전농로16길 61,37.57946008,127.0614955
서울시교육청,동대문구,서울종암초등학교,서울 동대문구 무학로44길 25,37.58220554,127.0314191
서울시교육청,중랑구,서울중곡초등학교,서울 중랑구 면목로23길 20,37.5744894,127.083353
서울시교육청,중랑구,서울중랑초등학교,서울 중랑구 봉우재로6길 26,37.58961339,127.0754441
서울시교육청,중랑구,서울중목초등학교,서울 중랑구 동일로 665,37.59016578,127.079445
서울시교육청,중랑구,서울중화초등학교,서울 중랑구 신내로7가길 22,37.60294874,127.094519
서울시교육청,중랑구,서울중흥초등학교,서울 중랑구 봉화산로 82,37.60170794,127.0839756
서울시교육청,동대문구,서울청량초등학교,서울 동대문구 회기로25길 31,37.59202449,127.055944
서울시교육청,동대문구,서울홍릉초등학교,서울 동대문구 회기로 90,37.59108767,127.0472022
서울시교육청,동대문구,서울홍파초등학교,서울 동대문구 고산자로 518,37.5861567,127.0393914
서울시교육청,동대문구,서울휘경초등학교,서울 동대문구 망우로6길 48,37.58586231,127.0583997
서울시교육청,동대문구,서울휘봉초등학교,서울 동대문구 장안벚꽃로 309,37.58637305,127.0702146
서울시교육청,동대문구,경희초등학교,서울 동대문구 경희대로 26,37.59493231,127.0491477
서울시교육청,중랑구,금성초등학교,서울 중랑구 신내로21길 55,37.61534274,127.0899226
서울시교육청,동대문구,서울삼육초등학교,서울 동대문구 회기로10길 63,37.5888206,127.047631
서울시교육청,동대문구,은석초등학교,서울 동대문구 장안벚꽃로 205,37.57858504,127.07575
서울시교육청,서대문구,서울가재울초등학교,서울 서대문구 모래내로15길 61,37.57370144,126.9185179
서울시교육청,은평구,서울갈현초등학교,서울 은평구 연서로29길 31,37.61937389,126.916384
서울시교육청,서대문구,서울고은초등학교,서울 서대문구 모래내로 441,37.58489553,126.9434092
서울시교육청,마포구,서울공덕초등학교,서울 마포구 만리재옛길 13,37.54591567,126.9535958
서울시교육청,은평구,서울구산초등학교,서울 은평구 서오릉로15길 16,37.61243362,126.9091295
서울시교육청,은평구,서울구현초등학교,서울 은평구 갈현로15길 51,37.60990815,126.9056806
서울시교육청,서대문구,서울금화초등학교,서울 서대문구 통일로 165,37.56883678,126.9630536
서울시교육청,은평구,서울녹번초등학교,서울 은평구 녹번로1길 1,37.60428624,126.9263032
서울시교육청,서대문구,서울대신초등학교,서울 서대문구 이화여대2길 27,37.55796513,126.9480879
서울시교육청,은평구,서울대은초등학교,서울 은평구 통일로69길 12-15,37.61204177,126.9260056
서울시교육청,은평구,서울대조초등학교,서울 은평구 연서로18길 17,37.6132197,126.9196392
서울시교육청,마포구,서울동교초등학교,서울 마포구 월드컵로25길 86,37.55821007,126.902355
서울시교육청,마포구,서울마포초등학교,서울 마포구 도화2길 64,37.53860521,126.949794
서울시교육청,마포구,서울망원초등학교,서울 마포구 방울내로5길 28,37.56104394,126.9011172
서울시교육청,서대문구,서울미동초등학교,서울 서대문구 충정로 52,37.56342085,126.9659131
서울시교육청,서대문구,서울북가좌초등학교,서울 서대문구 거북골로19길 20,37.57770828,126.9076593
서울시교육청,서대문구,서울북성초등학교,서울 서대문구 북아현로1나길 22,37.55939389,126.9518173
서울시교육청,은평구,서울북한산초등학교,서울 은평구 대서문길 42-3,37.65417384,126.9504416
서울시교육청,은평구,서울불광초등학교,서울 은평구 불광로 51,37.61300714,126.9311648
서울시교육청,은평구,서울상신초등학교,서울 은평구 가좌로 361,37.59788835,126.9049484
서울시교육청,마포구,서울상암초등학교,서울 마포구 월드컵북로 353,37.57647009,126.8925004
서울시교육청,마포구,서울상지초등학교,서울 마포구 월드컵로42길 30,37.57978314,126.8822116
서울시교육청,마포구,서울서강초등학교,서울 마포구 독막로 113,37.54839261,126.9270418
서울시교육청,마포구,서울서교초등학교,서울 마포구 와우산로23길 20-27,37.55506599,126.9250977
서울시교육청,은평구,서울서신초등학교,서울 은평구 은평터널로 150,37.59245016,126.9074576
서울시교육청,마포구,서울성산초등학교,서울 마포구 양화로3길 94,37.55327949,126.911071
서울시교육청,마포구,서울성서초등학교,서울 마포구 성미산로7길 24,37.56072731,126.9113088
서울시교육청,마포구,서울성원초등학교,서울 마포구 월드컵로36길 34,37.56726558,126.9051774
서울시교육청,마포구,서울소의초등학교,서울 마포구 마포대로24길 42,37.55259291,126.9608707
서울시교육청,은평구,서울수리초등학교,서울 은평구 불광로14길 10-10,37.6202996,126.9340714
서울시교육청,은평구,서울수색초등학교,서울 은평구 수색로16길 21,37.58504659,126.8954498
서울시교육청,은평구,서울신도초등학교,서울 은평구 진관1로 77-23,37.6329791,126.9292521
서울시교육청,마포구,서울신북초등학교,서울 마포구 월드컵북로38길 26,37.57128387,126.9049958
서울시교육청,은평구,서울신사초등학교,서울 은평구 가좌로 275-2,37.59279782,126.9120023
서울시교육청,마포구,서울신석초등학교,서울 마포구 대흥로 33,37.54430112,126.9379721
서울시교육청,마포구,서울아현초등학교,서울 마포구 굴레방로 6,37.55596095,126.9560794
서울시교육청,서대문구,서울안산초등학교,서울 서대문구 통일로 321,37.5797131,126.9517136
서울시교육청,은평구,서울어울초등학교,서울 은평구 통일로 650,37.6065727,126.9350847
서울시교육청,은평구,서울역촌초등학교,서울 은평구 은평로3길 25,37.60215902,126.9143286
서울시교육청,서대문구,서울연가초등학교,서울 서대문구 증가로12가길 49-50,37.57989257,126.9177957
서울시교육청,은평구,서울연광초등학교,서울 은평구 연서로35길 37,37.62429059,126.9244212
서울시교육청,은평구,서울연신초등학교,서울 은평구 연서로 347,37.6267222,126.9285104
서울시교육청,은평구,서울연은초등학교,서울 은평구 백련산로2길 35,37.59041021,126.925085
서울시교육청,은평구,서울연천초등학교,서울 은평구 연서로34길 22,37.62077627,126.9294857
서울시교육청,서대문구,서울연희초등학교,서울 서대문구 연희로 136,37.56950161,126.9339034
서울시교육청,마포구,서울염리초등학교,서울 마포구 토정로37길 37,37.54270493,126.9460979
서울시교육청,마포구,서울용강초등학교,서울 마포구 백범로17길 9,37.54871901,126.9439706
서울시교육청,은평구,서울은명초등학교,서울 은평구 은평로4길 21-9,37.59764276,126.9187228
서울시교육청,은평구,서울은빛초등학교,서울 은평구 진관3로 73-17,37.64262035,126.9191452
서울시교육청,은평구,서울은진초등학교,서울 은평구 진관1로 21-20,37.63298828,126.9210136
서울시교육청,은평구,서울은평초등학교,서울 은평구 은평로 239,37.60205296,126.9344182
서울시교육청,은평구,서울응암초등학교,서울 은평구 가좌로6길 20,37.58842591,126.9218261
서울시교육청,서대문구,서울인왕초등학교,서울 서대문구 세무서길 33-9,37.59030573,126.9447592
서울시교육청,마포구,서울중동초등학교,서울 마포구 월드컵북로 152,37.56684176,126.9116932
서울시교육청,은평구,서울증산초등학교,서울 은평구 증산서길 61,37.5823801,126.9044835
서울시교육청,은평구,서울진관초등학교,서울 은평구 진관4로 78-16,37.64547386,126.9291043
서울시교육청,서대문구,서울창서초등학교,서울 서대문구 연세로5나길 30-3,37.55770919,126.9335833
서울시교육청,마포구,서울창천초등학교,서울 마포구 백범로1길 56,37.55499867,126.9397152
서울시교육청,마포구,뮤엠하늘초영어교습소,서울 마포구 월드컵북로 502,37.58503717,126.8798643
서울시교육청,마포구,서울한서초등학교,서울 마포구 대흥로24바길 27,37.55363385,126.9497477
서울시교육청,서대문구,서울홍연초등학교,서울 서대문구 백련사길 55,37.58196239,126.930813
서울시교육청,서대문구,서울홍은초등학교,서울 서대문구 세검정로 105,37.59755541,126.9494691
서울시교육청,서대문구,서울홍제초등학교,서울 서대문구 홍은중앙로 13,37.59291109,126.9441051
서울시교육청,은평구,충암초등학교,서울 은평구 가좌로5길 5,37.58542785,126.9224995
서울시교육청,마포구,홍익대학교사범대학부속초등학교,서울 마포구 성미산로 51,37.55961341,126.9133723
서울시교육청,서대문구,경기초등학교,서울 서대문구 경기대로9길 10,37.56518226,126.9627838
서울시교육청,서대문구,명지초등학교,서울 서대문구 명지2길 32-20,37.58364031,126.9282392
서울시교육청,은평구,선일초등학교,서울 은평구 갈현로29길 27,37.61973665,126.9134147
서울시교육청,은평구,예일초등학교,서울 은평구 연서로 117,37.61039773,126.9144098
서울시교육청,서대문구,이화여자대학교사범대학부속초등학교,서울 서대문구 성산로 512-39,37.56130356,126.9427389
서울시교육청,서대문구,추계초등학교,서울 서대문구 북아현로11가길 7,37.5637985,126.9531455
서울시교육청,금천구,서울가산초등학교,서울 금천구 남부순환로 1304-11,37.47820402,126.8963733
서울시교육청,구로구,서울개명초등학교,서울 구로구 개봉로1다길 16-9,37.48301209,126.8504028
서울시교육청,구로구,서울개봉초등학교,서울 구로구 개봉로16길 30-11,37.48969304,126.8584245
서울시교육청,구로구,서울개웅초등학교,서울 구로구 개봉로11길 98,37.48859429,126.8500479
서울시교육청,구로구,서울고산초등학교,서울 구로구 중앙로 6,37.49882291,126.865335
서울시교육청,구로구,서울고원초등학교,서울 구로구 경인로46길 13,37.4975151,126.8657354
서울시교육청,구로구,서울고척초등학교,서울 구로구 경서로 31,37.5010367,126.8569216
서울시교육청,구로구,서울구로남초등학교,서울 구로구 디지털로27길 76,37.48548184,126.8907856
서울시교육청,구로구,서울구로초등학교,서울 구로구 구로중앙로27나길 9,37.49726968,126.8859872
서울시교육청,구로구,서울구일초등학교,서울 구로구 구일로 68,37.4930721,126.8729443
서울시교육청,금천구,서울금나래초등학교,서울 금천구 시흥대로79길 37,37.45819341,126.8963003
서울시교육청,금천구,서울금동초등학교,서울 금천구 금하로30길 53,37.44775757,126.9163764
서울시교육청,금천구,서울금산초등학교,서울 금천구 시흥대로24길 57,37.44141532,126.9078813
서울시교육청,금천구,서울금천초등학교,서울 금천구 탑골로5길 60,37.45481177,126.9128694
서울시교육청,영등포구,서울당산초등학교,서울 영등포구 선유로55길 32,37.53960124,126.8964683
서울시교육청,영등포구,서울당서초등학교,서울 영등포구 당산로 187,37.53186613,126.8995654
서울시교육청,영등포구,서울당중초등학교,서울 영등포구 선유로 131,37.52643019,126.8902327
서울시교육청,영등포구,서울대길초등학교,서울 영등포구 대방천로 206,37.49817927,126.9130181
서울시교육청,영등포구,서울대동초등학교,서울 영등포구 대림로21길 6,37.49366014,126.8997783
서울시교육청,영등포구,서울대방초등학교,서울 영등포구 여의대방로35길 14,37.5023239,126.9193782
서울시교육청,영등포구,서울대영초등학교,서울 영등포구 신길로23길 43,37.50282693,126.906304
서울시교육청,구로구,서울덕의초등학교,서울 구로구 고척로 213,37.50633444,126.8567848
서울시교육청,영등포구,서울도림초등학교,서울 영등포구 가마산로65길 22,37.50794158,126.9069988
서울시교육청,영등포구,서울도신초등학교,서울 영등포구 도림로53길 32-9,37.49883303,126.9010934
서울시교육청,금천구,서울독산초등학교,서울 금천구 시흥대로104길 31,37.46577956,126.9000608
서울시교육청,구로구,서울동구로초등학교,서울 구로구 구로중앙로14길 43,37.49526472,126.8924721
서울시교육청,금천구,서울두산초등학교,서울 금천구 범안로11길 3,37.4674581,126.8908435
서울시교육청,구로구,서울매봉초등학교,서울 구로구 고척로21길 55,37.50456002,126.8444019
서울시교육청,금천구,서울문교초등학교,서울 금천구 독산로54길 102,37.46676702,126.9089173
서울시교육청,영등포구,서울문래초등학교,서울 영등포구 문래로 104,37.51821579,126.8932175
서울시교육청,금천구,서울문백초등학교,서울 금천구 시흥대로47길 43-1,37.44693348,126.8994575
서울시교육청,금천구,서울문성초등학교,서울 금천구 시흥대로 460,37.47496215,126.8994607
서울시교육청,구로구,서울미래초등학교,서울 구로구 새말로 73,37.50512133,126.8881694
서울시교육청,금천구,서울백산초등학교,서울 금천구 시흥대로38길 78,37.44680846,126.905176
서울시교육청,영등포구,서울선유초등학교,서울 영등포구 선유로43가길 14,37.53287649,126.8927757
서울시교육청,구로구,서울세곡초등학교,서울 구로구 고척로33길 34,37.50485877,126.8496716
서울시교육청,금천구,서울시흥초등학교,서울 금천구 독산로23길 26,37.45509762,126.9049757
서울시교육청,구로구,서울신구로초등학교,서울 구로구 가마산로27길 69,37.49962984,126.8892768
서울시교육청,영등포구,서울신대림초등학교,서울 영등포구 대림로8길 25,37.49221279,126.9059418
서울시교육청,구로구,서울신도림초등학교,서울 구로구 신도림로19길 44,37.5122707,126.8834036
서울시교육청,구로구,서울신미림초등학교,서울 구로구 신도림로 26,37.50681415,126.8797432
서울시교육청,영등포구,서울신영초등학교,서울 영등포구 도신로4길 32,37.5006449,126.8957983
서울시교육청,금천구,서울신흥초등학교,서울 금천구 독산로36나길 21,37.45968496,126.9087767
서울시교육청,금천구,서울안천초등학교,서울 금천구 한내로 69-16,37.45852851,126.8883111
서울시교육청,영등포구,서울여의도초등학교,서울 영등포구 여의대방로 439,37.52261158,126.9367593
서울시교육청,금천구,서울영남초등학교,서울 금천구 문성로 62-15,37.47543909,126.909888
서울시교육청,영등포구,서울영동초등학교,서울 영등포구 국회대로53길 20,37.52685595,126.9076496
서울시교육청,영등포구,서울영등포초등학교,서울 영등포구 경인로 756,37.51290793,126.8982742
서울시교육청,영등포구,서울영림초등학교,서울 영등포구 시흥대로173길 14,37.48734097,126.9025242
서울시교육청,영등포구,서울영문초등학교,서울 영등포구 문래로 56,37.51961977,126.8876319
서울시교육청,구로구,서울영서초등학교,서울 구로구 도림로20길 57,37.48850576,126.8949197
서울시교육청,영등포구,서울영신초등학교,서울 영등포구 도신로60길 23,37.5100761,126.9179945
서울시교육청,영등포구,서울영원초등학교,서울 영등포구 도영로22길 31,37.5107669,126.9022494
서울시교육청,구로구,서울영일초등학교,서울 구로구 남부순환로105길 218,37.48545718,126.8838297
서울시교육청,영등포구,서울영중초등학교,서울 영등포구 양산로 185,37.52385445,126.9039337
서울시교육청,구로구,서울오류남초등학교,서울 구로구 서해안로24길 22,37.4896855,126.8384986
서울시교육청,구로구,서울오류초등학교,서울 구로구 경인로19길 39,37.49838374,126.842447
서울시교육청,구로구,서울오정초등학교,서울 구로구 경인로2길 10,37.48936894,126.826215
서울시교육청,영등포구,서울온수초등학교,서울 구로구 부일로 893,37.49416194,126.8259777
서울시교육청,영등포구,서울우신초등학교,서울 영등포구 신길로 190,37.50958125,126.9114802
서울시교육청,영등포구,서울윤중초등학교,서울 영등포구 여의나루로2길 14,37.51985711,126.9229339
서울시교육청,금천구,서울정심초등학교,서울 금천구 독산로78다길 89,37.47167894,126.9084094
서울시교육청,구로구,서울천왕초등학교,서울 구로구 천왕로1길 11,37.4816032,126.8369965
서울시교육청,금천구,서울탑동초등학교,서울 금천구 탑골로 47-3,37.45262546,126.9147164
서울시교육청,구로구,서울하늘숲초등학교,서울 구로구 오리로 1106,37.4843171,126.8416772
서울시교육청,구로구,서울항동초등학교,서울 구로구 연동로 178,37.47696696,126.8240448
서울시교육청,금천구,동광초등학교,서울 금천구 탑골로10길 45,37.45203937,126.9166429
서울시교육청,도봉구,서울가인초등학교,서울 도봉구 도봉로136다길 4,37.65976605,127.0431294
서울시교육청,노원구,서울계상초등학교,서울 노원구 한글비석로41가길 24,37.6628933,127.0681015
서울시교육청,노원구,서울공릉초등학교,서울 노원구 동일로173길 12,37.61930359,127.0742146
서울시교육청,노원구,서울공연초등학교,서울 노원구 동일로192가길 16,37.62725929,127.0742451
서울시교육청,노원구,서울노원초등학교,서울 노원구 동일로230나길 32,37.67327778,127.0584262
서울시교육청,노원구,서울노일초등학교,서울 노원구 동일로 1625,37.67358589,127.0547175
서울시교육청,노원구,서울녹천초등학교,서울 노원구 마들로3길 34,37.6287991,127.0633804
서울시교육청,도봉구,서울누원초등학교,서울 도봉구 마들로 859-44,37.68683971,127.049689
서울시교육청,노원구,서울당현초등학교,서울 노원구 동일로213길 52,37.64897287,127.0584933
서울시교육청,노원구,서울덕암초등학교,서울 노원구 덕릉로112길 68,37.6665285,127.0813114
서울시교육청,도봉구,서울도봉초등학교,서울 도봉구 도봉로173길 96,37.6795893,127.0382528
서울시교육청,노원구,서울동일초등학교,서울 노원구 한글비석로 566,37.66531133,127.0546389
서울시교육청,도봉구,서울방학초등학교,서울 도봉구 도당로9길 34,37.66419165,127.0318526
서울시교육청,도봉구,서울백운초등학교,서울 도봉구 삼양로146길 17,37.65339418,127.0138162
서울시교육청,노원구,서울불암초등학교,서울 노원구 중계로 178,37.65113216,127.0805263
서울시교육청,노원구,서울상경초등학교,서울 노원구 수락산로 237,37.67045186,127.0516548
서울시교육청,노원구,서울상계초등학교,서울 노원구 상계로9길 39,37.65939501,127.0661218
서울시교육청,노원구,서울상곡초등학교,서울 노원구 노원로38길 34,37.66273415,127.0626386
서울시교육청,노원구,서울상수초등학교,서울 노원구 동일로216길 66,37.65201847,127.0648642
서울시교육청,노원구,서울상원초등학교,서울 노원구 한글비석로54길 119,37.66742078,127.0596956
서울시교육청,노원구,서울상월초등학교,서울 노원구 동일로221길 27,37.65864111,127.0570842
서울시교육청,노원구,서울상천초등학교,서울 노원구 덕릉로 443,37.64633868,127.0579156
서울시교육청,노원구,서울선곡초등학교,서울 노원구 광운로2길 1,37.61865655,127.0584106
서울시교육청,노원구,서울수락초등학교,서울 노원구 동일로 1745,37.68428958,127.0545939
서울시교육청,노원구,서울수암초등학교,서울 노원구 중계로12길 9,37.64813405,127.0813231
서울시교육청,도봉구,서울숭미초등학교,서울 도봉구 노해로 179,37.65103469,127.0279851
서울시교육청,노원구,서울신계초등학교,서울 노원구 초안산로 29,37.6301847,127.0526239
서울시교육청,도봉구,서울신방학초등학교,서울 도봉구 시루봉로 173,37.66608802,127.0291468
서울시교육청,노원구,서울신상계초등학교,서울 노원구 상계로 267,37.66817913,127.0758455
서울시교육청,도봉구,서울신창초등학교,서울 도봉구 덕릉로60길 93,37.63657158,127.041897
서울시교육청,도봉구,서울신학초등학교,서울 도봉구 방학로 247-21,37.66110466,127.0254049
서울시교육청,도봉구,서울신화초등학교,서울 도봉구 우이천로 120,37.63266166,127.0408933
서울시교육청,도봉구,서울쌍문초등학교,서울 도봉구 우이천로 360,37.64855953,127.0246708
서울시교육청,노원구,서울연지초등학교,서울 노원구 월계로55길 48,37.63378873,127.0599995
서울시교육청,노원구,서울연촌초등학교,서울 노원구 공릉로58길 36,37.63498499,127.0732014
서울시교육청,도봉구,서울오봉초등학교,서울 도봉구 시루봉로 285,37.6717969,127.0404296
서울시교육청,노원구,서울온곡초등학교,서울 노원구 한글비석로52길 59,37.66766967,127.066043
서울시교육청,노원구,서울용동초등학교,서울 노원구 한글비석로1길 81-11,37.64187088,127.0692969
서울시교육청,노원구,서울용원초등학교,서울 노원구 섬밭로 144,37.62961418,127.0687758
서울시교육청,노원구,서울원광초등학교,서울 노원구 덕릉로76길 18,37.65439919,127.0749543
서울시교육청,노원구,서울월계초등학교,서울 노원구 월계로45가길 10,37.62782136,127.0506953
서울시교육청,도봉구,서울월천초등학교,서울 도봉구 노해로70길 96,37.64819371,127.052342
서울시교육청,노원구,서울을지초등학교,서울 노원구 중계로 239,37.65069815,127.0732169
서울시교육청,도봉구,서울자운초등학교,서울 도봉구 마들로13길 166,37.65789339,127.0466098
서울시교육청,노원구,서울중계초등학교,서울 노원구 한글비석로19길 39,37.65770403,127.0734719
서울시교육청,노원구,서울중원초등학교,서울 노원구 섬밭로 316,37.64382875,127.0627904
서울시교육청,노원구,서울중평초등학교,서울 노원구 섬밭로 241,37.63764734,127.0640133
서울시교육청,노원구,서울중현초등학교,서울 노원구 섬밭로 181,37.63246985,127.0664197
서울시교육청,도봉구,서울창경초등학교,서울 도봉구 도봉로129길 54,37.65654327,127.0348593
서울시교육청,도봉구,서울창도초등학교,서울 도봉구 방학로 32-28,37.66402344,127.0493927
서울시교육청,도봉구,서울창동초등학교,서울 도봉구 해등로16길 81,37.65486754,127.0452118
서울시교육청,도봉구,서울창림초등학교,서울 도봉구 덕릉로63길 46,37.64335079,127.0413252
서울시교육청,도봉구,서울창원초등학교,서울 도봉구 해등로 103,37.65252575,127.0406277
서울시교육청,도봉구,서울창일초등학교,서울 도봉구 노해로66길 84,37.64765787,127.0475167
서울시교육청,노원구,서울청계초등학교,서울 노원구 공릉로 431,37.64505948,127.0661148
서울시교육청,도봉구,서울초당초등학교,서울 도봉구 해등로32길 11,37.65847444,127.0221763
서울시교육청,노원구,서울태랑초등학교,서울 노원구 화랑로51나길 31,37.62623317,127.0908374
서울시교육청,노원구,서울태릉초등학교,서울 노원구 노원로1길 36,37.62288596,127.0848434
서울시교육청,노원구,서울한천초등학교,서울 노원구 마들로 45,37.62051056,127.0688512
서울시교육청,도봉구,동북초등학교,서울 도봉구 시루봉로 53,37.65505713,127.0260329
서울시교육청,노원구,상명초등학교,서울 노원구 덕릉로 541,37.64870857,127.0675129
서울시교육청,노원구,청원초등학교,서울 노원구 한글비석로 506,37.66557488,127.061036
서울시교육청,노원구,태강삼육초등학교,서울 노원구 화랑로 815,37.64219966,127.1107305
서울시교육청,도봉구,한신초등학교,서울 도봉구 노해로49길 69,37.65326433,127.0326457
서울시교육청,노원구,화랑초등학교,서울 노원구 화랑로 621,37.6282274,127.0938441
서울시교육청,종로구,서울교동초등학교,서울 종로구 삼일대로 446,37.57500567,126.988151
서울시교육청,용산구,서울금양초등학교,서울 용산구 효창원로 137,37.54081153,126.9611212
서울시교육청,용산구,서울남정초등학교,서울 용산구 원효로64길 17-10,37.53650597,126.9650292
서울시교육청,종로구,서울독립문초등학교,서울 종로구 통일로12길 23,37.57430312,126.9602797
서울시교육청,종로구,서울매동초등학교,서울 종로구 사직로9길 19,37.57753791,126.966844
서울시교육청,종로구,서울명신초등학교,서울 종로구 낙산길 250,37.58166105,127.0142592
서울시교육청,용산구,서울보광초등학교,서울 용산구 우사단로 20,37.53265121,126.996461
서울시교육청,용산구,서울삼광초등학교,서울 용산구 두텁바위로1나길 19,37.54729919,126.9765259
서울시교육청,용산구,서울서빙고초등학교,서울 용산구 서빙고로51길 14,37.52124792,126.9922399
서울시교육청,종로구,서울세검정초등학교,서울 종로구 세검정로9길 1,37.60309553,126.9611704
서울시교육청,용산구,서울신용산초등학교,서울 용산구 이촌로 255,37.52048615,126.9757911
서울시교육청,용산구,서울용산초등학교,서울 용산구 한강대로57길 33,37.53560335,126.9725401
서울시교육청,용산구,서울용암초등학교,서울 용산구 녹사평대로60길 39,37.54531616,126.9895487
서울시교육청,용산구,서울원효초등학교,서울 용산구 효창원로13길 38,37.53608311,126.9514748
서울시교육청,용산구,서울이태원초등학교,서울 용산구 녹사평대로40길 19,37.53599878,126.9880656
서울시교육청,종로구,서울재동초등학교,서울 종로구 북촌로4길 7,37.57993473,126.9855725
서울시교육청,종로구,서울창신초등학교,서울 종로구 지봉로 73,37.57601362,127.0142955
서울시교육청,종로구,서울청운초등학교,서울 종로구 자하문로 105,37.58596467,126.9692994
서울시교육청,용산구,서울청파초등학교,서울 용산구 효창원로 228,37.54798809,126.9642996
서울시교육청,용산구,서울한강초등학교,서울 용산구 한강대로14길 9,37.52521824,126.9650797
서울시교육청,용산구,서울한남초등학교,서울 용산구 한남대로 112,37.53940506,127.0049242
서울시교육청,종로구,서울혜화초등학교,서울 종로구 혜화로 32,37.58912214,126.9999139
서울시교육청,종로구,서울효제초등학교,서울 종로구 대학로 12,37.5731673,127.0030655
서울시교육청,용산구,서울후암초등학교,서울 용산구 두텁바위로 140,37.55128983,126.9823731
서울시교육청,중구,서울흥인초등학교,서울 중구 청구로6길 11,37.56109668,127.014691
서울시교육청,중구,서울봉래초등학교,서울 중구 손기정로 73,37.55656196,126.9642141
서울시교육청,중구,서울광희초등학교,서울 중구 다산로 269,37.56758742,127.0150228
서울시교육청,중구,서울남산초등학교,서울 중구 퇴계로22길 17,37.55979582,126.9867851
서울시교육청,중구,서울청구초등학교,서울 중구 다산로 170,37.55876676,127.0142639
서울시교육청,중구,서울덕수초등학교,서울 중구 덕수궁길 140,37.5686344,126.9745858
서울시교육청,중구,서울장충초등학교,서울 중구 청구로17길 40,37.55992216,127.011309
서울시교육청,중구,서울충무초등학교,서울 중구 퇴계로50길 13,37.56182919,127.0018834
서울시교육청,중구,서울신당초등학교,서울 중구 난계로 141,37.56405586,127.0238597
서울시교육청,종로구,서울대학교사범대학부설초등학교,서울 종로구 대학로 64,37.57780562,127.0028936
서울시교육청,중구,동산초등학교,서울 중구 매봉18길 109,37.5562058,127.0167272
서울시교육청,중구,리라초등학교,서울 중구 소파로2길 7,37.55766959,126.9879173
서울시교육청,종로구,상명대학교사범대학부속초등학교,서울 종로구 홍지문2길 1,37.60078373,126.9564109
서울시교육청,중구,서울숭의초등학교,서울 중구 소파로2길 10,37.55630369,126.9880986
서울시교육청,용산구,신광초등학교,서울 용산구 청파로 263,37.54272438,126.9705618
서울시교육청,종로구,운현초등학교,서울 종로구 삼일대로 460,37.57619771,126.9883263
서울시교육청,송파구,서울가동초등학교,서울 송파구 중대로20길 47,37.49741178,127.1299762
서울시교육청,송파구,서울가락초등학교,서울 송파구 송파대로37길 45,37.5001661,127.1076299
서울시교육청,송파구,서울가원초등학교,서울 송파구 중대로4길 8,37.48939748,127.1112871
서울시교육청,송파구,서울가주초등학교,서울 송파구 오금로40길 37,37.49644111,127.1294136
서울시교육청,강동구,서울강덕초등학교,서울 강동구 동남로82길 94-54,37.55927233,127.1609995
서울시교육청,강동구,서울강동초등학교,서울 강동구 상암로14길 77,37.54628209,127.1300157
서울시교육청,강동구,서울강명초등학교,서울 강동구 상일로 74-1,37.55456591,127.1734474
서울시교육청,강동구,서울강빛초등학교,서울 강동구 아리수로93다길 1,37.57444591,127.1712974
서울시교육청,강동구,서울강솔초등학교,서울 강동구 고덕로97길 80,37.56230409,127.1803786
서울시교육청,강동구,서울강일초등학교,서울 강동구 아리수로98길 24,37.56536885,127.1770944
서울시교육청,송파구,서울개롱초등학교,서울 송파구 문정로 211,37.49715549,127.1397961
서울시교육청,송파구,서울거여초등학교,서울 송파구 마천로25길 18,37.50509383,127.1409056
서울시교육청,송파구,서울거원초등학교,서울 송파구 양산로2길 26,37.48762402,127.1447986
서울시교육청,강동구,서울고덕초등학교,서울 강동구 아리수로82길 42,37.56115314,127.1665314
서울시교육청,강동구,서울고명초등학교,서울 강동구 고덕로46길 53,37.55303778,127.1469124
서울시교육청,강동구,서울고일초등학교,서울 강동구 구천면로93길 20,37.55251107,127.1688717
서울시교육청,강동구,서울고현초등학교,서울 강동구 상일로11길 110,37.55412261,127.1659318
서울시교육청,강동구,서울길동초등학교,서울 강동구 양재대로116길 69,37.53850907,127.1448155
서울시교육청,송파구,서울남천초등학교,서울 송파구 성내천로 207,37.50090113,127.1506598
서울시교육청,강동구,서울대명초등학교,서울 강동구 상암로 271,37.54720987,127.1527989
서울시교육청,송파구,서울마천초등학교,서울 송파구 마천로61다길 24,37.4955799,127.1519834
서울시교육청,강동구,서울명덕초등학교,서울 강동구 양재대로156길 11,37.55678651,127.1464444
서울시교육청,강동구,서울명원초등학교,서울 강동구 명일로 364,37.55132128,127.1505711
서울시교육청,강동구,서울명일초등학교,서울 강동구 고덕로38길 8,37.55446725,127.1420986
서울시교육청,강동구,서울묘곡초등학교,서울 강동구 동남로79길 46,37.55855473,127.1531797
서울시교육청,송파구,서울문덕초등학교,서울 송파구 송이로34길 60,37.48513866,127.1279559
서울시교육청,송파구,서울문정초등학교,서울 송파구 문정로5길 20,37.48921722,127.1290619
서울시교육청,송파구,서울문현초등학교,서울 송파구 충민로 137,37.48262068,127.1301269
서울시교육청,송파구,서울방산초등학교,서울 송파구 오금로27길 42,37.50958477,127.1211028
서울시교육청,송파구,서울방이초등학교,서울 송파구 위례성대로10길 4,37.51348493,127.1205028
서울시교육청,송파구,서울버들초등학교,서울 송파구 석촌호수로 81,37.51035567,127.0891088
서울시교육청,송파구,서울삼전초등학교,서울 송파구 백제고분로28길 19,37.50175009,127.0927311
서울시교육청,강동구,서울상일초등학교,서울 강동구 천호대로 1477,37.54722289,127.1721449
서울시교육청,송파구,서울석촌초등학교,서울 송파구 가락로11길 26,37.50291877,127.1045124
서울시교육청,강동구,서울선린초등학교,서울 강동구 진황도로61길 29,37.52964908,127.1459207
서울시교육청,강동구,서울선사초등학교,서울 강동구 올림픽로 837,37.55612255,127.1285887
서울시교육청,강동구,서울성내초등학교,서울 강동구 성내로3길 19,37.53139119,127.1225092
서울시교육청,강동구,서울성일초등학교,서울 강동구 성내로15길 33,37.52954318,127.1284933
서울시교육청,송파구,서울세륜초등학교,서울 송파구 양재대로 1264,37.51842947,127.1340351
서울시교육청,송파구,서울송례초등학교,서울 송파구 위례순환로 439,37.47774579,127.1384349
서울시교육청,송파구,서울송전초등학교,서울 송파구 석촌호수로 159,37.50859598,127.0949338
서울시교육청,송파구,서울송파초등학교,서울 송파구 백제고분로 400,37.50737814,127.1110921
서울시교육청,송파구,서울신가초등학교,서울 송파구 송이로 75,37.50034184,127.1197489
서울시교육청,강동구,서울신명초등학교,서울 강동구 명일로24길 33,37.54092807,127.1500116
서울시교육청,강동구,서울신암초등학교,서울 강동구 올림픽로93길 33-16,37.54952805,127.1244763
서울시교육청,송파구,서울신천초등학교,서울 송파구 올림픽로 215,37.51401273,127.0950402
서울시교육청,송파구,서울아주초등학교,서울 송파구 올림픽로4길 59,37.50584192,127.0757986
서울시교육청,송파구,서울영풍초등학교,서울 송파구 오금로57길 15,37.49622163,127.1431552
서울시교육청,송파구,서울오금초등학교,서울 송파구 위례성대로22길 11,37.50951587,127.1316078
서울시교육청,송파구,서울오륜초등학교,서울 송파구 양재대로 1196,37.51243196,127.1344225
서울시교육청,송파구,서울위례별초등학교,서울 송파구 위례광장로 243,37.47892751,127.1447864
서울시교육청,송파구,서울위례솔초등학교,서울 송파구 위례북로2길 12,37.48673,127.1507444
서울시교육청,송파구,서울잠동초등학교,서울 송파구 올림픽로35길 122,37.51834793,127.0999188
서울시교육청,송파구,서울잠신초등학교,서울 송파구 잠실로 32,37.51421281,127.0879868
서울시교육청,송파구,서울잠실초등학교,서울 송파구 올림픽로35길 20,37.52021173,127.1114142
서울시교육청,송파구,서울잠일초등학교,서울 송파구 올림픽로 95,37.51506446,127.0814228
서울시교육청,송파구,서울잠전초등학교,서울 송파구 올림픽로12길 51,37.50711195,127.0843412
서울시교육청,송파구,서울잠현초등학교,서울 송파구 올림픽로37길 109,37.52247765,127.1046347
서울시교육청,송파구,서울중대초등학교,서울 송파구 송파대로36길 8,37.49981095,127.1135643
서울시교육청,강동구,서울천동초등학교,서울 강동구 성안로 200,37.54077698,127.1379629
서울시교육청,강동구,서울천일초등학교,서울 강동구 구천면로 266,37.54426739,127.1333073
서울시교육청,강동구,서울천호초등학교,서울 강동구 구천면로 310-11,37.54739567,127.1364542
서울시교육청,송파구,서울토성초등학교,서울 송파구 풍성로20길 44,37.53179096,127.1156311
서울시교육청,송파구,서울평화초등학교,서울 송파구 송파대로26길 22,37.49160981,127.1227563
서울시교육청,송파구,서울풍납초등학교,서울 송파구 풍성로 43,37.53519421,127.1181844
서울시교육청,송파구,서울풍성초등학교,서울 송파구 강동대로2길 13,37.5262933,127.1135184
서울시교육청,강동구,서울한산초등학교,서울 강동구 풍성로 261,37.52848945,127.1415119
서울시교육청,송파구,서울해누리초등학교,서울 송파구 송파대로37길 95,37.49865247,127.1024913
서울시교육청,강서구,서울가곡초등학교,서울 강서구 공항대로36길 74,37.55562808,126.83593
서울시교육청,강서구,서울가양초등학교,서울 강서구 허준로 186,37.56201565,126.8585322
서울시교육청,양천구,서울갈산초등학교,서울 양천구 목동로 31,37.51198615,126.8697678
서울시교육청,양천구,서울강서초등학교,서울 양천구 오목로 31,37.52247099,126.840971
서울시교육청,양천구,강신초등학교,서울 양천구 월정로 280,37.54304642,126.8294783
서울시교육청,양천구,서울강월초등학교,서울 양천구 신월로 97,37.51644279,126.8340555
서울시교육청,강서구,서울개화초등학교,서울 강서구 양천로 11,37.57371196,126.8045699
서울시교육청,양천구,서울경인초등학교,서울 양천구 안양천로 1009,37.53307231,126.8863536
서울시교육청,양천구,서울계남초등학교,서울 양천구 목동동로2길 54,37.51017298,126.8600078
서울시교육청,강서구,서울공진초등학교,서울 강서구 마곡서로 33,37.55796597,126.8227103
서울시교육청,강서구,서울공항초등학교,서울 강서구 마곡서1로 68,37.56323597,126.8215637
서울시교육청,양천구,서울남명초등학교,서울 양천구 중앙로23길 3,37.51541993,126.8536591
서울시교육청,강서구,서울내발산초등학교,서울 강서구 강서로46길 23,37.55162676,126.8378943
서울시교육청,강서구,서울등마초등학교,서울 강서구 등촌로35길 12,37.54197294,126.8615551
서울시교육청,강서구,서울등명초등학교,서울 강서구 강서로56나길 34,37.56092028,126.8423607
서울시교육청,강서구,서울등서초등학교,서울 강서구 화곡로58길 86,37.55188333,126.85505
서울시교육청,강서구,서울등양초등학교,서울 강서구 강서로56나길 140,37.56503559,126.844747
서울시교육청,강서구,서울등원초등학교,서울 강서구 화곡로65길 90,37.56064189,126.8499806
서울시교육청,강서구,서울등촌초등학교,서울 강서구 등촌로39길 71,37.54763398,126.8578193
서울시교육청,강서구,서울등현초등학교,서울 강서구 화곡로65길 124,37.56137503,126.8476566
서울시교육청,양천구,서울목동초등학교,서울 양천구 목동동로12길 12,37.52278901,126.8720964
서울시교육청,양천구,서울목운초등학교,서울 양천구 목동동로 235,37.52684602,126.8735794
서울시교육청,양천구,서울목원초등학교,서울 양천구 목동중앙로 204,37.54294345,126.8824552
서울시교육청,강서구,서울발산초등학교,서울 강서구 강서로45길 113,37.5502656,126.8310032
서울시교육청,강서구,서울방화초등학교,서울 강서구 양천로6길 92,37.56888653,126.8069415
서울시교육청,강서구,서울백석초등학교,서울 강서구 공항대로 491,37.55354427,126.8621584
서울시교육청,강서구,서울삼정초등학교,서울 강서구 금낭화로 222,37.58055482,126.8105386
서울시교육청,양천구,서울서정초등학교,서울 양천구 목동로8길 19,37.52422826,126.8675066
서울시교육청,강서구,서울송정초등학교,서울 강서구 공항대로3길 18,37.56266201,126.8111182
서울시교육청,강서구,서울송화초등학교,서울 강서구 방화대로34길 2,37.5688457,126.8175229
서울시교육청,강서구,서울수명초등학교,서울 강서구 수명로1길 84,37.55278904,126.8240444
서울시교육청,양천구,서울신강초등학교,서울 양천구 중앙로55길 72,37.5260965,126.841547
서울시교육청,강서구,서울신곡초등학교,서울 강서구 등촌로13자길 42-14,37.5388774,126.8557722
서울시교육청,양천구,서울신기초등학교,서울 양천구 신정로 292,37.51135813,126.8543265
서울시교육청,양천구,서울신남초등학교,서울 양천구 남부순환로83길 44,37.51633975,126.844408
서울시교육청,양천구,서울신목초등학교,서울 양천구 신목로5길 11-6,37.51723313,126.8726545
서울시교육청,양천구,서울신서초등학교,서울 양천구 목동서로10길 35,37.52054443,126.8623096
서울시교육청,양천구,서울신원초등학교,서울 양천구 남부순환로58길 32,37.52956803,126.8298733
서울시교육청,강서구,서울신월초등학교,서울 강서구 강서로31길 48,37.54045986,126.8392616
서울시교육청,양천구,서울신은초등학교,서울 양천구 신정이펜2로 30,37.5139531,126.83199
서울시교육청,강서구,서울신정초등학교,서울 강서구 곰달래로31가길 27,37.53276474,126.8526285
서울시교육청,양천구,서울양강초등학교,서울 양천구 오목로 101,37.5243327,126.8479944
서울시교육청,양천구,서울양동초등학교,서울 양천구 오목로23길 24,37.52585414,126.851254
서울시교육청,양천구,서울양명초등학교,서울 양천구 중앙로 204,37.5160794,126.8565445
서울시교육청,양천구,서울양목초등학교,서울 양천구 목동로11길 30,37.5237675,126.8616985
서울시교육청,양천구,서울양원초등학교,서울 양천구 화곡로 16,37.53835783,126.8234899
서울시교육청,강서구,서울양천초등학교,서울 강서구 양천로 329,37.57036199,126.8398142
서울시교육청,양천구,서울양화초등학교,서울 양천구 목동중앙북로16길 57,37.54395661,126.8749898
서울시교육청,강서구,서울염경초등학교,서울 강서구 양천로69길 49,37.55512761,126.8711957
서울시교육청,강서구,서울염동초등학교,서울 강서구 양천로73길 17,37.55244759,126.8724316
서울시교육청,강서구,서울염창초등학교,서울 강서구 양천로 646-28,37.55313436,126.867709
서울시교육청,양천구,서울영도초등학교,서울 양천구 목동중앙로 70,37.53590114,126.8719665
서울시교육청,강서구,서울우장초등학교,서울 강서구 화곡로 263,37.54912208,126.846043
서울시교육청,강서구,서울월정초등학교,서울 강서구 월정로 176,37.53479007,126.836134
서울시교육청,양천구,서울월촌초등학교,서울 양천구 목동중앙로 132,37.54038572,126.8764781
서울시교육청,양천구,서울은정초등학교,서울 양천구 목동남로 85,37.51128397,126.8670771
서울시교육청,양천구,서울장수초등학교,서울 양천구 신정로13가길 30,37.51295482,126.8452034
서울시교육청,강서구,서울정곡초등학교,서울 강서구 방화대로50길 22,37.57693513,126.8188933
서울시교육청,양천구,서울정목초등학교,서울 양천구 목동중앙로3길 30-10,37.53722556,126.870267
서울시교육청,양천구,서울지향초등학교,서울 양천구 신정로11길 74,37.51312787,126.8372039
서울시교육청,강서구,서울치현초등학교,서울 강서구 방화대로47길 43,37.57592289,126.8145578
서울시교육청,강서구,서울탑산초등학교,서울 강서구 허준로 109,37.56709613,126.8524533
서울시교육청,강서구,서울화곡초등학교,서울 강서구 초록마을로 28,37.54305984,126.8457974
서울시교육청,강서구,서울화일초등학교,서울 강서구 까치산로10길 70,37.54072657,126.8474226
서울시교육청,강서구,유석초등학교,서울 강서구 화곡로69길 9,37.56081241,126.853756
서울시교육청,서초구,계성초등학교,서울 서초구 신반포로19길 23,37.50469128,126.9967338
서울시교육청,서초구,서울교육대학교 부설초등학교,서울 서초구 서초중앙로 96,37.4907247,127.0155502
서울시교육청,강남구,서울개일초등학교,서울 강남구 개포로 401,37.486239,127.0577737
서울시교육청,강남구,서울개포초등학교,서울 강남구 삼성로4길 30,37.48645838,127.0702612
서울시교육청,강남구,서울구룡초등학교,서울 강남구 개포로 263,37.48121059,127.0516781
서울시교육청,강남구,서울논현초등학교,서울 강남구 강남대로120길 33,37.50844741,127.0262171
서울시교육청,강남구,서울대곡초등학교,서울 강남구 남부순환로 3022,37.49467586,127.0650264
서울시교육청,강남구,서울대도초등학교,서울 강남구 선릉로 209,37.49292307,127.0530928
서울시교육청,강남구,서울대모초등학교,서울 강남구 광평로20길 27,37.4814319,127.0862208
서울시교육청,강남구,서울대왕초등학교,서울 강남구 헌릉로618길 8,37.46460871,127.10562
서울시교육청,강남구,서울대진초등학교,서울 강남구 개포로109길 74,37.49717623,127.0782777
서울시교육청,강남구,서울대청초등학교,서울 강남구 양재대로55길 28,37.49315465,127.0878083
서울시교육청,강남구,서울대치초등학교,서울 강남구 양재천로 363,37.49129689,127.0620383
서울시교육청,강남구,서울대현초등학교,서울 강남구 역삼로98길 16,37.50393887,127.0638085
서울시교육청,강남구,서울도곡초등학교,서울 강남구 선릉로64길 33,37.49949978,127.0544862
서울시교육청,강남구,서울도성초등학교,서울 강남구 역삼로 313,37.50119245,127.0490545
서울시교육청,서초구,서울매헌초등학교,서울 서초구 언남길 8,37.47116639,127.041922
서울시교육청,서초구,서울반원초등학교,서울 서초구 잠원로3길 28,37.51018379,127.0039406
서울시교육청,서초구,서울방배초등학교,서울 서초구 방배중앙로13길 26,37.48745978,126.9872049
서울시교육청,서초구,서울방일초등학교,서울 서초구 방배로18길 52,37.48551068,126.998313
서울시교육청,서초구,서울방현초등학교,서울 서초구 효령로4길 58,37.47630559,126.990309
서울시교육청,강남구,서울봉은초등학교,서울 강남구 학동로 610,37.52015129,127.0608721
서울시교육청,강남구,서울삼릉초등학교,서울 강남구 봉은사로63길 22,37.51312622,127.0469223
서울시교육청,서초구,서울서래초등학교,서울 서초구 방배로 260,37.49626824,126.9893339
서울시교육청,서초구,서울서원초등학교,서울 서초구 고무래로 63,37.50290273,127.0153898
서울시교육청,서초구,서울서이초등학교,서울 서초구 서운로 35,37.49159864,127.0260077
서울시교육청,서초구,서울서일초등학교,서울 서초구 남부순환로339길 38,37.48513917,127.0222969
서울시교육청,서초구,서울서초초등학교,서울 서초구 서운로 178,37.49955678,127.023907
서울시교육청,강남구,서울세명초등학교,서울 강남구 자곡로 55,37.46881422,127.0909496
서울시교육청,강남구,서울수서초등학교,서울 강남구 광평로51길 46,37.49102446,127.1015604
서울시교육청,강남구,서울신구초등학교,서울 강남구 압구정로18길 28,37.52348739,127.0242359
서울시교육청,서초구,서울신동초등학교,서울 서초구 나루터로 15,37.51690111,127.0121531
서울시교육청,서초구,서울신중초등학교,서울 서초구 남부순환로317길 15,37.48015112,127.0093433
서울시교육청,강남구,서울압구정초등학교,서울 강남구 압구정로39길 29,37.53176063,127.0309228
서울시교육청,서초구,서울양재초등학교,서울 서초구 바우뫼로18길 14,37.4741681,127.0318577
서울시교육청,강남구,서울양전초등학교,서울 강남구 개포로 513,37.49035212,127.0694371
서울시교육청,서초구,서울언남초등학교,서울 서초구 헌릉로8길 42,37.45398981,127.0617712
서울시교육청,강남구,서울언북초등학교,서울 강남구 삼성로135길 42,37.51984843,127.0450668
서울시교육청,강남구,서울언주초등학교,서울 강남구 남부순환로363길 19,37.48675196,127.0367793
서울시교육청,강남구,서울역삼초등학교,서울 강남구 강남대로66길 21,37.49316114,127.0326528
서울시교육청,강남구,서울영희초등학교,서울 강남구 일원로 21,37.49234495,127.0810725
서울시교육청,강남구,서울왕북초등학교,서울 강남구 광평로31길 74,37.48646684,127.0860728
서울시교육청,서초구,서울우면초등학교,서울 서초구 태봉로 59,37.46462291,127.0236924
서울시교육청,서초구,서울우솔초등학교,서울 서초구 양재대로2길 74,37.45717408,127.0196573
서울시교육청,서초구,서울우암초등학교,서울 서초구 바우뫼로7길 38,37.47213,127.0243098
서울시교육청,서초구,서울원명초등학교,서울 서초구 고무래로 90-6,37.50081219,127.0169184
서울시교육청,서초구,서울원촌초등학교,서울 서초구 사평대로45길 26,37.50610342,127.0126942
서울시교육청,강남구,서울율현초등학교,서울 강남구 밤고개로21길 15,37.4744904,127.1082714
서울시교육청,서초구,서울이수초등학교,서울 서초구 방배천로4길 23,37.4784674,126.984588
서울시교육청,강남구,서울일원초등학교,서울 강남구 영동대로4길 20,37.48982181,127.0761352
서울시교육청,강남구,서울자곡초등학교,서울 강남구 자곡로 150,37.47229233,127.0996268
서울시교육청,서초구,서울잠원초등학교,서울 서초구 신반포로16길 15-25,37.50197387,126.9979281
서울시교육청,강남구,서울청담초등학교,서울 강남구 압구정로71길 9,37.52830701,127.0451534
서울시교육청,강남구,서울포이초등학교,서울 강남구 개포로22길 87,37.47605635,127.0527236
서울시교육청,강남구,서울학동초등학교,서울 강남구 선릉로115길 42,37.51252704,127.0395925
서울시교육청,동작구,서울강남초등학교,서울 동작구 강남초등길 15,37.50626764,126.9527382
서울시교육청,관악구,서울관악초등학교,서울 관악구 청룡4길 49,37.48064952,126.9430085
서울시교육청,관악구,서울구암초등학교,서울 관악구 구암길 1,37.48950641,126.9468372
서울시교육청,관악구,서울난곡초등학교,서울 관악구 난곡로35길 102,37.46928474,126.9166419
서울시교육청,관악구,서울난우초등학교,서울 관악구 난우길 40,37.47728285,126.9177047
서울시교육청,관악구,서울난향초등학교,서울 관악구 난향길 9,37.46233683,126.9176262
서울시교육청,관악구,서울남부초등학교,서울 관악구 남부순환로163길 14,37.48517145,126.9220921
서울시교육청,동작구,서울남사초등학교,서울 동작구 동작대로13길 22,37.48271568,126.9789023
서울시교육청,동작구,서울남성초등학교,서울 동작구 사당로23길 57-14,37.48447025,126.9758129
서울시교육청,동작구,서울노량진초등학교,서울 동작구 장승배기로 160,37.51175118,126.9408087
서울시교육청,관악구,서울당곡초등학교,서울 관악구 보라매로2길 23,37.49031196,126.9296854
서울시교육청,동작구,서울대림초등학교,서울 동작구 대방동1길 22,37.50061323,126.9253829
서울시교육청,동작구,서울동작초등학교,서울 동작구 동작대로29길 214,37.49420233,126.9772696
서울시교육청,동작구,서울문창초등학교,서울 동작구 신대방2길 14,37.48885796,126.9137141
서울시교육청,관악구,서울미성초등학교,서울 관악구 문성로 79,37.47824865,126.9125709
서울시교육청,동작구,서울보라매초등학교,서울 동작구 여의대방로16길 30,37.49591455,126.9160785
서울시교육청,동작구,서울본동초등학교,서울 동작구 노량진로26길 16-40,37.51001977,126.9536044
서울시교육청,관악구,서울봉천초등학교,서울 관악구 행운1라길 17,37.48329042,126.9581978
서울시교육청,관악구,서울봉현초등학교,서울 관악구 성현로 117,37.49106687,126.9553304
서울시교육청,관악구,서울사당초등학교,서울 관악구 남현4길 51,37.47354239,126.9738493
서울시교육청,관악구,서울삼성초등학교,서울 관악구 대학7길 52,37.46792636,126.9411643
서울시교육청,동작구,서울삼일초등학교,서울 동작구 사당로23나길 27,37.48825796,126.9751649
서울시교육청,동작구,서울상도초등학교,서울 동작구 성대로21길 62,37.50002189,126.9373031
서울시교육청,관악구,서울상현초등학교,서울 동작구 상도로58길 21,37.49492575,126.952682
서울시교육청,동작구,서울신길초등학교,서울 동작구 알마타길 16,37.51043152,126.9268797
서울시교육청,동작구,서울신남성초등학교,서울 동작구 사당로 146,37.48895819,126.9650559
서울시교육청,관악구,서울신림초등학교,서울 관악구 문성로28길 31,37.47711272,126.9275859
서울시교육청,관악구,서울신봉초등학교,서울 관악구 양녕로6나길 1,37.48540245,126.9491738
서울시교육청,동작구,서울신상도초등학교,서울 동작구 장승배기로 14,37.50032445,126.9441199
서울시교육청,관악구,서울신성초등학교,서울 관악구 신림로 114,37.4718455,126.9371729
서울시교육청,관악구,서울신우초등학교,서울 관악구 호암로 498,37.46286902,126.9327947
서울시교육청,동작구,서울영본초등학교,서울 동작구 만양로12가길 69,37.51074568,126.9485482
서울시교육청,동작구,서울영화초등학교,서울 동작구 등용로8길 3,37.50911602,126.932889
서울시교육청,관악구,서울원당초등학교,서울 관악구 봉천로 505,37.48137966,126.9564758
서울시교육청,동작구,서울원신초등학교,서울 관악구 광신길 177,37.46715445,126.9270801
서울시교육청,동작구,서울은로초등학교,서울 동작구 서달로 115,37.5032718,126.9600731
서울시교육청,관악구,서울은천초등학교,서울 관악구 은천로 69,37.48686642,126.9428817
서울시교육청,관악구,서울인헌초등학교,서울 관악구 낙성대로 23,37.47669929,126.9600782
서울시교육청,관악구,서울조원초등학교,서울 관악구 조원로 67,37.48424353,126.9096061
서울시교육청,관악구,서울청룡초등학교,서울 관악구 관악로5길 61,37.47580577,126.9512289
서울시교육청,동작구,서울행림초등학교,서울 동작구 솔밭로 47,37.48304022,126.9645736
서울시교육청,동작구,서울흑석초등학교,서울 동작구 현충로 87,37.50843079,126.9652504
서울시교육청,동작구,중앙대학교 사범대학 부속초등학교,서울 동작구 서달로 135,37.50529001,126.9599318
서울시교육청,광진구,경복초등학교,서울 광진구 천호대로130길 58,37.54981763,127.0868201
서울시교육청,성동구,서울경동초등학교,서울 성동구 성수일로 34,37.54333721,127.0503268
서울시교육청,성동구,서울경수초등학교,서울 성동구 뚝섬로13길 22,37.54035662,127.0583314
서울시교육청,성동구,서울경일초등학교,서울 성동구 뚝섬로 332,37.54071116,127.0472609
서울시교육청,광진구,서울광남초등학교,서울 광진구 아차산로70길 35,37.54095878,127.1007138
서울시교육청,광진구,서울광장초등학교,서울 광진구 광장로1길 27,37.54864222,127.101041
서울시교육청,광진구,서울광진초등학교,서울 광진구 자양로40길 41,37.54758326,127.0914435
서울시교육청,광진구,서울구남초등학교,서울 광진구 구의강변로 69,37.53718868,127.0922817
서울시교육청,광진구,서울구의초등학교,서울 광진구 광나루로30길 49,37.54304677,127.0802357
서울시교육청,성동구,서울금북초등학교,서울 성동구 행당로1길 13,37.5573399,127.0234954
서울시교육청,성동구,서울금옥초등학교,서울 성동구 독서당로 251,37.54629831,127.0174854
서울시교육청,성동구,서울금호초등학교,서울 성동구 무수막길 69,37.55244638,127.0196823
서울시교육청,성동구,서울동명초등학교,서울 성동구 마장로29길 29,37.56887324,127.0355836
서울시교육청,광진구,서울동의초등학교,서울 광진구 영화사로 111,37.55341185,127.0992186
서울시교육청,광진구,서울동자초등학교,서울 광진구 뚝섬로 561,37.53479125,127.0727617
서울시교육청,성동구,서울동호초등학교,서울 성동구 매봉길 49-35,37.54658929,127.0101731
서울시교육청,성동구,서울마장초등학교,서울 성동구 마장로35나길 31,37.56803475,127.0427188
서울시교육청,성동구,서울무학초등학교,서울 성동구 무학봉15길 21,37.56326122,127.0296781
서울시교육청,성동구,서울사근초등학교,서울 성동구 사근동11길 16,37.56298364,127.0477368
서울시교육청,성동구,서울성수초등학교,서울 성동구 아차산로17길 21,37.5444447,127.0631188
서울시교육청,광진구,서울성자초등학교,서울 광진구 뚝섬로56길 7,37.53134258,127.083133
서울시교육청,성동구,서울송원초등학교,서울 성동구 동일로43길 9,37.55409971,127.0696818
서울시교육청,성동구,서울숭신초등학교,서울 성동구 마장로 161,37.56774003,127.0279629
서울시교육청,광진구,서울신양초등학교,서울 광진구 능동로 42,37.53484013,127.0693788
서울시교육청,광진구,서울신자초등학교,서울 광진구 뚝섬로46길 64,37.53026646,127.0755608
서울시교육청,광진구,서울양남초등학교,서울 광진구 뚝섬로64길 71,37.53106034,127.089595
서울시교육청,광진구,서울양진초등학교,서울 광진구 워커힐로 32,37.5442657,127.0982832
서울시교육청,성동구,서울옥수초등학교,서울 성동구 금호로1길 25,37.54613177,127.0220174
서울시교육청,성동구,서울옥정초등학교,서울 성동구 한림말길 43,37.54200983,127.0155608
서울시교육청,광진구,서울용곡초등학교,서울 광진구 용마산로22길 82,37.56707852,127.0885821
서울시교육청,성동구,서울용답초등학교,서울 성동구 용답25길 1,37.56070696,127.0537113
서울시교육청,광진구,서울용마초등학교,서울 광진구 천호대로113길 10,37.5582608,127.0844373
서울시교육청,성동구,서울응봉초등학교,서울 성동구 독서당로62길 28,37.55025194,127.0338546
서울시교육청,광진구,서울자양초등학교,서울 광진구 아차산로44길 26,37.5370213,127.0796182
서울시교육청,광진구,서울장안초등학교,서울 광진구 군자로 74,37.55016984,127.0722221
서울시교육청,광진구,서울중광초등학교,서울 광진구 긴고랑로13길 59,37.5652232,127.0826036
서울시교육청,광진구,서울중마초등학교,서울 광진구 동일로72길 43,37.56610878,127.0801246
서울시교육청,성동구,서울행당초등학교,서울 성동구 고산자로8길 6,37.55654789,127.0346361
서울시교육청,성동구,서울행현초등학교,서울 성동구 행당로 95,37.55771339,127.0294214
서울시교육청,성동구,한양초등학교,서울 성동구 살곶이길 208,37.55755854,127.0503907
서울시교육청,광진구,성동초등학교,서울 광진구 자양로4길 63,37.53314712,127.0895116
서울시교육청,광진구,세종초등학교,서울 광진구 군자로 114,37.55301659,127.0728677
서울시교육청,성북구,서울개운초등학교,서울 성북구 정릉로48길 52,37.60197069,127.0274412
서울시교육청,성북구,서울길원초등학교,서울 성북구 길음로15길 55,37.60906528,127.0167979
서울시교육청,성북구,서울길음초등학교,서울 성북구 길음로 142,37.61380086,127.0169077
서울시교육청,성북구,서울돈암초등학교,서울 성북구 동소문로13길 38,37.5934426,127.0128087
서울시교육청,성북구,서울동신초등학교,서울 성북구 보문사길 50,37.58270047,127.0167331
서울시교육청,성북구,서울미아초등학교,서울 성북구 삼양로 77,37.61086286,127.0216367
서울시교육청,강북구,서울미양초등학교,서울 강북구 솔샘로 195,37.62124344,127.013697
서울시교육청,강북구,서울번동초등학교,서울 강북구 오현로 204,37.62931737,127.0403885
서울시교육청,강북구,서울삼각산초등학교,서울 강북구 삼양로19길 141,37.61619057,127.0147426
서울시교육청,성북구,서울삼선초등학교,서울 성북구 보문로29길 106,37.58642214,127.01211
서울시교육청,강북구,서울삼양초등학교,서울 강북구 삼양로49길 17,37.62379475,127.0159856
서울시교육청,성북구,서울석계초등학교,서울 성북구 한천로58길 273,37.60857371,127.0698051
서울시교육청,성북구,서울석관초등학교,서울 성북구 돌곶이로22길 21,37.61106629,127.0590797
서울시교육청,성북구,서울성북초등학교,서울 성북구 성북로 102-10,37.59389377,126.9981113
서울시교육청,강북구,서울송중초등학교,서울 강북구 오현로 9,37.61714951,127.031606
서울시교육청,강북구,서울송천초등학교,서울 강북구 삼양로20길 29,37.61594768,127.0235093
서울시교육청,강북구,서울수송초등학교,서울 강북구 한천로124길 14,37.63745359,127.0336403
서울시교육청,강북구,서울수유초등학교,서울 강북구 삼양로74길 39,37.63096595,127.0202332
서울시교육청,성북구,서울숭곡초등학교,서울 성북구 종암로40길 30,37.60847086,127.0327983
서울시교육청,성북구,서울숭덕초등학교,서울 성북구 정릉로 279,37.60453906,127.014079
서울시교육청,성북구,서울숭례초등학교,서울 성북구 종암로5길 14,37.5949591,127.0345769
서울시교육청,성북구,서울숭인초등학교,서울 성북구 오패산로16길 37,37.60909986,127.038425
서울시교육청,성북구,서울안암초등학교,서울 성북구 고려대로7가길 39,37.58751984,127.0224361
서울시교육청,강북구,서울오현초등학교,서울 강북구 월계로 221,37.62346588,127.0465883
서울시교육청,강북구,서울우이초등학교,서울 강북구 삼양로99길 36,37.63873328,127.0145794
서울시교육청,성북구,서울월곡초등학교,서울 성북구 장월로3길 42,37.61000527,127.0461858
서울시교육청,강북구,서울유현초등학교,서울 강북구 인수봉로37길 24,37.63165548,127.0114467
서울시교육청,강북구,서울인수초등학교,서울 강북구 인수봉로 269,37.64289993,127.0096809
서울시교육청,성북구,서울일신초등학교,서울 성북구 월곡로 74,37.59890002,127.0403222
서울시교육청,성북구,서울장곡초등학교,서울 성북구 장월로23길 16,37.61688436,127.0483466
서울시교육청,성북구,서울장월초등학교,서울 성북구 한천로101길 66,37.62208166,127.0473622
서울시교육청,성북구,서울장위초등학교,서울 성북구 장월로8가길 41,37.61208139,127.0500152
서울시교육청,성북구,서울정덕초등학교,서울 성북구 아리랑로 63,37.5977763,127.0134481
서울시교육청,성북구,서울정릉초등학교,서울 성북구 솔샘로25가길 8,37.61991065,127.0052966
서울시교육청,성북구,서울정수초등학교,서울 성북구 정릉로24길 58,37.60389543,127.0078865
서울시교육청,성북구,서울청덕초등학교,서울 성북구 정릉로9라길 11,37.61204694,127.0003307
서울시교육청,강북구,서울화계초등학교,서울 강북구 솔매로50가길 25,37.62421391,127.029067
서울시교육청,성북구,광운초등학교,서울 성북구 한천로 694,37.61898965,127.0552212
서울시교육청,성북구,대광초등학교,서울 성북구 안암로 5,37.57901061,127.0236924
서울시교육청,성북구,매원초등학교,서울 성북구 북악산로 870,37.59809357,127.0190964
서울시교육청,성북구,성신초등학교,서울 성북구 북악산로 918,37.59406812,127.0231401
서울시교육청,강북구,영훈초등학교,서울 강북구 도봉로13가길 19,37.61323115,127.0279007
서울시교육청,성북구,우촌초등학교,서울 성북구 성북로4길 52-1,37.59560872,127.0114412
인천교육청,미추홀구,인천문학초등학교,인천 미추홀구 매소홀로 553,37.43953251,126.6824247
인천교육청,미추홀구,인천주안초등학교,인천 미추홀구 남주길69번길 16,37.45433642,126.6739354
인천교육청,미추홀구,인천숭의초등학교,인천 미추홀구 장천로 99,37.46357697,126.6548331
인천교육청,미추홀구,인천학익초등학교,인천 미추홀구 한나루로403번길 122,37.44669371,126.6591237
인천교육청,중구,인천신흥초등학교,인천 중구 제물량로 134,37.47058046,126.6289544
인천교육청,미추홀구,인천도화초등학교,인천 미추홀구 경인로 242,37.46316734,126.6678384
인천교육청,미추홀구,인천용현초등학교,인천 미추홀구 낙섬동로 83,37.45333509,126.6417746
인천교육청,중구,인천송월초등학교,인천 중구 자유공원로 106-8,37.47873324,126.6245456
인천교육청,중구,인천신광초등학교,인천 중구 인중로 63,37.46428534,126.6350985
인천교육청,미추홀구,인천용일초등학교,인천 미추홀구 인주대로 244,37.45299425,126.6631321
인천교육청,미추홀구,인천서화초등학교,인천 미추홀구 송림로 250,37.47391315,126.6609988
인천교육청,미추홀구,인천석암초등학교,인천 미추홀구 주안동로 46,37.4622818,126.6866961
인천교육청,미추홀구,인천용정초등학교,인천 미추홀구 독정안길 26,37.4593998,126.6572757
인천교육청,미추홀구,인천남부초등학교,인천 미추홀구 인주대로366번길 22,37.4506959,126.6763968
인천교육청,옹진군,인천남부초등학교이작분교장,인천 옹진군 자월면 대이작로 60,37.17676235,126.2527598
인천교육청,미추홀구,인천주안북초등학교,인천 미추홀구 석정로375번길 14,37.46814809,126.6782523
인천교육청,미추홀구,인천연학초등학교,인천 미추홀구 주승로 20,37.44358362,126.6719299
인천교육청,미추홀구,인천주안남초등학교,인천 미추홀구 인주대로434번길 11,37.45001027,126.6854228
인천교육청,미추홀구,인천용현남초등학교,인천 미추홀구 매소홀로 133,37.44774501,126.6417018
인천교육청,옹진군,용현남초등학교자월분교장,인천 옹진군 자월면 자월서로 177,37.2530353,126.3066329
인천교육청,미추홀구,인천관교초등학교,인천 미추홀구 인하로 414,37.44625248,126.6927389
인천교육청,중구,인천연안초등학교,인천 중구 연안부두로33번길 53,37.45368428,126.6076004
인천교육청,중구,인천영종초등학교,인천 중구 하늘달빛로 133,37.48869528,126.553715
인천교육청,중구,인천영종초등학교금산분교장,인천 중구 백운로414번길 63-50,"37.5134188796778""",126.521452
인천교육청,미추홀구,인천대화초등학교,인천 미추홀구 석정로301번길 13,37.46901863,126.6685315
인천교육청,중구,인천운서초등학교,인천 중구 운서2로 57,37.48395193,126.5121152
인천교육청,중구,인천용유초등학교,인천 중구 남북로87번길 4,37.44821637,126.4123197
인천교육청,미추홀구,인천백학초등학교,인천 미추홀구 매소홀로446번길 25,37.43883093,126.6723077
인천교육청,미추홀구,인천승학초등학교,인천 미추홀구 주승로 259,37.44033636,126.6961937
인천교육청,동구,인천만석초등학교,인천 동구 제물량로 412,37.48425309,126.6286301
인천교육청,동구,인천서림초등학교,인천 동구 금곡로 105,37.47573007,126.6464114
인천교육청,동구,인천서흥초등학교,인천 동구 샛골로 189,37.4794004,126.6444857
인천교육청,동구,인천송림초등학교,인천 동구 화도진로 10,37.47435997,126.6375965
인천교육청,동구,인천송현초등학교,인천 동구 송화로 45,37.48196183,126.6335337
인천교육청,동구,인천창영초등학교,인천 동구 우각로15번길 16,37.47184926,126.6394931
인천교육청,미추홀구,인천인주초등학교,인천 미추홀구 매소홀로475번길 53,37.44238844,126.673725
인천교육청,옹진군,연평초중고등학교,인천 옹진군 연평면 연평로137번길 101,37.66406539,125.7012286
인천교육청,옹진군,백령초등학교,인천 옹진군 백령면 백령로316번길 91,37.97597703,124.715827
인천교육청,옹진군,북포초등학교,인천 옹진군 백령면 가을길 117,37.95875763,124.6610018
인천교육청,옹진군,대청초등학교,인천 옹진군 대청면 대청로244번길 110,37.83284689,124.6961331
인천교육청,옹진군,덕적초등학교,인천 옹진군 덕적면 덕적남로 15,37.22582441,126.1482685
인천교육청,옹진군,영흥초등학교,인천 옹진군 영흥면 영흥로 440-8,37.25476431,126.4674988
인천교육청,중구,인천신선초등학교,인천 중구 축항대로291번길 33,37.45136984,126.6274445
인천교육청,중구,인천공항초등학교,인천 중구 신도시남로 43,37.49188592,126.4861375
인천교육청,옹진군,인천공항초등학교신도분교장,인천 옹진군 북도면 신도로896번길 18-31 ,37.52007825,126.4427803
인천교육청,중구,인천삼목초등학교,인천 중구 신도시북로 42,37.49828688,126.4862022
인천교육청,옹진군,인천삼목초등학교장봉분교장,인천 옹진군 북도면 장봉로 553,37.5339125,126.3376011
인천교육청,미추홀구,인천학산초등학교,인천 미추홀구 한나루로357번길 66,37.43995861,126.6581734
인천교육청,미추홀구,인천경원초등학교,인천 미추홀구 경인로 511,37.46127081,126.6956388
인천교육청,중구,인천운남초등학교,인천 중구 운남서로 38,37.49051223,126.5301508
인천교육청,중구,인천하늘초등학교,인천 중구 은하수로 294,37.49782,126.5578652
인천교육청,미추홀구,인천용학초등학교,인천 미추홀구 용정공원로83번길 9,37.44651944,126.6437226
인천교육청,중구,인천중산초등학교,인천 중구 두미포로 100,37.49472295,126.5655538
인천교육청,중구,인천별빛초등학교,인천 중구 은하수로 402,37.49073398,126.5507912
인천교육청,중구,인성초등학교,인천 중구 신포로39번길 42,37.47378242,126.6243239
인천교육청,동구,인천동명초등학교,인천 동구 송림로70번길 10,37.47452085,126.642198
인천교육청,동구,영화초등학교,인천 동구 우각로 39,37.47154665,126.6401276
인천교육청,부평구,인천부평동초등학교,인천 부평구 부평대로88번길 19,37.49992487,126.7238809
인천교육청,부평구,인천부평서초등학교,인천 부평구 부평문화로53번길 19,37.49459917,126.7216344
인천교육청,부평구,인천산곡초등학교,인천 부평구 길주로354번길 39,37.50750803,126.7017758
인천교육청,부평구,인천부개초등학교,인천 부평구 마분로 9,37.48566769,126.7382704
인천교육청,부평구,인천부평남초등학교,인천 부평구 경인로911번길 28,37.48861445,126.7203857
인천교육청,부평구,인천부흥초등학교,인천 부평구 부흥로366번길 34,37.49623033,126.7315164
인천교육청,부평구,인천동암초등학교,인천 부평구 동암남로35번길 4,37.4719318,126.7071535
인천교육청,부평구,인천부평북초등학교,인천 부평구 주부토로 292,37.52060712,126.7296146
인천교육청,부평구,인천청천초등학교,인천 부평구 산청로127번길 10,37.52044069,126.7009415
인천교육청,부평구,인천신촌초등학교,인천 부평구 경원대로 1215,37.48685151,126.7067696
인천교육청,부평구,인천부원초등학교,인천 부평구 원적로472번길 29,37.5021779,126.7195118
인천교육청,부평구,인천부개서초등학교,인천 부평구 부일로 39,37.48994607,126.735216
인천교육청,부평구,인천부광초등학교,인천 부평구 충선로 104,37.4990892,126.7367127
인천교육청,부평구,인천산곡북초등학교,인천 부평구 산청로 18,37.51129314,126.7021362
인천교육청,부평구,인천십정초등학교,인천 부평구 배곶북로 10-6,37.47455728,126.6978279
인천교육청,부평구,인천일신초등학교,인천 부평구 항동로75번길 36,37.4836482,126.7426282
인천교육청,부평구,인천산곡남초등학교,인천 부평구 부흥로144번길 30,37.49738957,126.706733
인천교육청,부평구,인천삼산초등학교,인천 부평구 후정동로 44,37.5213236,126.7389106
인천교육청,부평구,인천대정초등학교,인천 부평구 안남로 115,37.49382414,126.7092211
인천교육청,부평구,인천상정초등학교,인천 부평구 상정로 50,37.47969252,126.6990463
인천교육청,부평구,인천마곡초등학교,인천 부평구 마곡로27번길 16,37.51189173,126.6980032
인천교육청,부평구,인천하정초등학교,인천 부평구 이규보로 14,37.47535414,126.7008047
인천교육청,부평구,인천동수초등학교,인천 부평구 동수로120번길 10,37.48422432,126.7310664
인천교육청,부평구,인천개흥초등학교,인천 부평구 길주남로65번길 11,37.50529435,126.7283308
인천교육청,부평구,인천갈산초등학교,인천 부평구 갈월동로 55,37.51252404,126.7283498
인천교육청,부평구,인천부곡초등학교,인천 부평구 마장로272번길 73,37.50344436,126.7067545
인천교육청,부평구,인천구산초등학교,인천 부평구 부개로 93,37.50617216,126.7396352
인천교육청,부평구,인천마장초등학교,인천 부평구 안남로 266,37.50680333,126.7096865
인천교육청,부평구,인천부내초등학교,인천 부평구 수변로 129,37.49813099,126.7418185
인천교육청,부평구,인천부일초등학교,인천 부평구 부흥북로 175,37.50118258,126.7413557
인천교육청,부평구,인천용마초등학교,인천 부평구 세월천로30번길 58,37.51587551,126.7071312
인천교육청,부평구,인천부마초등학교,인천 부평구 안남로253번길 41,37.50639772,126.7059784
인천교육청,부평구,인천한길초등학교,인천 부평구 영성중로 32,37.51918731,126.7459223
인천교육청,부평구,인천백운초등학교,인천 부평구 아트센터로 130,37.48004605,126.7048923
인천교육청,부평구,인천갈월초등학교,인천 부평구 주부토로 165,37.51021394,126.7252636
인천교육청,부평구,인천미산초등학교,인천 부평구 원적로 391,37.50441804,126.7099174
인천교육청,부평구,인천후정초등학교,인천 부평구 영성서로 56,37.52329074,126.7435509
인천교육청,부평구,인천굴포초등학교,인천 부평구 충선로234번길 19,37.51086782,126.7370333
인천교육청,부평구,인천진산초등학교,인천 부평구 굴포로 194-10,37.51302243,126.7416632
인천교육청,부평구,인천영선초등학교,인천 부평구 충선로 293,37.51517942,126.7343487
인천교육청,부평구,인천금마초등학교,인천 부평구 일신로 88,37.47863871,126.7493836
인천교육청,부평구,한일초등학교,인천 부평구 원적로 247,37.50573944,126.6937076
인천교육청,남동구,인천만수초등학교,인천 남동구 소래로 652,37.44756504,126.7346829
인천교육청,남동구,인천논현초등학교,인천 남동구 소래역로 102,37.40534602,126.7310188
인천교육청,연수구,인천송도초등학교,인천 연수구 비류대로214번길 21,37.42654217,126.6586683
인천교육청,남동구,인천구월초등학교,인천 남동구 인주대로721번길 49,37.45191707,126.7168832
인천교육청,연수구,인천중앙초등학교,인천 연수구 새말로 153,37.41733056,126.6861063
인천교육청,남동구,인천간석초등학교,인천 남동구 석산로208번길 37,37.45879246,126.7164142
인천교육청,남동구,인천도림초등학교,인천 남동구 논고개로334번길 21,37.41928823,126.7317552
인천교육청,연수구,인천동춘초등학교,인천 연수구 앵고개로 224,37.40968563,126.6686756
인천교육청,남동구,인천주원초등학교,인천 남동구 주안로259번길 28,37.46489444,126.7004892
인천교육청,남동구,인천동부초등학교,인천 남동구 만수서로33번길 25,37.4629165,126.7275754
인천교육청,남동구,인천석천초등학교,인천 남동구 남동대로 828,37.45641148,126.7095288
인천교육청,남동구,인천구월서초등학교,인천 남동구 문화서로77번길 14,37.4530683,126.6957478
인천교육청,남동구,인천만수북초등학교,인천 남동구 백범로180번길 25,37.45978447,126.7290878
인천교육청,남동구,인천약산초등학교,인천 남동구 간석로26번길 10,37.46774793,126.7102445
인천교육청,남동구,인천조동초등학교,인천 남동구 백범로124번길 164,37.46091177,126.7399798
인천교육청,남동구,상인천초등학교,인천 남동구 석산로141번길 29,37.46199869,126.7069933
인천교육청,남동구,인천인수초등학교,인천 남동구 인수로 3,37.45414338,126.7363177
인천교육청,남동구,인천만월초등학교,인천 남동구 선수촌로 28,37.44189824,126.7155548
인천교육청,남동구,인천석정초등학교,인천 남동구 석정로539번길 32,37.46756158,126.6963142
인천교육청,남동구,인천장수초등학교,인천 남동구 담방로 121,37.4503556,126.7416528
인천교육청,연수구,인천연수초등학교,인천 연수구 원인재로 324,37.42269695,126.6943399
인천교육청,남동구,인천남동초등학교,인천 남동구 장승남로33번길 10,37.44469713,126.7367
인천교육청,연수구,인천선학초등학교,인천 연수구 선학로 67,37.42406382,126.7003356
인천교육청,연수구,인천문남초등학교,인천 연수구 먼우금로 273,37.42105037,126.6795475
인천교육청,연수구,인천연성초등학교,인천 연수구 원인재로 116,37.40900853,126.6793006
인천교육청,연수구,인천동막초등학교,인천 연수구 원인재로 36,37.40309563,126.674528
인천교육청,남동구,인천담방초등학교,인천 남동구 매소홀로 1027,37.44043723,126.7367421
인천교육청,연수구,인천청학초등학교,인천 연수구 함박뫼로 25,37.4201875,126.6711293
인천교육청,연수구,인천연화초등학교,인천 연수구 원인재로 150,37.41127866,126.6818076
인천교육청,연수구,인천청량초등학교,인천 연수구 먼우금로 158,37.41189002,126.6746978
인천교육청,연수구,인천옥련초등학교,인천 연수구 한진로 30,37.42529149,126.6487998
인천교육청,연수구,인천서면초등학교,인천 연수구 먼우금로 54,37.4038277,126.6707841
인천교육청,연수구,인천능허대초등학교,인천 연수구 한진로 12,37.42415623,126.6488051
인천교육청,연수구,인천함박초등학교,인천 연수구 함박뫼로 87,37.42419371,126.677121
인천교육청,남동구,인천성리초등학교,인천 남동구 성리로 32-2,37.44591786,126.7100756
인천교육청,남동구,인천논곡초등학교,인천 남동구 함박뫼로 429,37.41068903,126.7104102
인천교육청,남동구,인천인동초등학교,인천 남동구 백범로248번길 38,37.46284345,126.7225118
인천교육청,연수구,인천축현초등학교,인천 연수구 청량로 176,37.4226988,126.654447
인천교육청,남동구,인천소래초등학교,인천 남동구 장도로 2,37.40432313,126.7345011
인천교육청,남동구,인천남촌초등학교,인천 남동구 남촌로 101,37.42969999,126.7131797
인천교육청,남동구,인천신월초등학교,인천 남동구 인주대로776번길 14,37.44765144,126.7236302
인천교육청,남동구,인천새말초등학교,인천 남동구 만수로50번길 12,37.45985569,126.7334656
인천교육청,남동구,인천서창초등학교,인천 남동구 장아산로174번길 8,37.43598261,126.750014
인천교육청,연수구,인천먼우금초등학교,인천 연수구 해돋이로84번길 33,37.39322021,126.6541216
인천교육청,연수구,인천신송초등학교,인천 연수구 해돋이로56번길 28,37.39051293,126.6576211
인천교육청,남동구,인천장도초등학교,인천 남동구 포구로 112,37.40775132,126.7332195
인천교육청,남동구,인천동방중학교,인천 남동구 논현역로 41,37.404439,126.7191356
인천교육청,남동구,인천은봉초등학교,인천 남동구 은봉로312번길 11,37.40544055,126.725109
인천교육청,남동구,인천정각초등학교,인천 남동구 구월로 228,37.45575277,126.7157973
인천교육청,연수구,인천해송초등학교,인천 연수구 인천타워대로54번길 46,37.38086176,126.6492013
인천교육청,남동구,인천상아초등학교,인천 남동구 석산로184번길 66,37.4577149,126.7119651
인천교육청,남동구,인천고잔초등학교,인천 남동구 아암대로1503번길 48,37.39306454,126.728393
인천교육청,연수구,인천신정초등학교,인천 연수구 아트센터대로97번길 72,37.39754989,126.6447959
인천교육청,남동구,인천원동초등학교,인천 남동구 논고개로 38,37.39688632,126.7306063
인천교육청,남동구,인천사리울초등학교,인천 남동구 아암대로1437번길 50,37.3884982,126.7237391
인천교육청,남동구,인천송천초등학교,인천 남동구 앵고개로815번길 45,37.39543705,126.7226249
인천교육청,연수구,인천명선초등학교,인천 연수구 컨벤시아대로42번길 64,37.40256422,126.6475641
인천교육청,남동구,인천한빛초등학교,인천 남동구 서창남순환로 190-28,37.42428557,126.7440878
인천교육청,연수구,인천송원초등학교,인천 연수구 송도과학로51번길 60,37.38597013,126.6695474
인천교육청,연수구,인천송명초등학교,인천 연수구 송도교육로 19,37.37418208,126.6561148
인천교육청,남동구,인천장서초등학교,인천 남동구 서창남순환로 109,37.42930134,126.7452548
인천교육청,연수구,인천송일초등학교,인천 연수구 컨벤시아대로252번길 15,37.38405993,126.6353521
인천교육청,연수구,인천연송초등학교,인천 연수구 해돋이로 248,37.40005196,126.6391236
인천교육청,연수구,인천첨단초등학교,인천 연수구 송도교육로 20,37.37306151,126.6549819
인천교육청,연수구,인천예송초등학교,인천 연수구 컨벤시아대로252번길 75,37.38747891,126.6302948
인천교육청,연수구,인천미송초등학교,인천 연수구 아카데미로 667,37.41473748,126.6134291
인천교육청,남동구,인천장아초등학교,인천 남동구 서창방산로 93,37.4245114,126.75369
인천교육청,연수구,인천은송초등학교,인천 연수구 센트럴로 460,37.41384063,126.629649
인천교육청,연수구,인천새봄초등학교,인천 연수구 앵고개로104번길 34,37.40983308,126.65781
인천교육청,연수구,인천현송초등학교,인천 연수구 아카데미로312번길 96,37.39379959,126.6203531
인천교육청,연수구,인천송담초등학교,인천 연수구 아카데미로 627,37.41028652,126.6148255
인천교육청,연수구,인천박문초등학교,인천 연수구 봉재산로 138-22,37.40316386,126.6654019
인천교육청,계양구 ,경인교육대학교 부설초등학교,인천 계양구 안남로 612,37.53729608,126.712354
인천교육청,계양구 ,인천부평초등학교,인천 계양구 어사대로 20,37.54236155,126.7236974
인천교육청,서구,인천서곶초등학교,인천 서구 대평로56번길 9,37.5483286,126.6699142
인천교육청,서구,인천석남초등학교,인천 서구 서달로130번길 4,37.51043249,126.6803466
인천교육청,서구,인천백석초등학교,인천 서구 청마로 55,37.58980442,126.6716967
인천교육청,서구,인천가정초등학교,인천 서구 장고개로 336-1,37.49167373,126.6884821
인천교육청,서구,인천신현초등학교,인천 서구 율도로77번길 1,37.51450571,126.670113
인천교육청,계양구 ,인천효성초등학교,인천 계양구 안남로 601,37.53681252,126.7106202
인천교육청,계양구 ,인천작전초등학교,인천 계양구 주부토로 456,37.53502122,126.7287932
인천교육청,서구,인천석남서초등학교,인천 서구 건지로249번길 6,37.50002654,126.6707286
인천교육청,계양구 ,인천효성동초등학교,인천 계양구 새벌로171번길 4,37.53326241,126.71649
인천교육청,서구,인천신현북초등학교,인천 서구 원창로 147,37.51882372,126.6664109
인천교육청,계양구,인천효성서초등학교,인천 계양구 봉오대로 457,37.52851162,126.6987281
인천교육청,서구,인천가좌초등학교,인천 서구 장고개로309번길 5,37.49041819,126.6839056
인천교육청,서구,인천신석초등학교,인천 서구 새오개로 9,37.51123537,126.6644585
인천교육청,계양구,인천계산초등학교,인천 계양구 경명대로 1005,37.54483503,126.7180847
인천교육청,계양구,인천화전초등학교,인천 계양구 효서로303번길 8,37.52887063,126.7309921
인천교육청,서구,인천봉수초등학교,인천 서구 봉오대로267번길 11-4,37.5264586,126.6786944
인천교육청,계양구,인천계양초등학교,인천 계양구 장제로 1288,37.57859303,126.7334081
인천교육청,계양구 ,인천계양초등학교상야분교장,인천 계양구 벌말로 572-1,37.57926732,126.7804405
인천교육청,계양구 ,인천소양초등학교,인천 계양구 박촌로 53,37.55603052,126.7424111
인천교육청,서구,인천천마초등학교,인천 서구 서달로 58-5,37.50490833,126.6793025
인천교육청,서구,인천건지초등학교,인천 서구 건지로318번길 39,37.49535764,126.6779547
인천교육청,계양구 ,인천안남초등학교,인천 계양구 경명대로1114번길 26,37.54112614,126.7318443
인천교육청,계양구 ,인천작동초등학교,인천 계양구 까치말로 35,37.52908312,126.7357158
인천교육청,서구,인천가석초등학교,인천 서구 서달로 174,37.51477326,126.6795883
인천교육청,서구,인천검단초등학교,인천 서구 마전로115번길 24,37.61085658,126.6696517
인천교육청,서구,인천단봉초등학교,인천 서구 단봉로 122,37.59836351,126.6383083
인천교육청,서구,인천창신초등학교,인천 서구 고산후로161번길 6,37.59902934,126.6982538
인천교육청,계양구 ,인천병방초등학교,인천 계양구 병방로 2,37.54702788,126.7408171
인천교육청,계양구,인천부현초등학교,인천 계양구 장제로755번길 30,37.53629596,126.7314769
인천교육청,계양구 ,인천부현동초등학교,인천 계양구 용종로 5,37.5347052,126.7405249
인천교육청,서구,인천심곡초등학교,인천 서구 심곡로 114,37.5437536,126.6824946
인천교육청,계양구 ,인천길주초등학교,인천 계양구 용종로 90,37.54190745,126.7428444
인천교육청,계양구,인천신대초등학교,인천 계양구 계산새로 133,37.53902655,126.7434846
인천교육청,계양구,인천효성남초등학교,인천 계양구 새벌로 125,37.52856549,126.7161095
인천교육청,서구,인천불로초등학교,인천 서구 검단로744번1길 50,37.6138726,126.6893821
인천교육청,서구,인천금곡초등학교,인천 서구 완정로228번길 19,37.60564893,126.650889
인천교육청,서구,인천당하초등학교,인천 서구 청마로 144,37.59019308,126.6780357
인천교육청,서구,인천가현초등학교,인천 서구 염곡로 417,37.52223848,126.6683233
인천교육청,계양구 ,인천서운초등학교,인천 계양구 서운로 12,37.52695141,126.7447556
인천교육청,계양구 ,인천안산초등학교,인천 계양구 임학서로 15,37.54451481,126.7322486
인천교육청,서구,인천양지초등학교,인천 서구 승학로197번길 11,37.54013665,126.6711724
인천교육청,서구,인천마전초등학교,인천 서구 완정로34번길 23,37.59774748,126.6703891
인천교육청,계양구 ,인천명현초등학교,인천 계양구 봉오대로569번길 10,37.53188331,126.7125264
인천교육청,서구,인천목향초등학교,인천 서구 고산후로 377,37.61636225,126.6946499
인천교육청,계양구 ,인천성지초등학교,인천 계양구 아나지로247번길 8,37.52661066,126.7200267
인천교육청,서구,인천간재울초등학교,인천 서구 승학로 433,37.56061462,126.6725266
인천교육청,서구,인천검암초등학교,인천 서구 승학로599번길 45,37.56793581,126.6783262
인천교육청,서구,인천발산초등학교,인천 서구 고산후로78번길 6,37.59002091,126.6988246
인천교육청,서구,인천봉화초등학교,인천 서구 건지로250번길 43,37.49565731,126.670309
인천교육청,서구,인천은지초등학교,인천 서구 승학로572번길 22,37.56490111,126.6849494
인천교육청,서구,인천가림초등학교,인천 서구 장고개로293번길 29,37.49045019,126.6810605
인천교육청,계양구 ,인천귤현초등학교,인천 계양구 귤현길 15,37.56867229,126.7469587
인천교육청,서구,인천왕길초등학교,인천 서구 봉수대로1440번길 20,37.60176063,126.6510113
인천교육청,계양구 ,인천해서초등학교,인천 계양구 계산로 42-1,37.54008041,126.7176817
인천교육청,서구,인천경서초등학교,인천 서구 경서로31번길 31,37.55668223,126.6509817
인천교육청,서구,인천원당초등학교,인천 서구 원당대로820번길 16,37.59259248,126.6912097
인천교육청,계양구,인천당산초등학교,인천 계양구 동양로 122,37.55873749,126.7596864
인천교육청,계양구 ,인천양촌초등학교,인천 계양구 장제로 954,37.55080502,126.7441945
인천교육청,서구,인천능내초등학교,인천 서구 검단로540번길 23,37.6027585,126.6658055
인천교육청,서구,인천완정초등학교,인천 서구 완정로 99,37.59833596,126.6643622
인천교육청,서구,인천청라초등학교,인천 서구 청라에메랄드로 139,37.53774995,126.6556954
인천교육청,서구,인천초은초등학교,인천 서구 청라에메랄드로 33,37.52846317,126.6559327
인천교육청,서구,인천공촌초등학교,인천 서구 심곡로188번길 21,37.54894024,126.6840252
인천교육청,서구,인천경명초등학교,인천 서구 크리스탈로 130,37.53695058,126.6372712
인천교육청,서구,인천청일초등학교,인천 서구 크리스탈로 46,37.52916441,126.6373508
인천교육청,서구,인천해원초등학교,인천 서구 청라사파이어로140번길 5,37.52756903,126.6261744
인천교육청,서구,인천청람초등학교,인천 서구 청라커낼로 336,37.53860197,126.6452367
인천교육청,서구,인천도담초등학교,인천 서구 청라커낼로 217,37.52783463,126.6438962
인천교육청,서구,인천가원초등학교,인천 서구 청중로478번길 6,37.52915075,126.6641124
인천교육청,서구,인천경연초중학교,인천 서구 차오름로 64,37.53839701,126.6261135
인천교육청,서구,인천청호초중학교,인천 서구 청라한울로 44,37.53850424,126.6415146
인천교육청,서구,인천한별초등학교,인천 서구 서로3로 201,37.59760912,126.7067273
인천교육청,서구,인천해든초등학교,인천 서구 서로3로 60,37.58544353,126.7076412
인천교육청,서구,인천이음초등학교,인천 서구 이음1로 447,37.59865977,126.7126286
인천교육청,서구,인천아람초등학교,인천 서구 이음1로 289,37.58712327,126.71663
인천교육청,강화군,강화초등학교,인천 강화군 강화읍 북문길 36,37.75042003,126.486184
인천교육청,강화군,합일초등학교,인천 강화군 강화읍 합일길 3,37.7440894,126.483187
인천교육청,강화군,갑룡초등학교,인천 강화군 강화읍 갑룡길 88,37.74369931,126.5033104
인천교육청,강화군,대월초등학교,인천 강화군 강화읍 대월로 216,37.76091168,126.4905418
인천교육청,강화군,선원초등학교,인천 강화군 선원면 강화동로 924,37.71463538,126.4799575
인천교육청,강화군,불은초등학교,인천 강화군 불은면 불은남로544번길 9,37.68340655,126.4870592
인천교육청,강화군,삼성초등학교,인천 강화군 불은면 중앙로 609,37.70772204,126.4495412
인천교육청,강화군,길상초등학교,인천 강화군 길상면 삼랑성길 22,37.63798699,126.4904443
인천교육청,강화군,화도초등학교,인천 강화군 화도면 마니산로 717,37.63211266,126.4187276
인천교육청,강화군,양도초등학교,인천 강화군 양도면 강화남로 1036,37.68885703,126.4197226
인천교육청,강화군,조산초등학교,인천 강화군 양도면 강화남로 510,37.65302337,126.4375072
인천교육청,강화군,내가초등학교,인천 강화군 내가면 강화서로 264,37.72121066,126.3908014
인천교육청,강화군,하점초등학교,인천 강화군 하점면 강화대로 1190,37.77369856,126.4139025
인천교육청,강화군,명신초등학교,인천 강화군 하점면 강화서로560번길 22,37.74438853,126.3904208
인천교육청,강화군,양사초등학교,인천 강화군 양사면 덕하로 145,37.80402376,126.4217659
인천교육청,강화군,송해초등학교,인천 강화군 송해면 전망대로 93-12,37.76973534,126.4601183
인천교육청,강화군,교동초등학교,인천 강화군 교동면 대룡안길 29,37.78368101,126.2817198
인천교육청,강화군,삼산초등학교,인천 강화군 삼산면 삼산북로 451,37.70381264,126.3217355
인천교육청,강화군,해명초등학교,인천 강화군 삼산면 삼산남로 345,37.66832414,126.3621728
인천교육청,강화군,서도초등학교,인천 강화군 서도면 주문도길 173,37.64779383,126.2519018
경기도교육청,고양시,가람초등학교,경기 고양시 덕양구 행신로311번길 78,37.62373725,126.8422598
경기도교육청,고양시,가좌초등학교,경기 고양시 일산서구 가좌2로 31,37.68842613,126.7215578
경기도교육청,고양시,강선초등학교,경기 고양시 일산서구 강선로 77,37.67123746,126.7646469
경기도교육청,고양시,고봉초등학교,경기 고양시 일산동구 중산로 280,37.696211,126.7826294
경기도교육청,고양시,고양관산초등학교,경기 고양시 덕양구 통일로726번길 130,37.6920219,126.8665012
경기도교육청,고양시,고양동산초등학교,경기 고양시 덕양구 동세로 32,37.6462622,126.8864307
경기도교육청,고양시,고양백석초등학교,경기 고양시 일산동구 강촌로 140,37.65211807,126.7890936
경기도교육청,고양시,고양신일초등학교,경기 고양시 일산서구 강선로 183,37.67955035,126.7708317
경기도교육청,고양시,고양오금초등학교,경기 고양시 덕양구 오금1로 10,37.66180602,126.89528
경기도교육청,고양시,고양용현초등학교,경기 고양시 덕양구 화신로 21,37.61514717,126.8382141
경기도교육청,고양시,고양초등학교,경기 고양시 덕양구 혜음로13번길 22-7,37.70325932,126.8996748
경기도교육청,고양시,고양한내초등학교,경기 고양시 일산서구 고양대로255번길 27,37.66859131,126.7353262
경기도교육청,고양시,고양화수초등학교,경기 고양시 덕양구 화수로 25,37.64537659,126.8327323
경기도교육청,고양시,고양화정초등학교,경기 고양시 덕양구 화신로 333,37.63400032,126.8261914
경기도교육청,고양시,금계초등학교,경기 고양시 일산동구 강촌로 90,37.64958311,126.784337
경기도교육청,고양시,낙민초등학교,경기 고양시 일산동구 강석로 134,37.65389637,126.7800863
경기도교육청,고양시,내유초등학교,경기 고양시 덕양구 통일로 1132,37.71565321,126.851878
경기도교육청,고양시,냉천초등학교,경기 고양시 일산동구 산두로 99,37.66676911,126.7857063
경기도교육청,고양시,능곡초등학교,경기 고양시 덕양구 토당로67번길 66,37.62452443,126.8159415
경기도교육청,고양시,다솜초등학교,경기 고양시 일산동구 숲속마을로 139,37.6725943,126.7965985
경기도교육청,고양시,대곡초등학교,경기 고양시 덕양구 대주로 138-50,37.64115887,126.8127959
경기도교육청,고양시,대화초등학교,경기 고양시 일산서구 송포로 50,37.67158313,126.7323866
경기도교육청,고양시,덕은초등학교,경기 고양시 덕양구 중앙로176번길 18-4,37.60316928,126.8718377
경기도교육청,고양시,덕은한강초등학교,경기 고양시 덕양구 대덕산로 55,37.58159302,126.8636056
경기도교육청,고양시,덕이초등학교,경기 고양시 일산서구 덕이로 104,37.69281622,126.7482518
경기도교육청,고양시,도래울초등학교,경기 고양시 덕양구 도래울3로 5,37.63166517,126.8705109
경기도교육청,고양시,모당초등학교,경기 고양시 일산동구 하늘마을로 144,37.67978471,126.7808442
경기도교육청,고양시,목암초등학교,경기 고양시 덕양구 푸른마을로 63,37.71399957,126.9047957
경기도교육청,고양시,무원초등학교,경기 고양시 덕양구 무원로 47,37.61771128,126.8317024
경기도교육청,고양시,문촌초등학교,경기 고양시 일산서구 주엽로 168,37.67340583,126.7604778
경기도교육청,고양시,문화초등학교,경기 고양시 일산서구 강선로 123,37.67479948,126.7671476
경기도교육청,고양시,백마초등학교,경기 고양시 일산동구 일산로 230,37.65787674,126.7908951
경기도교육청,고양시,백송초등학교,경기 고양시 일산서구 하이파크3로 110,37.70183709,126.7535236
경기도교육청,고양시,백신초등학교,경기 고양시 일산동구 강촌로26번길 66,37.64426859,126.7811118
경기도교육청,고양시,백양초등학교,경기 고양시 덕양구 화신로 238,37.63223058,126.8361242
경기도교육청,고양시,벽제초등학교,경기 고양시 일산동구 공릉천로 13,37.69577035,126.8433795
경기도교육청,고양시,삼송초등학교,경기 고양시 덕양구 세솔로 150,37.65414723,126.8823753
경기도교육청,고양시,상탄초등학교,경기 고양시 일산서구 현중로 47,37.69514974,126.7666486
경기도교육청,고양시,서정초등학교,경기 고양시 덕양구 소원로 251,37.61433924,126.8485952
경기도교육청,고양시,성라초등학교,경기 고양시 덕양구 호국로716번길 13-19 ,37.65280959,126.8339395
경기도교육청,고양시,성사초등학교,경기 고양시 덕양구 호국로834번길 89,37.65771009,126.8438788
경기도교육청,고양시,성석초등학교,경기 고양시 일산동구 문봉길 110,37.7074196,126.8122846
경기도교육청,고양시,성신초등학교,경기 고양시 덕양구 성신로 104,37.62660683,126.8402102
경기도교육청,고양시,성저초등학교,경기 고양시 일산서구 성저로 92,37.68484146,126.7571669
경기도교육청,고양시,소만초등학교,경기 고양시 덕양구 화신로 48,37.61758884,126.8395317
경기도교육청,고양시,송포초등학교,경기 고양시 일산서구 송산로 379,37.68583121,126.7207489
경기도교육청,고양시,신능초등학교,경기 고양시 덕양구 충장로123번길 37,37.62418316,126.8311396
경기도교육청,고양시,신원초등학교,경기 고양시 덕양구 신원3로 21,37.6679284,126.8858037
경기도교육청,고양시,신촌초등학교,경기 고양시 일산서구 후곡로 52,37.68165926,126.7661059
경기도교육청,고양시,아람초등학교,경기 고양시 덕양구 서정마을로 36,37.61944452,126.8502341
경기도교육청,고양시,안곡초등학교,경기 고양시 일산동구 중산로 142,37.68488575,126.7816591
경기도교육청,고양시,양일초등학교,경기 고양시 일산동구 위시티로 151,37.68579035,126.8131373
경기도교육청,고양시,오마초등학교,경기 고양시 일산서구 주엽로 214,37.67709386,126.7628691
경기도교육청,고양시,용두초등학교,경기 고양시 덕양구 용두로121번길 20,37.62159601,126.8932827
경기도교육청,고양시,용정초등학교,경기 고양시 덕양구 은빛로17번길 53,37.64053934,126.829675
경기도교육청,고양시,원당초등학교,경기 고양시 덕양구 마상로107번길 13,37.66237583,126.8349518
경기도교육청,고양시,원중초등학교,경기 고양시 일산동구 위시티3로 67,37.67522613,126.8146873
경기도교육청,고양시,원흥초등학교,경기 고양시 덕양구 원흥1로 26,37.6510763,126.8688582
경기도교육청,고양시,율동초등학교,경기 고양시 일산동구 산두로 223,37.6754852,126.778889
경기도교육청,고양시,일산은행초등학교,경기 고양시 일산동구 은행마을로 70,37.66934569,126.8064276
경기도교육청,고양시,일산초등학교,경기 고양시 일산서구 일중로15번길 38,37.68285291,126.7720108
경기도교육청,고양시,장성초등학교,경기 고양시 일산서구 일산로 738,37.67801089,126.749712
경기도교육청,고양시,장촌초등학교,경기 고양시 일산서구 호수로856번길 43,37.67283409,126.7489631
경기도교육청,고양시,저동초등학교,경기 고양시 일산동구 대산로11번길 37,37.66801925,126.7739014
경기도교육청,고양시,정발초등학교,경기 고양시 일산동구 강송로 190,37.65576278,126.7837571
경기도교육청,고양시,주엽초등학교,경기 고양시 일산서구 강선로 29,37.66736055,126.7615082
경기도교육청,고양시,중산초등학교,경기 고양시 일산동구 탄중로 373,37.69045755,126.7837062
경기도교육청,고양시,지도초등학교,경기 고양시 덕양구 성신로 49,37.62827743,126.8338083
경기도교육청,고양시,지축초등학교,경기 고양시 덕양구 오부자로 50,37.65287578,126.915909
경기도교육청,고양시,창릉초등학교,경기 고양시 덕양구 덕수천2로 118,37.64814166,126.8931994
경기도교육청,고양시,토당초등학교,경기 고양시 덕양구 행신로 90,37.61727812,126.8262575
경기도교육청,고양시,풍동초등학교,경기 고양시 일산동구 숲속마을로 14-43,37.66941476,126.8024377
경기도교육청,고양시,풍산초등학교,경기 고양시 일산동구 숲속마을로 51,37.66677401,126.7966189
경기도교육청,고양시,하늘초등학교,경기 고양시 일산동구 하늘마을1로 46,37.67747716,126.7901781
경기도교육청,고양시,한류초등학교,경기 고양시 일산동구 한류월드로 262,37.6621344,126.7568623
경기도교육청,고양시,한뫼초등학교,경기 고양시 일산서구 고양대로 629,37.68642826,126.766626
경기도교육청,고양시,한산초등학교,경기 고양시 일산서구 하이파크1로 56,37.69558038,126.7533539
경기도교육청,고양시,한수초등학교,경기 고양시 일산서구 주엽로 118,37.66936373,126.7576752
경기도교육청,고양시,행남초등학교,경기 고양시 덕양구 소만로 22,37.61520361,126.8426403
경기도교육청,고양시,행신초등학교,경기 고양시 덕양구 중앙로 527,37.62197062,126.8364594
경기도교육청,고양시,행주초등학교,경기 고양시 덕양구 행주로17번길 70,37.60333042,126.8247634
경기도교육청,고양시,향동숲내초등학교,경기 고양시 덕양구 향기로 53,37.59526176,126.8911486
경기도교육청,고양시,향동초등학교,경기 고양시 덕양구 향동1로 37,37.60349369,126.8954716
경기도교육청,고양시,현산초등학교,경기 고양시 일산서구 산현로 87,37.69261065,126.7711736
경기도교육청,고양시,호곡초등학교,경기 고양시 일산서구 탄현로 109,37.70122273,126.7668608
경기도교육청,고양시,호수초등학교,경기 고양시 일산동구 강촌로 27,37.64707027,126.7780169
경기도교육청,고양시,화중초등학교,경기 고양시 덕양구 화중로152번길 43,37.64092314,126.8360236
경기도교육청,고양시,황룡초등학교,경기 고양시 일산서구 탄현로 75,37.698504,126.7679851
경기도교육청,고양시,흥도초등학교,경기 고양시 덕양구 도래울1로 83,37.62812314,126.8719263
경기도교육청,광명시,가림초등학교,경기 광명시 금당로 11-7,37.45854816,126.8789796
경기도교육청,광명시,광명광덕초등학교,경기 광명시 오리로841번길 9,37.47326708,126.8656477
경기도교육청,광명시,광명광성초등학교,경기 광명시 철산로 59,37.47855842,126.8727111
경기도교육청,광명시,광명남초등학교,경기 광명시 광명로 866-9,37.47594649,126.8540911
경기도교육청,광명시,광명동초등학교,경기 광명시 연서일로 25,37.48397208,126.8633898
경기도교육청,광명시,광명북초등학교,경기 광명시 시청로138번길 8,37.48702265,126.8679297
경기도교육청,광명시,광명서초등학교,경기 광명시 너부대로 5,37.47845229,126.8470428
경기도교육청,광명시,광명초등학교,경기 광명시 광이로 21,37.48062099,126.8578379
경기도교육청,광명시,광문초등학교,경기 광명시 덕단이로 29,37.46693595,126.8515607
경기도교육청,광명시,광일초등학교,경기 광명시 목감로 34-6,37.47166215,126.8469345
경기도교육청,광명시,구름산초등학교,경기 광명시 한내일로 5,37.45325615,126.8840084
경기도교육청,광명시,도덕초등학교,경기 광명시 가마산로 28,37.48426863,126.8706979
경기도교육청,광명시,빛가온초등학교,경기 광명시 양달로10번길 8,37.41311938,126.8813498
경기도교육청,광명시,서면초등학교,경기 광명시 오리로 402,37.43873803,126.8803087
경기도교육청,광명시,소하초등학교,경기 광명시 소하일로 45,37.44930853,126.887449
경기도교육청,광명시,안서초등학교,경기 광명시 가학로 247-55,37.40271235,126.8706258
경기도교육청,광명시,안현초등학교,경기 광명시 도덕공원로 5,37.47071415,126.8677142
경기도교육청,광명시,연서초등학교,경기 광명시 안현로 80-2,37.46641852,126.8816798
경기도교육청,광명시,온신초등학교,경기 광명시 범안로 657,37.44292653,126.8465094
경기도교육청,광명시,철산초등학교,경기 광명시 하안로 392,37.46980988,126.8746386
경기도교육청,광명시,충현초등학교,경기 광명시 성채안로 16,37.43326935,126.8862742
경기도교육청,광명시,하안남초등학교,경기 광명시 금당로 71,37.46219093,126.8852854
경기도교육청,광명시,하안북초등학교,경기 광명시 가림로 18,37.46469974,126.8691807
경기도교육청,광명시,하안초등학교,경기 광명시 안현로 16,37.46299934,126.8739786
경기도교육청,광명시,하일초등학교,경기 광명시 철망산로 68,37.46905496,126.8764757
경기도교육청,하남시,감일초등학교,경기 하남시 감일백제로 45,37.50019025,127.1622793
경기도교육청,하남시,나룰초등학교,경기 하남시 덕풍북로 260,37.54839162,127.2094233
경기도교육청,하남시,단샘초등학교,경기도 하남시 감일순환로 195,37.50718889,127.1589067
경기도교육청,하남시,덕풍초등학교,경기 하남시 덕풍공원로 20,37.54129078,127.197441
경기도교육청,하남시,동부초등학교,경기 하남시 역말로 55,37.53752348,127.2023597
경기도교육청,하남시,망월초등학교,경기 하남시 미사강변북로24번길 10,37.57075153,127.1805687
경기도교육청,하남시,미사강변초등학교,경기 하남시 미사강변북로55번길 70,37.57587174,127.1858813
경기도교육청,하남시,미사중앙초등학교,경기 하남시 미사강변한강로334번길 46,37.55915319,127.198964
경기도교육청,하남시,미사초등학교,경기 하남시 미사강변한강로 200,37.5716153,127.1927192
경기도교육청,하남시,산곡초등학교,경기 하남시 하남대로302번길 45,37.50393619,127.2343972
경기도교육청,하남시,서부초등학교,경기 하남시 서하남로 161,37.51573634,127.1620914
경기도교육청,하남시,신우초등학교,경기 하남시 감일순환로 145,37.51104164,127.1611198
경기도교육청,하남시,신장초등학교,경기 하남시 신평로 100,37.54266382,127.2079815
경기도교육청,하남시,신평초등학교,경기 하남시 신장동로 67,37.54403512,127.2150372
경기도교육청,하남시,위례숲초등학교,경기 하남시 위례대로6길 65,37.48524074,127.1580348
경기도교육청,하남시,위례초등학교,경기 하남시 위례순환로 333,37.47724376,127.1496626
경기도교육청,하남시,윤슬초등학교,경기 하남시 미사강변서로 151,37.56355505,127.1824778
경기도교육청,하남시,창우초등학교,경기 하남시 대청로 99,37.54066347,127.2238261
경기도교육청,하남시,청아초등학교,경기 하남시 미사강변중앙로132번길 45,37.55877918,127.1941507
경기도교육청,하남시,하남천현초등학교,경기 하남시 천현로 45,37.53809739,127.2161064
경기도교육청,하남시,하남초등학교,경기 하남시 천현로 109,37.53742669,127.2221283
경기도교육청,하남시,하남풍산초등학교,경기 하남시 덕풍북로 100,37.55459442,127.2014632
경기도교육청,하남시,한홀초등학교,경기 하남시 미사강변서로 68,37.55650821,127.185471
경기도교육청,남양주시,가곡초등학교,경기 남양주시 화도읍 비룡로379번길 3,37.68403187,127.3058042
경기도교육청,남양주시,가양초등학교,경기 남양주시 수동면 비룡로1243번길 7,37.73301476,127.2934769
경기도교육청,남양주시,가운초등학교,경기 남양주시 가운로2길 54,37.60054465,127.1559065
경기도교육청,구리시,갈매초등학교,경기 구리시 갈매중앙로 40,37.6284491,127.1160707
경기도교육청,구리시,건원초등학교,경기 구리시 동구릉로80번길 15,37.60732255,127.1356792
경기도교육청,남양주시,광릉초등학교,경기 남양주시 진접읍 광릉내로82번길 29,37.74593334,127.2076141
경기도교육청,구리시,교문초등학교,경기 구리시 안골로19번길 16,37.5982042,127.1336017
경기도교육청,남양주시,구룡초등학교,경기 남양주시 늘을3로 120,37.65806177,127.2526644
경기도교육청,구리시,구리초등학교,경기 구리시 경춘로276번길 51,37.60119321,127.1476094
경기도교육청,구리시,구지초등학교,경기 구리시 건원대로76번길 40,37.60729045,127.1422805
경기도교육청,남양주시,금교초등학교,경기 남양주시 미금로 194,37.6142464,127.1616254
경기도교육청,남양주시,금남초등학교,경기 남양주시 화도읍 북한강로 1506,37.64436511,127.3625355
경기도교육청,남양주시,남양주금곡초등학교,경기 남양주시 금곡로 65-6,37.63570215,127.2109143
경기도교육청,남양주시,남양주다산초등학교,경기 남양주시 다산중앙로146번길 55,37.62661999,127.1587227
경기도교육청,남양주시,남양주덕송초등학교,경기 남양주시 별내3로 356,37.66913744,127.1161148
경기도교육청,남양주시,남양주도곡초등학교,경기 남양주시 와부읍 덕소로 179,37.5797886,127.2178797
경기도교육청,남양주시,남양주동곡초등학교,경기 남양주시 홍유릉로248번길 56,37.62889579,127.2039213
경기도교육청,남양주시,남양주미금초등학교,경기 남양주시 미금로56번길 32-13,37.60864513,127.1540842
경기도교육청,남양주시,남양주백봉초등학교,경기 남양주시 의안로 158,37.64383107,127.2417795
경기도교육청,남양주시,남양주샛별초등학교,경기 남양주시 송산로307번길 50,37.66605316,127.1293222
경기도교육청,남양주시,남양주송라초등학교,경기 남양주시 화도읍 마석로45번길 33,37.6546094,127.3016718
경기도교육청,남양주시,남양주송촌초등학교,경기 남양주시 조안면 북한강로499번길 30,37.56761384,127.3181318
경기도교육청,남양주시,남양주신촌초등학교,경기 남양주시 평내로 122,37.64542059,127.2399218
경기도교육청,남양주시,남양주양정초등학교,경기 남양주시 경춘로 468-33,37.60902523,127.1661262
경기도교육청,남양주시,남양주양지초등학교,경기 남양주시 오남읍 진건오남로808번길 20-37,37.69912813,127.206463
경기도교육청,남양주시,남양주월문초등학교,경기 남양주시 와부읍 수레로 519,37.60946731,127.2621311
경기도교육청,남양주시,남양주월산초등학교,경기 남양주시 화도읍 경춘로2290번길 50,37.65386659,127.3402346
경기도교육청,구리시,내양초등학교,경기 구리시 동구릉로 485,37.64060525,127.1393211
경기도교육청,남양주시,다산가람초등학교,경기 남양주시 다산중앙로81번길 51,37.61952765,127.1495826
경기도교육청,남양주시,다산별빛초등학교,경기 남양주시 다산중앙로82번안길 40,37.61721047,127.1655845
경기도교육청,남양주시,다산새봄초등학교,경기 남양주시 다산순환로 417 ,37.61721047,127.1655845
경기도교육청,남양주시,다산하늘초등학교,경기 남양주시 다산순환로 199,37.62771421,127.146554
경기도교육청,남양주시,다산한강초등학교,경기 남양주시 다산지금로146번길 11,37.59941605,127.1724949
경기도교육청,남양주시,답내초등학교,경기 남양주시 화도읍 경춘로2347번길 44-7,37.66239531,127.3470147
경기도교육청,남양주시,덕소초등학교,경기 남양주시 와부읍 수레로 17,37.58808365,127.214643
경기도교육청,남양주시,도농초등학교,경기 남양주시 도농로 72,37.61247161,127.1575125
경기도교육청,구리시,도림초등학교,경기 구리시 아차산로 431,37.5932852,127.1300069
경기도교육청,남양주시,도심초등학교,경기 남양주시 와부읍 석실로 45,37.58024192,127.2278345
경기도교육청,남양주시,도제원초등학교,경기 남양주시 퇴계원읍 경춘북로558번길 10-1,37.64594574,127.1457354
경기도교육청,구리시,동구초등학교,경기 구리시 건원대로76번길 45,37.60921221,127.1415684
경기도교육청,구리시,동인초등학교,경기 구리시 동구릉로103번길 37,37.61091862,127.1339019
경기도교육청,남양주시,마석초등학교,경기 남양주시 화도읍 수레로 1234-52,37.64948358,127.3048829
경기도교육청,구리시,백문초등학교,경기 구리시 장자대로13번길 12,37.58859685,127.1328746
경기도교육청,남양주시,별가람초등학교,경기 남양주시 별내3로 173,37.65419272,127.1242247
경기도교육청,남양주시,별내초등학교,경기 남양주시 별내면 청학로92번길 38,37.71139094,127.1184273
경기도교육청,구리시,부양초등학교,경기 구리시 장자대로 89-2,37.59044988,127.1416597
경기도교육청,남양주시,부평초등학교,경기 남양주시 진접읍 부평로48번길 27,37.73757596,127.2013828
경기도교육청,남양주시,사능초등학교,경기 남양주시 진건읍 사릉로372번길 2,37.65539538,127.1842843
경기도교육청,구리시,산마루초등학교,경기 구리시 갈매순환로 133,37.63169552,127.1203943
경기도교육청,남양주시,수동초등학교,경기 남양주시 수동면 비룡로 832,37.71192292,127.3231662
경기도교육청,남양주시,수동초등학교 송천분교장,경기 남양주시 수동면 비룡로586번길 98,37.69513045,127.3342141
경기도교육청,구리시,수택초등학교,경기 구리시 검배로136번길 41,37.59198238,127.1525778
경기도교육청,남양주시,양오초등학교,경기 남양주시 오남읍 양지로 261-35,37.69750175,127.1921443
경기도교육청,남양주시,어람초등학교,경기 남양주시 오남읍 진건오남로550번길 25,37.68239424,127.2130916
경기도교육청,남양주시,예봉초등학교,경기 남양주시 와부읍 수레로 108,37.59213696,127.2211223
경기도교육청,남양주시,오남초등학교,경기 남양주시 오남읍 진건오남로 696,37.69526828,127.2145797
경기도교육청,남양주시,와부초등학교,경기 남양주시 와부읍 월문천로 63,37.58638947,127.2187413
경기도교육청,남양주시,용신초등학교,경기 남양주시 진건읍 사릉로 474,37.66099078,127.1733819
경기도교육청,남양주시,은솔초등학교,경기 남양주시 화도읍 경춘보학2길 9,37.65030853,127.2950968
경기도교육청,구리시,인창초등학교,경기 구리시 동구릉로 37-13,37.60502417,127.1316626
경기도교육청,남양주시,장내초등학교,경기 남양주시 평내로 64,37.6412718,127.2348778
경기도교육청,남양주시,장승초등학교,경기 남양주시 진접읍 금강로1576번길 12,37.73049655,127.1952504
경기도교육청,구리시,장자초등학교,경기 구리시 장자대로 40,37.58697955,127.1352675
경기도교육청,남양주시,장현초등학교,경기 남양주시 진접읍 장현천로 37,37.71948324,127.1822131
경기도교육청,남양주시,조안초등학교,경기 남양주시 조안면 북한강로229번길 20,37.54658418,127.3004212
경기도교육청,남양주시,주곡초등학교,경기 남양주시 진접읍 해밀예당1로 277,37.72461887,127.2062161
경기도교육청,남양주시,진건초등학교,경기 남양주시 진건읍 사릉로 408-9,37.65797317,127.1789597
경기도교육청,남양주시,진접초등학교,경기 남양주시 진접읍 해밀예당2로 102,37.71704753,127.199694
경기도교육청,남양주시,차산초등학교,경기 남양주시 화도읍 수레로 1105-23,37.63630172,127.3015751
경기도교육청,남양주시,창현초등학교,경기 남양주시 화도읍 녹촌로 12,37.64589819,127.3018814
경기도교육청,남양주시,천마초등학교,경기 남양주시 화도읍 경춘로 1707,37.65603214,127.2800732
경기도교육청,구리시,토평초등학교,경기 구리시 벌말로129번길 17-1,37.58781693,127.1463014
경기도교육청,남양주시,퇴계원초등학교,경기 남양주시 퇴계원읍 퇴계원로59번길 16,37.65369224,127.1414171
경기도교육청,남양주시,판곡초등학교,경기 남양주시 늘을3로 15,37.65998384,127.2417865
경기도교육청,남양주시,평내초등학교,경기 남양주시 경춘로 1292-11,37.64906754,127.2378089
경기도교육청,남양주시,평동초등학교,경기 남양주시 호평로68번길 16,37.65445845,127.2477124
경기도교육청,남양주시,풍양초등학교,경기 남양주시 진접읍 내각1로 31-1,37.70218215,127.1616166
경기도교육청,남양주시,하랑초등학교,경기 남양주시 백봉로 92,37.64995713,127.2550792
경기도교육청,남양주시,한별초등학교,경기 남양주시 별내4로 40,37.6465842,127.1159811
경기도교육청,남양주시,해밀초등학교,경기 남양주시 진접읍 해밀예당3로 103,37.71894702,127.1963327
경기도교육청,남양주시,호평초등학교,경기 남양주시 천마산로 63,37.66759914,127.2468981
경기도교육청,남양주시,화도초등학교,경기 남양주시 화도읍 비룡로116번길 24-42,37.66311262,127.3080304
경기도교육청,남양주시,화봉초등학교,경기 남양주시 진접읍 해밀예당2로 21,37.71601547,127.1918246
경기도교육청,남양주시,화접초등학교,경기 남양주시 별내중앙로 148,37.6533956,127.1160189
경기도교육청,남양주시,심석초등학교,경기 남양주시 화도읍 마석로76번길 10,37.65730263,127.3068672
경기도교육청,김포시,김포구래초등학교,경기 김포시 김포한강9로12번길 77,37.63988803,126.6284516
경기도교육청,김포시,가현초등학교,경기 김포시 김포한강2로 83,37.63800264,126.6739864
경기도교육청,김포시,감정초등학교,경기 김포시 중봉로 11,37.62351824,126.6954905
경기도교육청,김포시,개곡초등학교,경기 김포시 월곶면 애기봉로 445,37.73203048,126.5934943
경기도교육청,김포시,걸포초등학교,경기 김포시 걸포로 22,37.63346574,126.7074985
경기도교육청,김포시,고창초등학교,경기 김포시 김포한강1로98번길 35,37.64627136,126.6731616
경기도교육청,김포시,고촌초등학교,경기 김포시 고촌읍 신곡로29번길 30,37.6063188,126.7733227
경기도교육청,김포시,금란초등학교,경기 김포시 고촌읍 장곡로 42,37.60770881,126.7512977
경기도교육청,김포시,금성초등학교,경기 김포시 하성면 하성로795번길 26,37.74485844,126.6324682
경기도교육청,김포시,금파초등학교,경기 김포시 김포대로926번길 74,37.62409778,126.7169247
경기도교육청,김포시,김포금빛초등학교,경기 김포시 태장로 821,37.63531624,126.679366
경기도교육청,김포시,김포나진초등학교,경기 김포시 걸포2로 58,37.63570581,126.7025444
경기도교육청,김포시,김포대명초등학교,경기 김포시 대곶면 대곶로20번길 17,37.64839857,126.5535747
경기도교육청,김포시,김포서초등학교,경기 김포시 봉화로 188,37.62907356,126.7017846
경기도교육청,김포시,김포신풍초등학교,경기 김포시 풍무로208번길 14,37.61301009,126.7267932
경기도교육청,김포시,김포초등학교,경기 김포시 북변중로65번길 4-24,37.62535352,126.7086823
경기도교육청,김포시,김포한가람초등학교,경기 김포시 김포한강9로115번길 57,37.64781912,126.6218558
경기도교육청,김포시,김포호수초등학교,경기 김포시 김포한강4로420번길 87,37.65000717,126.6334257
경기도교육청,김포시,나비초등학교,경기 김포시 김포한강10로134번길 70,37.64058452,126.6258943
경기도교육청,김포시,대곶초등학교,경기 김포시 대곶면 율생중앙로36번길 19,37.65206455,126.584371
경기도교육청,김포시,마송중앙초등학교,경기 김포시 통진읍 마송1로 140,37.68922789,126.5936691
경기도교육청,김포시,마송초등학교,경기 김포시 통진읍 흥신로 315,37.68460791,126.6064823
경기도교육청,김포시,보름초등학교,경기 김포시 고촌읍 태리로 267,37.59472488,126.7628244
경기도교육청,김포시,사우초등학교,경기 김포시 사우로 20,37.62054666,126.7240063
경기도교육청,김포시,서암초등학교,경기 김포시 통진읍 서암로184번길 9,37.70001023,126.6051989
경기도교육청,김포시,석정초등학교,경기 김포시 대곶면 대곶로331번길 10,37.67364573,126.5540628
경기도교육청,김포시,솔터초등학교,경기 김포시 김포한강7로22번길 61,37.64130683,126.6344292
경기도교육청,김포시,수남초등학교,경기 김포시 대곶면 수남로21번길 24,37.62891986,126.5883833
경기도교육청,김포시,신곡초등학교,경기 김포시 고촌읍 수기로 67-30,37.59675127,126.7664285
경기도교육청,김포시,신양초등학교,경기 김포시 양촌읍 양곡3로 47,37.65584735,126.634018
경기도교육청,김포시,양곡초등학교,경기 김포시 양촌읍 양곡로 548,37.655824,126.6220419
경기도교육청,김포시,양도초등학교,경기 김포시 풍무로93번길 31,37.60308068,126.7204063
경기도교육청,김포시,옹정초등학교,경기 김포시 통진읍 옹정로185번길 26,37.69410923,126.5638726
경기도교육청,김포시,운양초등학교,경기 김포시 전원로38번길 99,37.64632401,126.6899948
경기도교육청,김포시,운유초등학교,경기 김포시 김포한강2로 239,37.64675465,126.6605276
경기도교육청,김포시,월곶초등학교,경기 김포시 월곶면 군하로276번길 28,37.7177104,126.5521792
경기도교육청,김포시,유현초등학교,경기 김포시 유현로33번길 50,37.59924522,126.7261913
경기도교육청,김포시,은여울초등학교,경기 김포시 김포한강8로 173-38,37.63815773,126.640531
경기도교육청,김포시,장기초등학교,경기 김포시 김포한강2로 173,37.64249165,126.6644582
경기도교육청,김포시,청수초등학교,경기 김포시 김포한강11로 256,37.65387664,126.6787763
경기도교육청,김포시,통진초등학교,경기 김포시 통진읍 조강로 116,37.69386193,126.5945554
경기도교육청,김포시,푸른솔초등학교,경기 김포시 김포한강2로 306,37.65167734,126.6654821
경기도교육청,김포시,풍무초등학교,경기 김포시 풍무로96번길 71,37.60501226,126.7265008
경기도교육청,김포시,하늘빛초등학교,경기 김포시 김포한강11로 374,37.65391689,126.6897774
경기도교육청,김포시,하성초등학교,경기 김포시 하성면 애기봉로 857,37.72068049,126.6325877
경기도교육청,김포시,학운초등학교,경기 김포시 양촌읍 황금로70번길 13,37.62078121,126.6248428
경기도교육청,김포시,향산초등학교,경기 김포시 고촌읍 상미1로 26,37.61959954,126.7493586
경기도교육청,부천시,계남초등학교,경기 부천시 원미구 조마루로 255,37.49895373,126.7720961
경기도교육청,부천시,고강초등학교,경기 부천시 오정구 역곡로482번길 57,37.52722664,126.8197557
경기도교육청,부천시,고리울초등학교,경기 부천시 오정구 고리울로 93,37.52694176,126.82687
경기도교육청,부천시,까치울초등학교,경기 부천시 오정구 역곡로324번길 14,37.5138292,126.8142319
경기도교육청,부천시,도당초등학교,경기 부천시 원미구 삼작로268번길 21,37.51956553,126.7918722
경기도교육청,부천시,도원초등학교,경기 부천시 소사구 마니로 13,37.47708432,126.7729347
경기도교육청,부천시,동곡초등학교,경기 부천시 원미구 안곡로 248,37.49058387,126.8169174
경기도교육청,부천시,동산초등학교,경기 부천시 오정구 오정로251번길 50,37.53139244,126.7850353
경기도교육청,부천시,범박초등학교,경기 부천시 소사구 범박로 1,37.46998465,126.8109582
경기도교육청,부천시,복사초등학교,경기 부천시 소사구 은성로 210,37.46731465,126.8079728
경기도교육청,부천시,부광초등학교,경기 부천시 원미구 석천로209번길 40,37.5070287,126.7621323
경기도교육청,부천시,부명초등학교,경기 부천시 원미구 조마루로 200,37.49786632,126.7652464
경기도교육청,부천시,부원초등학교,경기 부천시 소사구 호현로447번길 14,37.47818333,126.7913878
경기도교육청,부천시,부인초등학교,경기 부천시 원미구 신상로 16,37.4897918,126.7487402
경기도교육청,부천시,부일초등학교,경기 부천시 원미구 원미로182번길 31,37.49873951,126.7948251
경기도교육청,부천시,부천남초등학교,경기 부천시 소사구 성주로270번길 16-1,37.48123767,126.7823525
경기도교육청,부천시,부천대명초등학교,경기 부천시 오정구 성오로 160,37.52804857,126.7976387
경기도교육청,부천시,부천덕산초등학교,경기 부천시 오정구 오정로252번길 91,37.52988517,126.7906104
경기도교육청,부천시,부천동초등학교,경기 부천시 원미구 지봉로51번길 22,37.48803375,126.8043806
경기도교육청,부천시,부천부곡초등학교,경기 부천시 원미구 부흥로272번길 31,37.49390327,126.7733327
경기도교육청,부천시,부천부안초등학교,경기 부천시 소사구 경인로484번길 75,37.48016408,126.8119863
경기도교육청,부천시,부천부흥초등학교,경기 부천시 원미구 계남로 154,37.50757391,126.7662429
경기도교육청,부천시,부천북초등학교,경기 부천시 원미구 원미로131번길 35,37.49414551,126.7893261
경기도교육청,부천시,부천삼정초등학교,경기 부천시 오정구 중동로 436,37.51877687,126.7707915
경기도교육청,부천시,부천서초등학교,경기 부천시 원미구 부일로330번길 30,37.48741575,126.7657992
경기도교육청,부천시,부천송일초등학교,경기 부천시 소사구 경인로60번길 19,37.48300848,126.762412
경기도교육청,부천시,부천수주초등학교,경기 부천시 오정구 고강로 99,37.53128294,126.8150881
경기도교육청,부천시,부천신흥초등학교,경기 부천시 원미구 길주로391번길 71,37.5064917,126.7846724
경기도교육청,부천시,부천양지초등학교,경기 부천시 소사구 안곡로 130,37.48042209,126.8156171
경기도교육청,부천시,부천여월초등학교,경기 부천시 오정구 성곡로63번길 23,37.51812869,126.7966746
경기도교육청,부천시,부천역곡초등학교,경기 부천시 원미구 역곡로65번길 12,37.49081066,126.8076808
경기도교육청,부천시,부천원일초등학교,경기 부천시 오정구 소사로819번길 46,37.53046453,126.8026554
경기도교육청,부천시,부천일신초등학교,경기 부천시 소사구 범안로96번길 26,37.47363275,126.8070013
경기도교육청,부천시,부천중앙초등학교,경기 부천시 원미구 옥산로 30,37.49647925,126.7824395
경기도교육청,부천시,부천중원초등학교,경기 부천시 원미구 석천로 273,37.51208133,126.763831
경기도교육청,부천시,부천초등학교,경기 부천시 원미구 평천로 670,37.51425371,126.7652177
경기도교육청,부천시,상도초등학교,경기 부천시 원미구 장말로 149,37.49447351,126.7591642
경기도교육청,부천시,상동초등학교,경기 부천시 원미구 부흥로 70,37.49688035,126.7501775
경기도교육청,부천시,상미초등학교,경기 부천시 원미구 상이로 64,37.49477608,126.7445033
경기도교육청,부천시,상원초등학교,경기 부천시 원미구 부흥로 93,37.49842646,126.7536057
경기도교육청,부천시,상인초등학교,경기 부천시 원미구 도약로 61,37.51297467,126.7565078
경기도교육청,부천시,상일초등학교,경기 부천시 원미구 조마루로 57,37.5016675,126.750234
경기도교육청,부천시,상지초등학교,경기 부천시 원미구 장말로 189,37.49394095,126.7631418
경기도교육청,부천시,석천초등학교,경기 부천시 원미구 계남로 29,37.51044277,126.7521366
경기도교육청,부천시,성곡초등학교,경기 부천시 오정구 여월로 75,37.51289256,126.8055294
경기도교육청,부천시,성주초등학교,경기 부천시 소사구 성주로 118,37.47916877,126.768968
경기도교육청,부천시,소사초등학교,경기 부천시 소사구 은성로 58,37.47397197,126.796523
경기도교육청,부천시,소안초등학교,경기 부천시 소사구 소사동로72번길 29,37.47243159,126.8041963
경기도교육청,부천시,소일초등학교,경기 부천시 소사구 소사로102번길 78,37.46922849,126.8025633
경기도교육청,부천시,솔안초등학교,경기 부천시 소사구 경인로1185번길 27,37.48585712,126.7508746
경기도교육청,부천시,송내초등학교,경기 부천시 원미구 석천로 27,37.49058825,126.7591043
경기도교육청,부천시,신도초등학교,경기 부천시 원미구 부흥로 137,37.4978603,126.7586829
경기도교육청,부천시,심곡초등학교,경기 부천시 원미구 장말로 309,37.49219728,126.7764362
경기도교육청,부천시,심원초등학교,경기 부천시 원미구 옥산로 66,37.49976106,126.7816519
경기도교육청,부천시,약대초등학교,경기 부천시 원미구 수도로66번길 14,37.51405271,126.7730139
경기도교육청,부천시,오정초등학교,경기 부천시 오정구 소사로794번길 48,37.5271749,126.8075242
경기도교육청,부천시,옥길버들초등학교,경기 부천시 소사구 양지로 234-25,37.46420865,126.8258573
경기도교육청,부천시,옥길산들초등학교,경기 부천시 소사구 옥길로 31,37.4625836,126.8165788
경기도교육청,부천시,옥산초등학교,경기 부천시 원미구 길주로 327,37.50316307,126.7796154
경기도교육청,부천시,원미초등학교,경기 부천시 원미구 부흥로 423,37.48924088,126.7875578
경기도교육청,부천시,원종초등학교,경기 부천시 오정구 삼작로410번길 38,37.51833237,126.8063569
경기도교육청,부천시,중동초등학교,경기 부천시 원미구 심중로75번길 37,37.49004689,126.7695631
경기도교육청,부천시,중흥초등학교,경기 부천시 원미구 계남로 214,37.50667565,126.7731991
경기도교육청,부천시,창영초등학교,경기 부천시 소사구 은성로 109-26,37.47516458,126.8048811
경기도교육청,중원구,검단초등학교,경기 성남시 중원구 원터로 25,37.42966414,127.1437322
경기도교육청,분당구,구미초등학교,경기 성남시 분당구 미금로22번길 25,37.33774193,127.1183618
경기도교육청,수정구,금빛초등학교,경기 성남시 수정구 남문로 112,37.44742963,127.1405895
경기도교육청,중원구,금상초등학교,경기 성남시 중원구 금상로 97,37.44354043,127.1659314
경기도교육청,분당구,낙생초등학교,경기 성남시 분당구 서판교로74번길 11,37.39428652,127.0989724
경기도교육청,분당구,내정초등학교,경기 성남시 분당구 내정로174번길 19,37.37311998,127.1218179
경기도교육청,분당구,늘푸른초등학교,경기 성남시 분당구 정자일로 87,37.35819056,127.105246
경기도교육청,중원구,단남초등학교,경기 성남시 중원구 금광로12번길 5,37.44237722,127.1613793
경기도교육청,수정구,단대초등학교,경기 성남시 수정구 단대로 30,37.45361772,127.157771
경기도교육청,분당구,당촌초등학교,경기 성남시 분당구 분당로 196,37.37381645,127.1311084
경기도교육청,중원구,대일초등학교,경기 성남시 중원구 금상로58번길 22,37.43839638,127.1641121
경기도교육청,중원구,대하초등학교,경기 성남시 중원구 시민로 14,37.43166606,127.1517773
경기도교육청,중원구,도촌초등학교,경기 성남시 중원구 도촌남로 99,37.41456279,127.1580889
경기도교육청,분당구,돌마초등학교,경기 성남시 분당구 야탑로 96-7,37.40928536,127.1301355
경기도교육청,분당구,백현초등학교,경기 성남시 분당구 백현로144번길 26,37.3721936,127.1109556
경기도교육청,분당구,보평초등학교,경기 성남시 분당구 동판교로 154,37.39571438,127.1179244
경기도교육청,수정구,복정초등학교,경기 성남시 수정구 성남대로1480번길 25,37.46231253,127.1295718
경기도교육청,분당구,분당초등학교,경기 성남시 분당구 중앙공원로32번길 20,37.37884595,127.1294868
경기도교육청,분당구,불곡초등학교,경기 성남시 분당구 무지개로 129,37.34100262,127.1194006
경기도교육청,분당구,불정초등학교,경기 성남시 분당구 돌마로 250,37.36196732,127.1198221
경기도교육청,분당구,산운초등학교,경기 성남시 분당구 판교원로117번길 11,37.38981449,127.0789609
경기도교육청,중원구,상대원초등학교,경기 성남시 중원구 순환로214번길 16,37.44242184,127.1815459
경기도교육청,중원구,상원초등학교,경기 성남시 중원구 은행로 6,37.4538376,127.1630608
경기도교육청,분당구,상탑초등학교,경기 성남시 분당구 판교로 647,37.40641994,127.145731
경기도교육청,분당구,서당초등학교,경기 성남시 분당구 돌마로476번길 30,37.3748146,127.1344791
경기도교육청,분당구,서현초등학교,경기 성남시 분당구 중앙공원로39번길 12,37.38272117,127.1287346
경기도교육청,중원구,성남동초등학교,경기 성남시 중원구 자혜로32번길 10,37.44925084,127.1621919
경기도교육청,분당구,성남매송초등학교,경기 성남시 분당구 탄천로 97,37.40200921,127.1229443
경기도교육청,분당구,성남미금초등학교,경기 성남시 분당구 미금로 151,37.34741844,127.1152711
경기도교육청,수정구,성남북초등학교,경기 성남시 수정구 희망로534번길 3,37.45155015,127.151379
경기도교육청,수정구,성남서초등학교,경기 성남시 수정구 태평로 19,37.44866065,127.1293358
경기도교육청,분당구,성남송현초등학교,경기 성남시 분당구 동판교로 258,37.40544328,127.1164351
경기도교육청,수정구,성남수정초등학교,경기 성남시 수정구 제일로123번길 9,37.43652647,127.1319815
경기도교육청,분당구,성남신기초등학교,경기 성남시 분당구 황새울로 74,37.36704373,127.1105326
경기도교육청,수정구,성남신흥초등학교,경기 성남시 수정구 공원로436번길 17,37.45061311,127.1434219
경기도교육청,수정구,성남양지초등학교,경기 성남시 수정구 논골로36번길 33,37.45985803,127.1618396
경기도교육청,중원구,성남여수초등학교,경기 성남시 중원구 여수울로 37,37.41966463,127.1329788
경기도교육청,중원구,성남은행초등학교,경기 성남시 중원구 순환로447번길 11,37.46121892,127.170555
경기도교육청,분당구,성남장안초등학교,경기 성남시 분당구 장안로51번길 10,37.37243151,127.1443161
경기도교육청,분당구,성남정자초등학교,경기 성남시 분당구 분당수서로 442,37.37445864,127.1051875
경기도교육청,중원구,성남제일초등학교,경기 성남시 중원구 광명로184번길 23,37.43849493,127.1495944
경기도교육청,중원구,성남중앙초등학교,경기 성남시 중원구 원터로94번길 7,37.43633265,127.1436557
경기도교육청,수정구,성남초등학교,경기 성남시 수정구 수정로 233,37.446207,127.1442848
경기도교육청,분당구,성남화랑초등학교,경기 성남시 분당구 동판교로 77,37.38991368,127.1160181
경기도교육청,수정구,성수초등학교,경기 성남시 수정구 모란로 11,37.43483423,127.1271696
경기도교육청,분당구,수내초등학교,경기 성남시 분당구 백현로243번길 12,37.3677902,127.124618
경기도교육청,수정구,수진초등학교,경기 성남시 수정구 탄리로95번길 16,37.44455529,127.1328952
경기도교육청,분당구,신백현초등학교,경기 성남시 분당구 판교역로14번길 42,37.38721993,127.1119692
경기도교육청,분당구,안말초등학교,경기 성남시 분당구 양현로 104,37.39331294,127.1260018
경기도교육청,분당구,야탑초등학교,경기 성남시 분당구 양현로 400,37.41653423,127.1258057
경기도교육청,분당구,양영초등학교,경기 성남시 분당구 불정로406번길 17,37.37470772,127.1396272
경기도교육청,분당구,오리초등학교,경기 성남시 분당구 미금로 121,37.34436205,127.1153747
경기도교육청,수정구,왕남초등학교,경기 성남시 수정구 왕남로 24,37.42853682,127.0980673
경기도교육청,분당구,운중초등학교,경기 성남시 분당구 운중로45번길 8,37.39230764,127.0688226
경기도교육청,수정구,위례고운초등학교,경기 성남시 수정구 위례순환로 155,37.47143708,127.1457939
경기도교육청,수정구,위례중앙초등학교,경기 성남시 수정구 위례순환로 71,37.47196148,127.1359643
경기도교육청,수정구,위례푸른초등학교,경기 성남시 수정구 위례순환로 205,37.47087908,127.1510336
경기도교육청,수정구,위례한빛초등학교,경기 성남시 수정구 위례동로 55,37.46583113,127.147144
경기도교육청,분당구,이매초등학교,경기 성남시 분당구 양현로 146,37.39703585,127.1260984
경기도교육청,중원구,중부초등학교,경기 성남시 중원구 자혜로 45,37.45163664,127.1648552
경기도교육청,중원구,중원초등학교,경기 성남시 중원구 사기막골로31번길 46,37.43857205,127.1673396
경기도교육청,분당구,중탑초등학교,경기 성남시 분당구 벌말로 68,37.41401758,127.1395555
경기도교육청,분당구,청솔초등학교,경기 성남시 분당구 금곡로 243,37.35417397,127.1138005
경기도교육청,분당구,초림초등학교,경기 성남시 분당구 수내로90번길 26,37.37686882,127.1176871
경기도교육청,분당구,탄천초등학교,경기 성남시 분당구 내정로 20,37.36190301,127.1156364
경기도교육청,수정구,태평초등학교,경기 성남시 수정구 남문로32번길 7,37.44495728,127.1311556
경기도교육청,분당구,판교대장초등학교,경기 성남시 분당구 판교대장로5길 71,37.36844792,127.0698462
경기도교육청,분당구,판교초등학교,경기 성남시 분당구 판교원로 231,37.38702665,127.0915643
경기도교육청,중원구,하원초등학교,경기 성남시 중원구 광명로 396,37.44637128,127.1698342
경기도교육청,분당구,하탑초등학교,경기 성남시 분당구 양현로 262,37.40741544,127.1262558
경기도교육청,분당구,한솔초등학교,경기 성남시 분당구 돌마로 303,37.36700429,127.1177936
경기도교육청,수정구,희망대초등학교,경기 성남시 수정구 공원로370번길 29,37.44749549,127.1486179
경기도교육청,안양시,관양초등학교,경기 안양시 동안구 관평로336번길 23,37.40669407,126.9602148
경기도교육청,안양시,귀인초등학교,경기 안양시 동안구 귀인로 248,37.3867869,126.9660113
경기도교육청,안양시,나눔초등학교,경기 안양시 동안구 흥안대로414번길 22,37.3905303,126.9755314
경기도교육청,안양시,달안초등학교,경기 안양시 동안구 동안로 178,37.39462376,126.950107
경기도교육청,안양시,덕천초등학교,경기 안양시 만안구 전파로 27,37.39184186,126.9360698
경기도교육청,안양시,동안초등학교,경기 안양시 동안구 관평로138번길 36,37.38952569,126.9649124
경기도교육청,안양시,만안초등학교,경기 안양시 만안구 안양로384번길 13,37.40673966,126.9163588
경기도교육청,안양시,명학초등학교,경기 안양시 만안구 명학로 55,37.37998344,126.9343411
경기도교육청,안양시,민백초등학교,경기 안양시 동안구 부림로 22,37.38653575,126.970221
경기도교육청,안양시,박달초등학교,경기 안양시 만안구 삼봉로 38,37.40081862,126.9028261
경기도교육청,안양시,벌말초등학교,경기 안양시 동안구 학의로408번길 25,37.39381818,126.9806664
경기도교육청,안양시,범계초등학교,경기 안양시 동안구 동안로 90,37.38752158,126.9537478
경기도교육청,안양시,부림초등학교,경기 안양시 동안구 달안로 161,37.40032559,126.9600239
경기도교육청,안양시,비산초등학교,경기 안양시 동안구 운곡로 52,37.40527095,126.9436891
경기도교육청,안양시,삼봉초등학교,경기 안양시 만안구 박달로437번길 21,37.40295631,126.8990826
경기도교육청,안양시,삼성초등학교,경기 안양시 만안구 경수대로 1240,37.41962102,126.9119387
경기도교육청,안양시,샘모루초등학교,경기 안양시 동안구 관악대로 155,37.39988864,126.9407838
경기도교육청,안양시,석수초등학교,경기 안양시 만안구 석수로 110,37.40611127,126.900732
경기도교육청,안양시,신안초등학교,경기 안양시 만안구 능곡로 52,37.38956871,126.9148331
경기도교육청,안양시,안양관악초등학교,경기 안양시 동안구 일동로 201,37.40660999,126.96818
경기도교육청,안양시,안양남초등학교,경기 안양시 동안구 흥안대로 275,37.37988936,126.9685119
경기도교육청,안양시,안양덕현초등학교,경기 안양시 동안구 갈산로 34,37.37553019,126.9623312
경기도교육청,안양시,안양동초등학교,경기 안양시 동안구 임곡로80번길 34,37.40730318,126.9356907
경기도교육청,안양시,안양부안초등학교,경기 안양시 동안구 달안로 113,37.39837729,126.954229
경기도교육청,안양시,안양부흥초등학교,경기 안양시 동안구 달안로 37,37.39476635,126.9464931
경기도교육청,안양시,안양서초등학교,경기 안양시 만안구 양화로37번길 32,37.39691824,126.9110256
경기도교육청,안양시,안양신기초등학교,경기 안양시 동안구 동안로 26,37.38164809,126.9568903
경기도교육청,안양시,안양양지초등학교,경기 안양시 만안구 병목안로130번길 69,37.39224957,126.9046259
경기도교육청,안양시,안양중앙초등학교,경기 안양시 동안구 경수대로883번길 11,37.39557314,126.9380317
경기도교육청,안양시,안양초등학교,경기 안양시 만안구 현충로28번길 54,37.39432721,126.9272817
경기도교육청,안양시,안양호암초등학교,경기 안양시 만안구 예술공원로103번길 73,37.42086407,126.9164154
경기도교육청,안양시,안일초등학교,경기 안양시 만안구 안양천서로 339,37.40402634,126.9224563
경기도교육청,안양시,연현초등학교,경기 안양시 만안구 연현로1번길 55,37.42526843,126.9025369
경기도교육청,안양시,인덕원초등학교,경기 안양시 동안구 관양로 311,37.39728514,126.9795859
경기도교육청,안양시,평촌초등학교,경기 안양시 동안구 평촌대로180번길 56,37.38831695,126.9605632
경기도교육청,안양시,해오름초등학교,경기 안양시 동안구 동편로 117,37.41074414,126.9692039
경기도교육청,안양시,호계초등학교,경기 안양시 동안구 경수대로707번길 27,37.38428366,126.9501952
경기도교육청,안양시,호성초등학교,경기 안양시 동안구 호성로 43-2,37.36612367,126.9629365
경기도교육청,안양시,호원초등학교,경기 안양시 동안구 경수대로623번길 72,37.37502236,126.9532045
경기도교육청,안양시,화창초등학교,경기 안양시 만안구 양화로217번길 30,37.41226568,126.9034348
경기도교육청,안양시,희성초등학교,경기 안양시 동안구 학의로 86,37.39843271,126.9487673
경기도교육청,용인시,갈곡초등학교,경기 용인시 기흥구 강남동로 61,37.27125477,127.1333837
경기도교육청,용인시,고기초등학교,경기 용인시 수지구 고기로 385,37.3588921,127.0658979
경기도교육청,용인시,고림초등학교,경기 용인시 처인구 한터로152번길 22,37.24755871,127.2271852
경기도교육청,용인시,공세초등학교,경기 용인시 기흥구 탑실로 86-10,37.23911964,127.1166341
경기도교육청,용인시,관곡초등학교,경기 용인시 기흥구 관곡로 61,37.283223,127.1138064
경기도교육청,용인시,교동초등학교,경기 용인시 기흥구 마북로 124-10,37.29988354,127.1224666
경기도교육청,용인시,구갈초등학교,경기 용인시 기흥구 구갈로 36,37.27795192,127.1119109
경기도교육청,용인시,구성초등학교,경기 용인시 기흥구 구성로 51,37.29575727,127.1148087
경기도교육청,용인시,기흥초등학교,경기 용인시 기흥구 공세로82번길 5,37.23265674,127.1097141
경기도교육청,용인시,나곡초등학교,경기 용인시 기흥구 사은로126번길 26,37.25394486,127.119014
경기도교육청,용인시,나산초등학교,경기 용인시 기흥구 한보라1로43번길 8,37.25042577,127.1092664
경기도교육청,용인시,남곡초등학교,경기 용인시 처인구 남사읍 한숲로 110,37.15779121,127.1748536
경기도교육청,용인시,남사초등학교,경기 용인시 처인구 남사읍 처인성로185번길 9-10,37.11366454,127.1483545
경기도교육청,용인시,남촌초등학교,경기 용인시 처인구 남사읍 천덕산로 330,37.10168619,127.1375541
경기도교육청,용인시,능원초등학교,경기 용인시 처인구 모현읍 충렬로8번길 29,37.34331048,127.1736916
경기도교육청,용인시,대지초등학교,경기 용인시 수지구 대지로51번길 6,37.32998822,127.1159711
경기도교육청,용인시,대청초등학교,경기 용인시 수지구 죽전로 276,37.33418791,127.129049
경기도교육청,용인시,대현초등학교,경기 용인시 수지구 용구대로2771번길 16,37.33364085,127.1065523
경기도교육청,용인시,독정초등학교,경기 용인시 기흥구 보정로 100,37.31886919,127.1162654
경기도교육청,용인시,동막초등학교,경기 용인시 기흥구 동백8로 39,37.28632273,127.1549356
경기도교육청,용인시,동백초등학교,경기 용인시 기흥구 동백평촌로 69,37.28048951,127.1562317
경기도교육청,용인시,동천초등학교,경기 용인시 수지구 고기로 71,37.34463012,127.0934043
경기도교육청,용인시,두창초등학교,경기 용인시 처인구 원삼면 복분로 29,37.15834692,127.3428646
경기도교육청,용인시,둔전제일초등학교,경기 용인시 처인구 포곡읍 포곡로141번길 28,37.27403925,127.2191422
경기도교육청,용인시,마북초등학교,경기 용인시 기흥구 연원로 31,37.30262415,127.109969
경기도교육청,용인시,마성초등학교,경기 용인시 기흥구 용구대로2360번길 29,37.29731233,127.1130697
경기도교육청,용인시,매봉초등학교,경기 용인시 수지구 수지로 75-1,37.31006629,127.0732643
경기도교육청,용인시,모현초등학교,경기 용인시 처인구 모현읍 문현로 179,37.34351304,127.2284039
경기도교육청,용인시,백봉초등학교,경기 용인시 처인구 백암면 죽양대로748번길 12,37.13800244,127.3999471
경기도교육청,용인시,백암초등학교,경기 용인시 처인구 백암면 백원로 501,37.16414078,127.3674887
경기도교육청,용인시,백암초등학교 수정분교장,경기 용인시 처인구 백암면 청강가창로105번길 55-12,37.18623366,127.3607395
경기도교육청,용인시,보라초등학교,경기 용인시 기흥구 금화로105번길 33,37.26396846,127.1072748
경기도교육청,용인시,보정초등학교,경기 용인시 기흥구 신촌로73번길 28,37.30905666,127.1109192
경기도교육청,용인시,산양초등학교,경기 용인시 기흥구 산양로 2,37.28383161,127.1085693
경기도교육청,용인시,삼가초등학교,경기 용인시 처인구 중부대로1158번길 45,37.23666463,127.1705932
경기도교육청,용인시,상갈초등학교,경기 용인시 기흥구 금화로58번길 17,37.26428958,127.1108061
경기도교육청,용인시,상하초등학교,경기 용인시 기흥구 중부대로788번길 27,37.25705683,127.1405911
경기도교육청,용인시,상현초등학교,경기 용인시 수지구 만현로67번길 23,37.30911412,127.0899311
경기도교육청,용인시,새빛초등학교,경기 용인시 수지구 광교마을로 63,37.29905606,127.0725588
경기도교육청,용인시,샘말초등학교,경기 용인시 기흥구 흥덕중앙로105번길 9,37.27689051,127.0782339
경기도교육청,용인시,서농초등학교,경기 용인시 기흥구 서천동로21번길 5,37.23912684,127.0769552
경기도교육청,용인시,서룡초등학교,경기 용인시 처인구 중부대로1281번길 11,37.2378555,127.1869155
경기도교육청,용인시,서원초등학교,경기 용인시 수지구 상현로 45,37.30367639,127.0785008
경기도교육청,용인시,서천초등학교,경기 용인시 기흥구 서그내로62번길 6,37.24322441,127.071829
경기도교육청,용인시,석성초등학교,경기 용인시 기흥구 동백2로 53,37.270216,127.1581564
경기도교육청,용인시,석현초등학교,경기 용인시 기흥구 흥덕3로 42,37.27254154,127.0830111
경기도교육청,용인시,성복초등학교,경기 용인시 수지구 성복2로78번길 52,37.3193762,127.0782328
경기도교육청,용인시,성서초등학교,경기 용인시 수지구 성복2로 210,37.32052218,127.065051
경기도교육청,용인시,성지초등학교,경기 용인시 기흥구 강남서로 38,37.27510963,127.1283031
경기도교육청,용인시,소현초등학교,경기 용인시 수지구 만현로133번길 78,37.3019183,127.0924581
경기도교육청,용인시,손곡초등학교,경기 용인시 수지구 손곡로 68,37.33677553,127.0949202
경기도교육청,용인시,솔개초등학교,경기 용인시 수지구 상현로 79,37.30595207,127.081657
경기도교육청,용인시,송전초등학교,경기 용인시 처인구 이동읍 경기동로687번길 14,37.14083201,127.1985474
경기도교육청,용인시,수지초등학교,경기 용인시 수지구 정평로13번길 30,37.31690746,127.0858915
경기도교육청,용인시,신갈초등학교,경기 용인시 기흥구 신갈로 76,37.27380124,127.1065852
경기도교육청,용인시,신리초등학교,경기 용인시 수지구 신봉1로48번길 6,37.32238025,127.080894
경기도교육청,용인시,신월초등학교,경기 용인시 수지구 풍덕천로 86,37.32089002,127.09305
경기도교육청,용인시,신일초등학교,경기 용인시 수지구 신봉2로48번길 28,37.32934212,127.0774714
경기도교육청,용인시,양지초등학교,경기 용인시 처인구 양지읍 교동로 30,37.23709464,127.2844481
경기도교육청,용인시,어정초등학교,경기 용인시 기흥구 어정로 155,37.27696155,127.147407
경기도교육청,용인시,언남초등학교,경기 용인시 기흥구 기흥로116번길 87,37.28975428,127.1196331
경기도교육청,용인시,언동초등학교,경기 용인시 기흥구 언남로 55,37.29535774,127.1316037
경기도교육청,용인시,역북초등학교,경기 용인시 처인구 명지로 15-30,37.23456402,127.1925194
경기도교육청,용인시,왕산초등학교,경기 용인시 처인구 모현읍 백옥대로2366번길 7-8,37.33551414,127.2504539
경기도교육청,용인시,용마초등학교,경기 용인시 처인구 금학로 471-1,37.23712255,127.2147799
경기도교육청,용인시,용인대덕초등학교,경기 용인시 수지구 죽전로293번길 14,37.33681148,127.1259164
경기도교육청,용인시,용인대일초등학교,경기 용인시 수지구 푸른솔로 98,37.32789875,127.1186803
경기도교육청,용인시,용인둔전초등학교,경기 용인시 처인구 포곡읍 포곡로118번길 61,37.26877315,127.2251294
경기도교육청,용인시,용인백현초등학교,경기 용인시 기흥구 동백8로 108,37.28336506,127.1620112
경기도교육청,용인시,용인성산초등학교,경기 용인시 처인구 백옥대로1362번길 41,37.25863758,127.2158104
경기도교육청,용인시,용인신릉초등학교,경기 용인시 기흥구 새천년로 53,37.29014196,127.1148498
경기도교육청,용인시,용인신봉초등학교,경기 용인시 수지구 신봉2로 115,37.32975874,127.0681291
경기도교육청,용인시,용인신촌초등학교,경기 용인시 수지구 죽전로27번길 14-19,37.32319668,127.1136635
경기도교육청,용인시,용인심곡초등학교,경기 용인시 수지구 심곡로 59,37.30910038,127.0788674
경기도교육청,용인시,용인이동초등학교,경기 용인시 처인구 이동읍 백옥대로587번길 22,37.1909659,127.2032963
경기도교육청,용인시,용인초등학교,경기 용인시 처인구 금학로367번길 14,37.2385776,127.2052047
경기도교육청,용인시,용인한빛초등학교,경기 용인시 수지구 동천로153번길 23,37.33502568,127.0879941
경기도교육청,용인시,용인한얼초등학교,경기 용인시 기흥구 기흥역로58번길 57,37.27127049,127.1221542
경기도교육청,용인시,용인한일초등학교,경기 용인시 기흥구 한보라1로 145,37.24320148,127.1069794
경기도교육청,용인시,용천초등학교,경기 용인시 처인구 이동읍 백옥대로 612,37.19195947,127.208133
경기도교육청,용인시,운학초등학교,경기 용인시 처인구 동부로465번길 7,37.20302328,127.2462869
경기도교육청,용인시,원삼초등학교,경기 용인시 처인구 원삼면 하사로 1,37.16345453,127.3154573
경기도교육청,용인시,이현초등학교,경기 용인시 기흥구 이현로 83,37.3101283,127.0927615
경기도교육청,용인시,장평초등학교,경기 용인시 처인구 백암면 한택로 446,37.11904211,127.3775009
경기도교육청,용인시,정평초등학교,경기 용인시 수지구 정평로 64,37.32076021,127.0884287
경기도교육청,용인시,제일초등학교,경기 용인시 처인구 양지읍 중부대로2517번길 42-7,37.2426662,127.3132085
경기도교육청,용인시,좌항초등학교,경기 용인시 처인구 원삼면 원양로 603,37.20182971,127.3203705
경기도교육청,용인시,죽전초등학교,경기 용인시 수지구 용구대로2772번길 15,37.33377791,127.1103755
경기도교육청,용인시,중일초등학교,경기 용인시 기흥구 동백죽전대로527번길 36,37.28589411,127.143279
경기도교육청,용인시,지곡초등학교,경기 용인시 기흥구 사은로 274-45,37.25229223,127.138196
경기도교육청,용인시,지석초등학교,경기 용인시 기흥구 어정로 62-25,37.27015291,127.138771
경기도교육청,용인시,청곡초등학교,경기 용인시 기흥구 덕영대로2077번길 52,37.26733589,127.0931554
경기도교육청,용인시,청덕초등학교,경기 용인시 기흥구 구성1로 61,37.29433857,127.1491641
경기도교육청,용인시,용인초당초등학교,경기 용인시 기흥구 동백중앙로 78,37.26342833,127.1609313
경기도교육청,용인시,토월초등학교,경기 용인시 수지구 수지로296번길 3,37.32519453,127.0915479
경기도교육청,용인시,포곡초등학교,경기 용인시 처인구 포곡읍 부곡로 24,37.28248745,127.2191035
경기도교육청,용인시,풍덕초등학교,경기 용인시 수지구 수지로 367,37.3300752,127.0952458
경기도교육청,용인시,풍천초등학교,경기 용인시 수지구 진산로66번길 20,37.31639713,127.0957294
경기도교육청,용인시,한터초등학교,경기 용인시 처인구 양지읍 한터로571번길 4,37.26183448,127.2686549
경기도교육청,용인시,함박초등학교,경기 용인시 처인구 명지로40번길 46,37.23373381,127.183719
경기도교육청,용인시,현암초등학교,경기 용인시 수지구 대지로 146,37.32891976,127.1246711
경기도교육청,용인시,홍천초등학교,경기 용인시 수지구 신봉2로14번길 49,37.32661938,127.0799147
경기도교육청,용인시,효자초등학교,경기 용인시 수지구 성복1로 106-1,37.31737545,127.067247
경기도교육청,용인시,흥덕초등학교,경기 용인시 기흥구 흥덕1로62번길 26,37.2726275,127.0714105
